BRIAGE:: 'PROPERTY': MainObject to find = LEgros2
BRIAGE:: 'PROPERTY':  MainObject found = LEgros2
BRIAGE:: 'INFO':  CenterMainObject: exported model moved by X=-0.000000 Y=-0.000000 Z=-0.000000 (Blender axis)

BRIAGE:: 'WARNING':  Object 'LEgros2' processed as '1_1000_LEgros2' (to comply with LOD naming rule). The converted name is used for LOD processing and may be used if the object is head of group.
BRIAGE:: 'INFO':  object 'LEgros2' has been processed in a group
BRIAGE:: 'INFO':  object 'deform1' has been processed in a group

 ------------------ Groups list -----------------
 --- 1 groups ---

--- Group --- 1_1000_LEgros2 (1 item)
    LOD level 1 / LOD distance 1000 / keyword None
    Parent group: None
    Group objects:
                  LEgros2

BRIAGE:: 'PROPERTY':  UVArguments for material material2: 0.0 0.0 0.0 0.0 0.0 0.0
================================================================================
                           ___ ___ ___   _   ___ ___ 
                          | _ ) _ \_ _| /_\ / __| __|
                          | _ \   /| | / _ \ (_ | _| 
                          |___/_|_\___/_/ \_\___|___|
BRIAGE V2.2.014 - IGSE V2.1.504 - IAE V2.1.102 

================================================================================
================================================================================
IG file header information (0)
--------------------------------------------------------------------------------
MagicId                       : 'KIGF'
Version                       : 151
Descriptor                    : 'SHAPE'
CommentField                  : 'Blender 2.77.0 - IGSE V2.1.504'
DataStart                     : 0
ObjectCount                   : 1
ObjectListStartOffset         : 82112
MeshCount                     : 1
MeshListStartOffset           : 81956
BoneCount                     : 2
BoneListStartOffset           : 82372
MaterialCount                 : 1
MaterialListStartOffset       : 216
LightCount                    : 0
LightListStartOffset          : 0 NULL ==> None
AmbientColor -------------------.
  Red                           : 1.000000
  Green                         : 1.000000
  Blue                          : 1.000000
  Alpha                         : 1.000000
SplineCount                   : 0
SplineListStartOffset         : 0 NULL ==> None
GenericItemCount              : 0
GenericItemListStartOffset    : 0 NULL ==> None
ExtraData ----------------------. 
  DataBlockCount                : 1
  DataBlockStartOffset          : 0
  Pad0                          : ''
  Pad1                          : [ 0 ,  0 ]
ExtraDataBlockListStartOffset : 82876
================================================================================
Materials list (1 materials):
--------------------------------------------------------------------------------
         Name         |             Shader             |              First texture               / UVArguments
 material2            | SkinNormal.fx                  | Textures\sponge1_diff                    / [0.000000,0.000000,0.000000,0.000000,0.000000,0.000000]
================================================================================
IGfMaterials                  : [ 1 ]
--------------------------------------------------------------------------------
IGfMaterials [ 1 / 1 ] (216) : 'material2'
------------------------------.
Name                          : 'material2'
ShaderName                    : 'SkinNormal.fx'
RenderStageCount              : 2
RenderStage0 -------------------.
  TextureNameStartOffset        : 1
  Padding                       : ''
  UVChannelIndex                : 0
  FilterMode                    : 3
  UVOperation                   : 0
  UVWrapU                       : 0
  UVWrapV                       : 0
  MipLODBias                    : 0.000000
  AnimateUVs                    : 0
  NumFrames                     : 1
  FPS                           : 25
  ScrollUVs                     : 0
  ScrollU                       : 0.000000
  ScrollV                       : 0.000000
  UVArguments                   : [0.000000,0.000000,0.000000,0.000000,0.000000,0.000000]
RenderStage1 -------------------.
  TextureNameStartOffset        : 2
  Padding                       : ''
  UVChannelIndex                : 1
  FilterMode                    : 3
  UVOperation                   : 0
  UVWrapU                       : 0
  UVWrapV                       : 0
  MipLODBias                    : 0.000000
  AnimateUVs                    : 0
  NumFrames                     : 1
  FPS                           : 25
  ScrollUVs                     : 0
  ScrollU                       : 0.000000
  ScrollV                       : 0.000000
  UVArguments                   : [0.000000,0.000000,0.000000,0.000000,0.000000,0.000000]
NeverOccludeFlag              : 0
SortPriority                  : 0
ZBias                         : 0
AlphaTestMode                 : 0
AdditiveAlphaStrength         : 0
ZBufferMode                   : 1
BackfaceCull                  : 0
TwoSided                      : 0
ViewFacing                  : 0
VisibleDistanceMod            : 0
SurfaceTypeName               : ''
UseLightGlowFlag              : 0
UsePulseGlowFlag              : 0
LightGlowTypeName             : ''
PulseGlowConfig ----------------.
  TargColor ----------------------.
    Red                           : 0.780000
    Green                         : 0.780000
    Blue                          : 1.000000
    Alpha                         : 1.000000
  Mode                          : 0
  Phase                         : 0.000000
  Period                        : 5.000000
  Amplitude                     : 1.000000
  RptTimeMin                    : 1.000000
  RptTimeMax                    : 5.000000
  ExeTimeMin                    : 1.000000
  ExeTimeMax                    : 5.000000
  ActivationTime                : 0.000000
  SeqMode                       : ''
  VertexModify                  : 0
UnfoggableFlag                : 0
Force32BitFlag                : 0
AmbientColor -------------------.
    Red                           : 1.000000
    Green                         : 1.000000
    Blue                          : 1.000000
    Alpha                         : 1.000000
DiffuseColor -------------------.
    Red                           : 0.655555
    Green                         : 0.800000
    Blue                          : 0.280328
    Alpha                         : 1.000000
EmissiveColor -------------------.
    Red                           : 0.000000
    Green                         : 0.000000
    Blue                          : 0.000000
    Alpha                         : 1.000000
EmissiveStrength              :  0.000000
SpecularColor ------------------.
    Red                           : 1.000000
    Green                         : 1.000000
    Blue                          : 1.000000
    Alpha                         : 1.000000
SpecularPower                 : 7.867132
LightMapCastShadows           : 1
LightMapGenerateShadows       : 1
LightMapKeepVertexColours     : 0
LightMapTexelsPerMetre        : 4.000000
MaterialComment               : ''
ExtraData ----------------------. 
  DataBlockCount                : 0
  DataBlockStartOffset          : 0
  Pad0                          : ''
  Pad1                          : [ 0 ,  0 ]
================================================================================
IGfVerts                      : [ 212 ]
--------------------------------------------------------------------------------
IGfVerts [ 1 / 212 ] (2004)
------------------------------.
Point --------------------------.
  X                             : -1.746410
  Y                             : 5.197045
  Z                             : -3.000000
  Weight                        : 1.000000
Normal -------------------------.
  X                             : -0.036683
  Y                             : 0.711295
  Z                             : -0.701895
  Weight                        : 1.000000
ValidUVsCount                 : 2
UV00 ---------------------------.
  U                             : -0.6688811779022217
  V                             : 2.463979959487915
UV01 ---------------------------.
  U                             : -0.6688811779022217
  V                             : 2.463979959487915
UV02 ---------------------------.
  U                             : 0.0
  V                             : 0.0
UV03 ---------------------------.
  U                             : 0.0
  V                             : 0.0
UV04 ---------------------------.
  U                             : 0.0
  V                             : 0.0
UV05 ---------------------------.
  U                             : 0.0
  V                             : 0.0
UV06 ---------------------------.
  U                             : 0.0
  V                             : 0.0
UV07 ---------------------------.
  U                             : 0.0
  V                             : 0.0
Color --------------------------.
    Red                           : 0.000000
    Green                         : 0.000000
    Blue                          : 0.000000
    Alpha                         : 1.000000
MaterialStartOffset           : 216
BoneCount                     : 2
BoneBinding00 ------------------.
  BoneListStartOffset           : 82372
  Weight                        : 0.03630875910543254
BoneBinding01 ------------------.
  BoneListStartOffset           : 82624
  Weight                        : 0.9636912408945675
BoneBinding02 ------------------.
  BoneListStartOffset           :  0 NULL ==> None
  Weight                        : 0.0
BoneBinding03 ------------------.
  BoneListStartOffset           :  0 NULL ==> None
  Weight                        : 0.0
BoneBinding04 ------------------.
  BoneListStartOffset           :  0 NULL ==> None
  Weight                        : 0.0
BoneBinding05 ------------------.
  BoneListStartOffset           :  0 NULL ==> None
  Weight                        : 0.0
BoneBinding06 ------------------.
  BoneListStartOffset           :  0 NULL ==> None
  Weight                        : 0.0
BoneBinding07 ------------------.
  BoneListStartOffset           :  0 NULL ==> None
  Weight                        : 0.0
Reserved                      : 0
ExtraData ----------------------. 
  DataBlockCount                : 0
  DataBlockStartOffset          : 0
  Pad0                          : ''
  Pad1                          : [ 0 ,  0 ]
--------------------------------------------------------------------------------
IGfVerts [ 2 / 212 ] (2244)
------------------------------.
Point --------------------------.
  X                             : 0.990925
  Y                             : 5.230814
  Z                             : -3.000000
  Weight                        : 1.000000
Normal -------------------------.
  X                             : 0.013367
  Y                             : 0.710440
  Z                             : -0.703604
  Weight                        : 1.000000
ValidUVsCount                 : 2
UV00 ---------------------------.
  U                             : -0.4396926164627075
  V                             : 2.459603786468506
UV01 ---------------------------.
  U                             : -0.4396926164627075
  V                             : 2.459603786468506
UV02 ---------------------------.
  U                             : 0.0
  V                             : 0.0
UV03 ---------------------------.
  U                             : 0.0
  V                             : 0.0
UV04 ---------------------------.
  U                             : 0.0
  V                             : 0.0
UV05 ---------------------------.
  U                             : 0.0
  V                             : 0.0
UV06 ---------------------------.
  U                             : 0.0
  V                             : 0.0
UV07 ---------------------------.
  U                             : 0.0
  V                             : 0.0
Color --------------------------.
    Red                           : 0.000000
    Green                         : 0.000000
    Blue                          : 0.000000
    Alpha                         : 1.000000
MaterialStartOffset           : 216
BoneCount                     : 2
BoneBinding00 ------------------.
  BoneListStartOffset           : 82372
  Weight                        : 0.03898465685681465
BoneBinding01 ------------------.
  BoneListStartOffset           : 82624
  Weight                        : 0.9610153431431854
BoneBinding02 ------------------.
  BoneListStartOffset           :  0 NULL ==> None
  Weight                        : 0.0
BoneBinding03 ------------------.
  BoneListStartOffset           :  0 NULL ==> None
  Weight                        : 0.0
BoneBinding04 ------------------.
  BoneListStartOffset           :  0 NULL ==> None
  Weight                        : 0.0
BoneBinding05 ------------------.
  BoneListStartOffset           :  0 NULL ==> None
  Weight                        : 0.0
BoneBinding06 ------------------.
  BoneListStartOffset           :  0 NULL ==> None
  Weight                        : 0.0
BoneBinding07 ------------------.
  BoneListStartOffset           :  0 NULL ==> None
  Weight                        : 0.0
Reserved                      : 0
ExtraData ----------------------. 
  DataBlockCount                : 0
  DataBlockStartOffset          : 0
  Pad0                          : ''
  Pad1                          : [ 0 ,  0 ]
--------------------------------------------------------------------------------
IGfVerts [ 3 / 212 ] (2484)
------------------------------.
Point --------------------------.
  X                             : -0.494061
  Y                             : 5.234209
  Z                             : -3.000000
  Weight                        : 1.000000
Normal -------------------------.
  X                             : -0.000000
  Y                             : 0.000005
  Z                             : -1.000000
  Weight                        : 1.000000
ValidUVsCount                 : 2
UV00 ---------------------------.
  U                             : -0.5640016794204712
  V                             : 2.4583404064178467
UV01 ---------------------------.
  U                             : -0.5640016794204712
  V                             : 2.4583404064178467
UV02 ---------------------------.
  U                             : 0.0
  V                             : 0.0
UV03 ---------------------------.
  U                             : 0.0
  V                             : 0.0
UV04 ---------------------------.
  U                             : 0.0
  V                             : 0.0
UV05 ---------------------------.
  U                             : 0.0
  V                             : 0.0
UV06 ---------------------------.
  U                             : 0.0
  V                             : 0.0
UV07 ---------------------------.
  U                             : 0.0
  V                             : 0.0
Color --------------------------.
    Red                           : 0.000000
    Green                         : 0.000000
    Blue                          : 0.000000
    Alpha                         : 1.000000
MaterialStartOffset           : 216
BoneCount                     : 2
BoneBinding00 ------------------.
  BoneListStartOffset           : 82372
  Weight                        : 0.035445678855005915
BoneBinding01 ------------------.
  BoneListStartOffset           : 82624
  Weight                        : 0.9645543211449941
BoneBinding02 ------------------.
  BoneListStartOffset           :  0 NULL ==> None
  Weight                        : 0.0
BoneBinding03 ------------------.
  BoneListStartOffset           :  0 NULL ==> None
  Weight                        : 0.0
BoneBinding04 ------------------.
  BoneListStartOffset           :  0 NULL ==> None
  Weight                        : 0.0
BoneBinding05 ------------------.
  BoneListStartOffset           :  0 NULL ==> None
  Weight                        : 0.0
BoneBinding06 ------------------.
  BoneListStartOffset           :  0 NULL ==> None
  Weight                        : 0.0
BoneBinding07 ------------------.
  BoneListStartOffset           :  0 NULL ==> None
  Weight                        : 0.0
Reserved                      : 0
ExtraData ----------------------. 
  DataBlockCount                : 0
  DataBlockStartOffset          : 0
  Pad0                          : ''
  Pad1                          : [ 0 ,  0 ]
--------------------------------------------------------------------------------
IGfVerts [ 4 / 212 ] (2724)
------------------------------.
Point --------------------------.
  X                             : 2.256001
  Y                             : 5.188502
  Z                             : -3.000000
  Weight                        : 1.000000
Normal -------------------------.
  X                             : 0.040315
  Y                             : 0.710807
  Z                             : -0.702200
  Weight                        : 1.000000
ValidUVsCount                 : 2
UV00 ---------------------------.
  U                             : -0.3337755799293518
  V                             : 2.4672813415527344
UV01 ---------------------------.
  U                             : -0.3337755799293518
  V                             : 2.4672813415527344
UV02 ---------------------------.
  U                             : 0.0
  V                             : 0.0
UV03 ---------------------------.
  U                             : 0.0
  V                             : 0.0
UV04 ---------------------------.
  U                             : 0.0
  V                             : 0.0
UV05 ---------------------------.
  U                             : 0.0
  V                             : 0.0
UV06 ---------------------------.
  U                             : 0.0
  V                             : 0.0
UV07 ---------------------------.
  U                             : 0.0
  V                             : 0.0
Color --------------------------.
    Red                           : 0.000000
    Green                         : 0.000000
    Blue                          : 0.000000
    Alpha                         : 1.000000
MaterialStartOffset           : 216
BoneCount                     : 2
BoneBinding00 ------------------.
  BoneListStartOffset           : 82372
  Weight                        : 0.04632464441649403
BoneBinding01 ------------------.
  BoneListStartOffset           : 82624
  Weight                        : 0.953675355583506
BoneBinding02 ------------------.
  BoneListStartOffset           :  0 NULL ==> None
  Weight                        : 0.0
BoneBinding03 ------------------.
  BoneListStartOffset           :  0 NULL ==> None
  Weight                        : 0.0
BoneBinding04 ------------------.
  BoneListStartOffset           :  0 NULL ==> None
  Weight                        : 0.0
BoneBinding05 ------------------.
  BoneListStartOffset           :  0 NULL ==> None
  Weight                        : 0.0
BoneBinding06 ------------------.
  BoneListStartOffset           :  0 NULL ==> None
  Weight                        : 0.0
BoneBinding07 ------------------.
  BoneListStartOffset           :  0 NULL ==> None
  Weight                        : 0.0
Reserved                      : 0
ExtraData ----------------------. 
  DataBlockCount                : 0
  DataBlockStartOffset          : 0
  Pad0                          : ''
  Pad1                          : [ 0 ,  0 ]
--------------------------------------------------------------------------------
IGfVerts [ 5 / 212 ] (2964)
------------------------------.
Point --------------------------.
  X                             : -2.906681
  Y                             : 5.108438
  Z                             : -3.000001
  Weight                        : 1.000000
Normal -------------------------.
  X                             : -0.080599
  Y                             : 0.711020
  Z                             : -0.698477
  Weight                        : 1.000000
ValidUVsCount                 : 2
UV00 ---------------------------.
  U                             : -0.7660524845123291
  V                             : 2.478276014328003
UV01 ---------------------------.
  U                             : -0.7660524845123291
  V                             : 2.478276014328003
UV02 ---------------------------.
  U                             : 0.0
  V                             : 0.0
UV03 ---------------------------.
  U                             : 0.0
  V                             : 0.0
UV04 ---------------------------.
  U                             : 0.0
  V                             : 0.0
UV05 ---------------------------.
  U                             : 0.0
  V                             : 0.0
UV06 ---------------------------.
  U                             : 0.0
  V                             : 0.0
UV07 ---------------------------.
  U                             : 0.0
  V                             : 0.0
Color --------------------------.
    Red                           : 0.000000
    Green                         : 0.000000
    Blue                          : 0.000000
    Alpha                         : 1.000000
MaterialStartOffset           : 216
BoneCount                     : 2
BoneBinding00 ------------------.
  BoneListStartOffset           : 82372
  Weight                        : 0.04254255466397351
BoneBinding01 ------------------.
  BoneListStartOffset           : 82624
  Weight                        : 0.9574574453360265
BoneBinding02 ------------------.
  BoneListStartOffset           :  0 NULL ==> None
  Weight                        : 0.0
BoneBinding03 ------------------.
  BoneListStartOffset           :  0 NULL ==> None
  Weight                        : 0.0
BoneBinding04 ------------------.
  BoneListStartOffset           :  0 NULL ==> None
  Weight                        : 0.0
BoneBinding05 ------------------.
  BoneListStartOffset           :  0 NULL ==> None
  Weight                        : 0.0
BoneBinding06 ------------------.
  BoneListStartOffset           :  0 NULL ==> None
  Weight                        : 0.0
BoneBinding07 ------------------.
  BoneListStartOffset           :  0 NULL ==> None
  Weight                        : 0.0
Reserved                      : 0
ExtraData ----------------------. 
  DataBlockCount                : 0
  DataBlockStartOffset          : 0
  Pad0                          : ''
  Pad1                          : [ 0 ,  0 ]
--------------------------------------------------------------------------------
IGfVerts [ 6 / 212 ] (3204)
------------------------------.
Point --------------------------.
  X                             : 3.289219
  Y                             : 5.108586
  Z                             : -3.000000
  Weight                        : 1.000000
Normal -------------------------.
  X                             : 0.079409
  Y                             : 0.709769
  Z                             : -0.699912
  Weight                        : 1.000000
ValidUVsCount                 : 2
UV00 ---------------------------.
  U                             : -0.24726176261901855
  V                             : 2.4811508655548096
UV01 ---------------------------.
  U                             : -0.24726176261901855
  V                             : 2.4811508655548096
UV02 ---------------------------.
  U                             : 0.0
  V                             : 0.0
UV03 ---------------------------.
  U                             : 0.0
  V                             : 0.0
UV04 ---------------------------.
  U                             : 0.0
  V                             : 0.0
UV05 ---------------------------.
  U                             : 0.0
  V                             : 0.0
UV06 ---------------------------.
  U                             : 0.0
  V                             : 0.0
UV07 ---------------------------.
  U                             : 0.0
  V                             : 0.0
Color --------------------------.
    Red                           : 0.000000
    Green                         : 0.000000
    Blue                          : 0.000000
    Alpha                         : 1.000000
MaterialStartOffset           : 216
BoneCount                     : 2
BoneBinding00 ------------------.
  BoneListStartOffset           : 82372
  Weight                        : 0.058397608617765044
BoneBinding01 ------------------.
  BoneListStartOffset           : 82624
  Weight                        : 0.941602391382235
BoneBinding02 ------------------.
  BoneListStartOffset           :  0 NULL ==> None
  Weight                        : 0.0
BoneBinding03 ------------------.
  BoneListStartOffset           :  0 NULL ==> None
  Weight                        : 0.0
BoneBinding04 ------------------.
  BoneListStartOffset           :  0 NULL ==> None
  Weight                        : 0.0
BoneBinding05 ------------------.
  BoneListStartOffset           :  0 NULL ==> None
  Weight                        : 0.0
BoneBinding06 ------------------.
  BoneListStartOffset           :  0 NULL ==> None
  Weight                        : 0.0
BoneBinding07 ------------------.
  BoneListStartOffset           :  0 NULL ==> None
  Weight                        : 0.0
Reserved                      : 0
ExtraData ----------------------. 
  DataBlockCount                : 0
  DataBlockStartOffset          : 0
  Pad0                          : ''
  Pad1                          : [ 0 ,  0 ]
--------------------------------------------------------------------------------
IGfVerts [ 7 / 212 ] (3444)
------------------------------.
Point --------------------------.
  X                             : 4.117954
  Y                             : 4.990350
  Z                             : -3.000000
  Weight                        : 1.000000
Normal -------------------------.
  X                             : 0.131077
  Y                             : 0.703726
  Z                             : -0.698264
  Weight                        : 1.000000
ValidUVsCount                 : 2
UV00 ---------------------------.
  U                             : -0.17788195610046387
  V                             : 2.5013439655303955
UV01 ---------------------------.
  U                             : -0.17788195610046387
  V                             : 2.5013439655303955
UV02 ---------------------------.
  U                             : 0.0
  V                             : 0.0
UV03 ---------------------------.
  U                             : 0.0
  V                             : 0.0
UV04 ---------------------------.
  U                             : 0.0
  V                             : 0.0
UV05 ---------------------------.
  U                             : 0.0
  V                             : 0.0
UV06 ---------------------------.
  U                             : 0.0
  V                             : 0.0
UV07 ---------------------------.
  U                             : 0.0
  V                             : 0.0
Color --------------------------.
    Red                           : 0.000000
    Green                         : 0.000000
    Blue                          : 0.000000
    Alpha                         : 1.000000
MaterialStartOffset           : 216
BoneCount                     : 2
BoneBinding00 ------------------.
  BoneListStartOffset           : 82372
  Weight                        : 0.07644023035047527
BoneBinding01 ------------------.
  BoneListStartOffset           : 82624
  Weight                        : 0.9235597696495247
BoneBinding02 ------------------.
  BoneListStartOffset           :  0 NULL ==> None
  Weight                        : 0.0
BoneBinding03 ------------------.
  BoneListStartOffset           :  0 NULL ==> None
  Weight                        : 0.0
BoneBinding04 ------------------.
  BoneListStartOffset           :  0 NULL ==> None
  Weight                        : 0.0
BoneBinding05 ------------------.
  BoneListStartOffset           :  0 NULL ==> None
  Weight                        : 0.0
BoneBinding06 ------------------.
  BoneListStartOffset           :  0 NULL ==> None
  Weight                        : 0.0
BoneBinding07 ------------------.
  BoneListStartOffset           :  0 NULL ==> None
  Weight                        : 0.0
Reserved                      : 0
ExtraData ----------------------. 
  DataBlockCount                : 0
  DataBlockStartOffset          : 0
  Pad0                          : ''
  Pad1                          : [ 0 ,  0 ]
--------------------------------------------------------------------------------
IGfVerts [ 8 / 212 ] (3684)
------------------------------.
Point --------------------------.
  X                             : -3.810055
  Y                             : 4.968667
  Z                             : -3.000000
  Weight                        : 1.000000
Normal -------------------------.
  X                             : -0.137669
  Y                             : 0.703085
  Z                             : -0.697623
  Weight                        : 1.000000
ValidUVsCount                 : 2
UV00 ---------------------------.
  U                             : -0.8417280912399292
  V                             : 2.5012595653533936
UV01 ---------------------------.
  U                             : -0.8417280912399292
  V                             : 2.5012595653533936
UV02 ---------------------------.
  U                             : 0.0
  V                             : 0.0
UV03 ---------------------------.
  U                             : 0.0
  V                             : 0.0
UV04 ---------------------------.
  U                             : 0.0
  V                             : 0.0
UV05 ---------------------------.
  U                             : 0.0
  V                             : 0.0
UV06 ---------------------------.
  U                             : 0.0
  V                             : 0.0
UV07 ---------------------------.
  U                             : 0.0
  V                             : 0.0
Color --------------------------.
    Red                           : 0.000000
    Green                         : 0.000000
    Blue                          : 0.000000
    Alpha                         : 1.000000
MaterialStartOffset           : 216
BoneCount                     : 2
BoneBinding00 ------------------.
  BoneListStartOffset           : 82372
  Weight                        : 0.055982236839094715
BoneBinding01 ------------------.
  BoneListStartOffset           : 82624
  Weight                        : 0.9440177631609052
BoneBinding02 ------------------.
  BoneListStartOffset           :  0 NULL ==> None
  Weight                        : 0.0
BoneBinding03 ------------------.
  BoneListStartOffset           :  0 NULL ==> None
  Weight                        : 0.0
BoneBinding04 ------------------.
  BoneListStartOffset           :  0 NULL ==> None
  Weight                        : 0.0
BoneBinding05 ------------------.
  BoneListStartOffset           :  0 NULL ==> None
  Weight                        : 0.0
BoneBinding06 ------------------.
  BoneListStartOffset           :  0 NULL ==> None
  Weight                        : 0.0
BoneBinding07 ------------------.
  BoneListStartOffset           :  0 NULL ==> None
  Weight                        : 0.0
Reserved                      : 0
ExtraData ----------------------. 
  DataBlockCount                : 0
  DataBlockStartOffset          : 0
  Pad0                          : ''
  Pad1                          : [ 0 ,  0 ]
--------------------------------------------------------------------------------
IGfVerts [ 9 / 212 ] (3924)
------------------------------.
Point --------------------------.
  X                             : 4.824650
  Y                             : 4.831368
  Z                             : -3.000001
  Weight                        : 1.000000
Normal -------------------------.
  X                             : 0.196295
  Y                             : 0.690786
  Z                             : -0.695883
  Weight                        : 1.000000
ValidUVsCount                 : 2
UV00 ---------------------------.
  U                             : -0.11875259876251221
  V                             : 2.5282959938049316
UV01 ---------------------------.
  U                             : -0.11875259876251221
  V                             : 2.5282959938049316
UV02 ---------------------------.
  U                             : 0.0
  V                             : 0.0
UV03 ---------------------------.
  U                             : 0.0
  V                             : 0.0
UV04 ---------------------------.
  U                             : 0.0
  V                             : 0.0
UV05 ---------------------------.
  U                             : 0.0
  V                             : 0.0
UV06 ---------------------------.
  U                             : 0.0
  V                             : 0.0
UV07 ---------------------------.
  U                             : 0.0
  V                             : 0.0
Color --------------------------.
    Red                           : 0.000000
    Green                         : 0.000000
    Blue                          : 0.000000
    Alpha                         : 1.000000
MaterialStartOffset           : 216
BoneCount                     : 2
BoneBinding00 ------------------.
  BoneListStartOffset           : 82372
  Weight                        : 0.10316333705519905
BoneBinding01 ------------------.
  BoneListStartOffset           : 82624
  Weight                        : 0.8968366629448009
BoneBinding02 ------------------.
  BoneListStartOffset           :  0 NULL ==> None
  Weight                        : 0.0
BoneBinding03 ------------------.
  BoneListStartOffset           :  0 NULL ==> None
  Weight                        : 0.0
BoneBinding04 ------------------.
  BoneListStartOffset           :  0 NULL ==> None
  Weight                        : 0.0
BoneBinding05 ------------------.
  BoneListStartOffset           :  0 NULL ==> None
  Weight                        : 0.0
BoneBinding06 ------------------.
  BoneListStartOffset           :  0 NULL ==> None
  Weight                        : 0.0
BoneBinding07 ------------------.
  BoneListStartOffset           :  0 NULL ==> None
  Weight                        : 0.0
Reserved                      : 0
ExtraData ----------------------. 
  DataBlockCount                : 0
  DataBlockStartOffset          : 0
  Pad0                          : ''
  Pad1                          : [ 0 ,  0 ]
--------------------------------------------------------------------------------
IGfVerts [ 10 / 212 ] (4164)
------------------------------.
Point --------------------------.
  X                             : -4.563396
  Y                             : 4.785333
  Z                             : -3.000000
  Weight                        : 1.000000
Normal -------------------------.
  X                             : -0.213294
  Y                             : 0.688955
  Z                             : -0.692679
  Weight                        : 1.000000
ValidUVsCount                 : 2
UV00 ---------------------------.
  U                             : -0.904848575592041
  V                             : 2.5316081047058105
UV01 ---------------------------.
  U                             : -0.904848575592041
  V                             : 2.5316081047058105
UV02 ---------------------------.
  U                             : 0.0
  V                             : 0.0
UV03 ---------------------------.
  U                             : 0.0
  V                             : 0.0
UV04 ---------------------------.
  U                             : 0.0
  V                             : 0.0
UV05 ---------------------------.
  U                             : 0.0
  V                             : 0.0
UV06 ---------------------------.
  U                             : 0.0
  V                             : 0.0
UV07 ---------------------------.
  U                             : 0.0
  V                             : 0.0
Color --------------------------.
    Red                           : 0.000000
    Green                         : 0.000000
    Blue                          : 0.000000
    Alpha                         : 1.000000
MaterialStartOffset           : 216
BoneCount                     : 2
BoneBinding00 ------------------.
  BoneListStartOffset           : 82372
  Weight                        : 0.0780995402086783
BoneBinding01 ------------------.
  BoneListStartOffset           : 82624
  Weight                        : 0.9219004597913217
BoneBinding02 ------------------.
  BoneListStartOffset           :  0 NULL ==> None
  Weight                        : 0.0
BoneBinding03 ------------------.
  BoneListStartOffset           :  0 NULL ==> None
  Weight                        : 0.0
BoneBinding04 ------------------.
  BoneListStartOffset           :  0 NULL ==> None
  Weight                        : 0.0
BoneBinding05 ------------------.
  BoneListStartOffset           :  0 NULL ==> None
  Weight                        : 0.0
BoneBinding06 ------------------.
  BoneListStartOffset           :  0 NULL ==> None
  Weight                        : 0.0
BoneBinding07 ------------------.
  BoneListStartOffset           :  0 NULL ==> None
  Weight                        : 0.0
Reserved                      : 0
ExtraData ----------------------. 
  DataBlockCount                : 0
  DataBlockStartOffset          : 0
  Pad0                          : ''
  Pad1                          : [ 0 ,  0 ]
--------------------------------------------------------------------------------
IGfVerts [ 11 / 212 ] (4404)
------------------------------.
Point --------------------------.
  X                             : 5.345860
  Y                             : 4.657174
  Z                             : -3.000000
  Weight                        : 1.000000
Normal -------------------------.
  X                             : 0.272073
  Y                             : 0.667013
  Z                             : -0.693564
  Weight                        : 1.000000
ValidUVsCount                 : 2
UV00 ---------------------------.
  U                             : -0.07514786720275879
  V                             : 2.557713508605957
UV01 ---------------------------.
  U                             : -0.07514786720275879
  V                             : 2.557713508605957
UV02 ---------------------------.
  U                             : 0.0
  V                             : 0.0
UV03 ---------------------------.
  U                             : 0.0
  V                             : 0.0
UV04 ---------------------------.
  U                             : 0.0
  V                             : 0.0
UV05 ---------------------------.
  U                             : 0.0
  V                             : 0.0
UV06 ---------------------------.
  U                             : 0.0
  V                             : 0.0
UV07 ---------------------------.
  U                             : 0.0
  V                             : 0.0
Color --------------------------.
    Red                           : 0.000000
    Green                         : 0.000000
    Blue                          : 0.000000
    Alpha                         : 1.000000
MaterialStartOffset           : 216
BoneCount                     : 2
BoneBinding00 ------------------.
  BoneListStartOffset           : 82372
  Weight                        : 0.13620183227555188
BoneBinding01 ------------------.
  BoneListStartOffset           : 82624
  Weight                        : 0.8637981677244482
BoneBinding02 ------------------.
  BoneListStartOffset           :  0 NULL ==> None
  Weight                        : 0.0
BoneBinding03 ------------------.
  BoneListStartOffset           :  0 NULL ==> None
  Weight                        : 0.0
BoneBinding04 ------------------.
  BoneListStartOffset           :  0 NULL ==> None
  Weight                        : 0.0
BoneBinding05 ------------------.
  BoneListStartOffset           :  0 NULL ==> None
  Weight                        : 0.0
BoneBinding06 ------------------.
  BoneListStartOffset           :  0 NULL ==> None
  Weight                        : 0.0
BoneBinding07 ------------------.
  BoneListStartOffset           :  0 NULL ==> None
  Weight                        : 0.0
Reserved                      : 0
ExtraData ----------------------. 
  DataBlockCount                : 0
  DataBlockStartOffset          : 0
  Pad0                          : ''
  Pad1                          : [ 0 ,  0 ]
--------------------------------------------------------------------------------
IGfVerts [ 12 / 212 ] (4644)
------------------------------.
Point --------------------------.
  X                             : -5.155743
  Y                             : 4.555993
  Z                             : -3.000000
  Weight                        : 1.000000
Normal -------------------------.
  X                             : -0.320780
  Y                             : 0.652943
  Z                             : -0.686056
  Weight                        : 1.000000
ValidUVsCount                 : 2
UV00 ---------------------------.
  U                             : -0.9544963836669922
  V                             : 2.569732904434204
UV01 ---------------------------.
  U                             : -0.9544963836669922
  V                             : 2.569732904434204
UV02 ---------------------------.
  U                             : 0.0
  V                             : 0.0
UV03 ---------------------------.
  U                             : 0.0
  V                             : 0.0
UV04 ---------------------------.
  U                             : 0.0
  V                             : 0.0
UV05 ---------------------------.
  U                             : 0.0
  V                             : 0.0
UV06 ---------------------------.
  U                             : 0.0
  V                             : 0.0
UV07 ---------------------------.
  U                             : 0.0
  V                             : 0.0
Color --------------------------.
    Red                           : 0.000000
    Green                         : 0.000000
    Blue                          : 0.000000
    Alpha                         : 1.000000
MaterialStartOffset           : 216
BoneCount                     : 2
BoneBinding00 ------------------.
  BoneListStartOffset           : 82372
  Weight                        : 0.11218819565302282
BoneBinding01 ------------------.
  BoneListStartOffset           : 82624
  Weight                        : 0.8878118043469772
BoneBinding02 ------------------.
  BoneListStartOffset           :  0 NULL ==> None
  Weight                        : 0.0
BoneBinding03 ------------------.
  BoneListStartOffset           :  0 NULL ==> None
  Weight                        : 0.0
BoneBinding04 ------------------.
  BoneListStartOffset           :  0 NULL ==> None
  Weight                        : 0.0
BoneBinding05 ------------------.
  BoneListStartOffset           :  0 NULL ==> None
  Weight                        : 0.0
BoneBinding06 ------------------.
  BoneListStartOffset           :  0 NULL ==> None
  Weight                        : 0.0
BoneBinding07 ------------------.
  BoneListStartOffset           :  0 NULL ==> None
  Weight                        : 0.0
Reserved                      : 0
ExtraData ----------------------. 
  DataBlockCount                : 0
  DataBlockStartOffset          : 0
  Pad0                          : ''
  Pad1                          : [ 0 ,  0 ]
--------------------------------------------------------------------------------
IGfVerts [ 13 / 212 ] (4884)
------------------------------.
Point --------------------------.
  X                             : 5.833012
  Y                             : 4.424111
  Z                             : -3.000000
  Weight                        : 1.000000
Normal -------------------------.
  X                             : 0.389019
  Y                             : 0.618549
  Z                             : -0.682669
  Weight                        : 1.000000
ValidUVsCount                 : 2
UV00 ---------------------------.
  U                             : -0.03441464900970459
  V                             : 2.5969696044921875
UV01 ---------------------------.
  U                             : -0.03441464900970459
  V                             : 2.5969696044921875
UV02 ---------------------------.
  U                             : 0.0
  V                             : 0.0
UV03 ---------------------------.
  U                             : 0.0
  V                             : 0.0
UV04 ---------------------------.
  U                             : 0.0
  V                             : 0.0
UV05 ---------------------------.
  U                             : 0.0
  V                             : 0.0
UV06 ---------------------------.
  U                             : 0.0
  V                             : 0.0
UV07 ---------------------------.
  U                             : 0.0
  V                             : 0.0
Color --------------------------.
    Red                           : 0.000000
    Green                         : 0.000000
    Blue                          : 0.000000
    Alpha                         : 1.000000
MaterialStartOffset           : 216
BoneCount                     : 2
BoneBinding00 ------------------.
  BoneListStartOffset           : 82372
  Weight                        : 0.1871867108729205
BoneBinding01 ------------------.
  BoneListStartOffset           : 82624
  Weight                        : 0.8128132891270795
BoneBinding02 ------------------.
  BoneListStartOffset           :  0 NULL ==> None
  Weight                        : 0.0
BoneBinding03 ------------------.
  BoneListStartOffset           :  0 NULL ==> None
  Weight                        : 0.0
BoneBinding04 ------------------.
  BoneListStartOffset           :  0 NULL ==> None
  Weight                        : 0.0
BoneBinding05 ------------------.
  BoneListStartOffset           :  0 NULL ==> None
  Weight                        : 0.0
BoneBinding06 ------------------.
  BoneListStartOffset           :  0 NULL ==> None
  Weight                        : 0.0
BoneBinding07 ------------------.
  BoneListStartOffset           :  0 NULL ==> None
  Weight                        : 0.0
Reserved                      : 0
ExtraData ----------------------. 
  DataBlockCount                : 0
  DataBlockStartOffset          : 0
  Pad0                          : ''
  Pad1                          : [ 0 ,  0 ]
--------------------------------------------------------------------------------
IGfVerts [ 14 / 212 ] (5124)
------------------------------.
Point --------------------------.
  X                             : -5.649429
  Y                             : 4.245126
  Z                             : -3.000000
  Weight                        : 1.000000
Normal -------------------------.
  X                             : -0.480300
  Y                             : 0.559862
  Z                             : -0.675131
  Weight                        : 1.000000
ValidUVsCount                 : 2
UV00 ---------------------------.
  U                             : -0.9959100484848022
  V                             : 2.621565580368042
UV01 ---------------------------.
  U                             : -0.9959100484848022
  V                             : 2.621565580368042
UV02 ---------------------------.
  U                             : 0.0
  V                             : 0.0
UV03 ---------------------------.
  U                             : 0.0
  V                             : 0.0
UV04 ---------------------------.
  U                             : 0.0
  V                             : 0.0
UV05 ---------------------------.
  U                             : 0.0
  V                             : 0.0
UV06 ---------------------------.
  U                             : 0.0
  V                             : 0.0
UV07 ---------------------------.
  U                             : 0.0
  V                             : 0.0
Color --------------------------.
    Red                           : 0.000000
    Green                         : 0.000000
    Blue                          : 0.000000
    Alpha                         : 1.000000
MaterialStartOffset           : 216
BoneCount                     : 2
BoneBinding00 ------------------.
  BoneListStartOffset           : 82372
  Weight                        : 0.17194002787041696
BoneBinding01 ------------------.
  BoneListStartOffset           : 82624
  Weight                        : 0.828059972129583
BoneBinding02 ------------------.
  BoneListStartOffset           :  0 NULL ==> None
  Weight                        : 0.0
BoneBinding03 ------------------.
  BoneListStartOffset           :  0 NULL ==> None
  Weight                        : 0.0
BoneBinding04 ------------------.
  BoneListStartOffset           :  0 NULL ==> None
  Weight                        : 0.0
BoneBinding05 ------------------.
  BoneListStartOffset           :  0 NULL ==> None
  Weight                        : 0.0
BoneBinding06 ------------------.
  BoneListStartOffset           :  0 NULL ==> None
  Weight                        : 0.0
BoneBinding07 ------------------.
  BoneListStartOffset           :  0 NULL ==> None
  Weight                        : 0.0
Reserved                      : 0
ExtraData ----------------------. 
  DataBlockCount                : 0
  DataBlockStartOffset          : 0
  Pad0                          : ''
  Pad1                          : [ 0 ,  0 ]
--------------------------------------------------------------------------------
IGfVerts [ 15 / 212 ] (5364)
------------------------------.
Point --------------------------.
  X                             : 0.313211
  Y                             : 4.257320
  Z                             : -3.000000
  Weight                        : 1.000000
Normal -------------------------.
  X                             : -0.006653
  Y                             : -0.697958
  Z                             : -0.716086
  Weight                        : 1.000000
ValidUVsCount                 : 2
UV00 ---------------------------.
  U                             : -0.4967226982116699
  V                             : 2.6223196983337402
UV01 ---------------------------.
  U                             : -0.4967226982116699
  V                             : 2.6223196983337402
UV02 ---------------------------.
  U                             : 0.0
  V                             : 0.0
UV03 ---------------------------.
  U                             : 0.0
  V                             : 0.0
UV04 ---------------------------.
  U                             : 0.0
  V                             : 0.0
UV05 ---------------------------.
  U                             : 0.0
  V                             : 0.0
UV06 ---------------------------.
  U                             : 0.0
  V                             : 0.0
UV07 ---------------------------.
  U                             : 0.0
  V                             : 0.0
Color --------------------------.
    Red                           : 0.000000
    Green                         : 0.000000
    Blue                          : 0.000000
    Alpha                         : 1.000000
MaterialStartOffset           : 216
BoneCount                     : 2
BoneBinding00 ------------------.
  BoneListStartOffset           : 82372
  Weight                        : 0.19867753687399406
BoneBinding01 ------------------.
  BoneListStartOffset           : 82624
  Weight                        : 0.801322463126006
BoneBinding02 ------------------.
  BoneListStartOffset           :  0 NULL ==> None
  Weight                        : 0.0
BoneBinding03 ------------------.
  BoneListStartOffset           :  0 NULL ==> None
  Weight                        : 0.0
BoneBinding04 ------------------.
  BoneListStartOffset           :  0 NULL ==> None
  Weight                        : 0.0
BoneBinding05 ------------------.
  BoneListStartOffset           :  0 NULL ==> None
  Weight                        : 0.0
BoneBinding06 ------------------.
  BoneListStartOffset           :  0 NULL ==> None
  Weight                        : 0.0
BoneBinding07 ------------------.
  BoneListStartOffset           :  0 NULL ==> None
  Weight                        : 0.0
Reserved                      : 0
ExtraData ----------------------. 
  DataBlockCount                : 0
  DataBlockStartOffset          : 0
  Pad0                          : ''
  Pad1                          : [ 0 ,  0 ]
--------------------------------------------------------------------------------
IGfVerts [ 16 / 212 ] (5604)
------------------------------.
Point --------------------------.
  X                             : 6.153400
  Y                             : 4.166451
  Z                             : -3.000000
  Weight                        : 1.000000
Normal -------------------------.
  X                             : 0.546556
  Y                             : 0.496200
  Z                             : -0.674520
  Weight                        : 1.000000
ValidUVsCount                 : 2
UV00 ---------------------------.
  U                             : -0.007642507553100586
  V                             : 2.640277862548828
UV01 ---------------------------.
  U                             : -0.007642507553100586
  V                             : 2.640277862548828
UV02 ---------------------------.
  U                             : 0.0
  V                             : 0.0
UV03 ---------------------------.
  U                             : 0.0
  V                             : 0.0
UV04 ---------------------------.
  U                             : 0.0
  V                             : 0.0
UV05 ---------------------------.
  U                             : 0.0
  V                             : 0.0
UV06 ---------------------------.
  U                             : 0.0
  V                             : 0.0
UV07 ---------------------------.
  U                             : 0.0
  V                             : 0.0
Color --------------------------.
    Red                           : 0.000000
    Green                         : 0.000000
    Blue                          : 0.000000
    Alpha                         : 1.000000
MaterialStartOffset           : 216
BoneCount                     : 2
BoneBinding00 ------------------.
  BoneListStartOffset           : 82372
  Weight                        : 0.25253671408805795
BoneBinding01 ------------------.
  BoneListStartOffset           : 82624
  Weight                        : 0.7474632859119421
BoneBinding02 ------------------.
  BoneListStartOffset           :  0 NULL ==> None
  Weight                        : 0.0
BoneBinding03 ------------------.
  BoneListStartOffset           :  0 NULL ==> None
  Weight                        : 0.0
BoneBinding04 ------------------.
  BoneListStartOffset           :  0 NULL ==> None
  Weight                        : 0.0
BoneBinding05 ------------------.
  BoneListStartOffset           :  0 NULL ==> None
  Weight                        : 0.0
BoneBinding06 ------------------.
  BoneListStartOffset           :  0 NULL ==> None
  Weight                        : 0.0
BoneBinding07 ------------------.
  BoneListStartOffset           :  0 NULL ==> None
  Weight                        : 0.0
Reserved                      : 0
ExtraData ----------------------. 
  DataBlockCount                : 0
  DataBlockStartOffset          : 0
  Pad0                          : ''
  Pad1                          : [ 0 ,  0 ]
--------------------------------------------------------------------------------
IGfVerts [ 17 / 212 ] (5844)
------------------------------.
Point --------------------------.
  X                             : -0.340816
  Y                             : 4.236689
  Z                             : -3.000000
  Weight                        : 1.000000
Normal -------------------------.
  X                             : 0.067141
  Y                             : -0.689566
  Z                             : -0.721091
  Weight                        : 1.000000
ValidUVsCount                 : 2
UV00 ---------------------------.
  U                             : -0.5517735481262207
  V                             : 2.6254823207855225
UV01 ---------------------------.
  U                             : -0.5517735481262207
  V                             : 2.6254823207855225
UV02 ---------------------------.
  U                             : 0.0
  V                             : 0.0
UV03 ---------------------------.
  U                             : 0.0
  V                             : 0.0
UV04 ---------------------------.
  U                             : 0.0
  V                             : 0.0
UV05 ---------------------------.
  U                             : 0.0
  V                             : 0.0
UV06 ---------------------------.
  U                             : 0.0
  V                             : 0.0
UV07 ---------------------------.
  U                             : 0.0
  V                             : 0.0
Color --------------------------.
    Red                           : 0.000000
    Green                         : 0.000000
    Blue                          : 0.000000
    Alpha                         : 1.000000
MaterialStartOffset           : 216
BoneCount                     : 2
BoneBinding00 ------------------.
  BoneListStartOffset           : 82372
  Weight                        : 0.2002973830288582
BoneBinding01 ------------------.
  BoneListStartOffset           : 82624
  Weight                        : 0.7997026169711418
BoneBinding02 ------------------.
  BoneListStartOffset           :  0 NULL ==> None
  Weight                        : 0.0
BoneBinding03 ------------------.
  BoneListStartOffset           :  0 NULL ==> None
  Weight                        : 0.0
BoneBinding04 ------------------.
  BoneListStartOffset           :  0 NULL ==> None
  Weight                        : 0.0
BoneBinding05 ------------------.
  BoneListStartOffset           :  0 NULL ==> None
  Weight                        : 0.0
BoneBinding06 ------------------.
  BoneListStartOffset           :  0 NULL ==> None
  Weight                        : 0.0
BoneBinding07 ------------------.
  BoneListStartOffset           :  0 NULL ==> None
  Weight                        : 0.0
Reserved                      : 0
ExtraData ----------------------. 
  DataBlockCount                : 0
  DataBlockStartOffset          : 0
  Pad0                          : ''
  Pad1                          : [ 0 ,  0 ]
--------------------------------------------------------------------------------
IGfVerts [ 18 / 212 ] (6084)
------------------------------.
Point --------------------------.
  X                             : 0.802578
  Y                             : 4.232565
  Z                             : -3.000000
  Weight                        : 1.000000
Normal -------------------------.
  X                             : -0.070559
  Y                             : -0.691855
  Z                             : -0.718558
  Weight                        : 1.000000
ValidUVsCount                 : 2
UV00 ---------------------------.
  U                             : -0.4557558298110962
  V                             : 2.6266942024230957
UV01 ---------------------------.
  U                             : -0.4557558298110962
  V                             : 2.6266942024230957
UV02 ---------------------------.
  U                             : 0.0
  V                             : 0.0
UV03 ---------------------------.
  U                             : 0.0
  V                             : 0.0
UV04 ---------------------------.
  U                             : 0.0
  V                             : 0.0
UV05 ---------------------------.
  U                             : 0.0
  V                             : 0.0
UV06 ---------------------------.
  U                             : 0.0
  V                             : 0.0
UV07 ---------------------------.
  U                             : 0.0
  V                             : 0.0
Color --------------------------.
    Red                           : 0.000000
    Green                         : 0.000000
    Blue                          : 0.000000
    Alpha                         : 1.000000
MaterialStartOffset           : 216
BoneCount                     : 2
BoneBinding00 ------------------.
  BoneListStartOffset           : 82372
  Weight                        : 0.20705167462114452
BoneBinding01 ------------------.
  BoneListStartOffset           : 82624
  Weight                        : 0.7929483253788555
BoneBinding02 ------------------.
  BoneListStartOffset           :  0 NULL ==> None
  Weight                        : 0.0
BoneBinding03 ------------------.
  BoneListStartOffset           :  0 NULL ==> None
  Weight                        : 0.0
BoneBinding04 ------------------.
  BoneListStartOffset           :  0 NULL ==> None
  Weight                        : 0.0
BoneBinding05 ------------------.
  BoneListStartOffset           :  0 NULL ==> None
  Weight                        : 0.0
BoneBinding06 ------------------.
  BoneListStartOffset           :  0 NULL ==> None
  Weight                        : 0.0
BoneBinding07 ------------------.
  BoneListStartOffset           :  0 NULL ==> None
  Weight                        : 0.0
Reserved                      : 0
ExtraData ----------------------. 
  DataBlockCount                : 0
  DataBlockStartOffset          : 0
  Pad0                          : ''
  Pad1                          : [ 0 ,  0 ]
--------------------------------------------------------------------------------
IGfVerts [ 19 / 212 ] (6324)
------------------------------.
Point --------------------------.
  X                             : 1.327089
  Y                             : 4.152267
  Z                             : -3.000000
  Weight                        : 1.000000
Normal -------------------------.
  X                             : -0.164098
  Y                             : -0.665914
  Z                             : -0.727744
  Weight                        : 1.000000
ValidUVsCount                 : 2
UV00 ---------------------------.
  U                             : -0.41184842586517334
  V                             : 2.6403894424438477
UV01 ---------------------------.
  U                             : -0.41184842586517334
  V                             : 2.6403894424438477
UV02 ---------------------------.
  U                             : 0.0
  V                             : 0.0
UV03 ---------------------------.
  U                             : 0.0
  V                             : 0.0
UV04 ---------------------------.
  U                             : 0.0
  V                             : 0.0
UV05 ---------------------------.
  U                             : 0.0
  V                             : 0.0
UV06 ---------------------------.
  U                             : 0.0
  V                             : 0.0
UV07 ---------------------------.
  U                             : 0.0
  V                             : 0.0
Color --------------------------.
    Red                           : 0.000000
    Green                         : 0.000000
    Blue                          : 0.000000
    Alpha                         : 1.000000
MaterialStartOffset           : 216
BoneCount                     : 2
BoneBinding00 ------------------.
  BoneListStartOffset           : 82372
  Weight                        : 0.22996185969889474
BoneBinding01 ------------------.
  BoneListStartOffset           : 82624
  Weight                        : 0.7700381403011053
BoneBinding02 ------------------.
  BoneListStartOffset           :  0 NULL ==> None
  Weight                        : 0.0
BoneBinding03 ------------------.
  BoneListStartOffset           :  0 NULL ==> None
  Weight                        : 0.0
BoneBinding04 ------------------.
  BoneListStartOffset           :  0 NULL ==> None
  Weight                        : 0.0
BoneBinding05 ------------------.
  BoneListStartOffset           :  0 NULL ==> None
  Weight                        : 0.0
BoneBinding06 ------------------.
  BoneListStartOffset           :  0 NULL ==> None
  Weight                        : 0.0
BoneBinding07 ------------------.
  BoneListStartOffset           :  0 NULL ==> None
  Weight                        : 0.0
Reserved                      : 0
ExtraData ----------------------. 
  DataBlockCount                : 0
  DataBlockStartOffset          : 0
  Pad0                          : ''
  Pad1                          : [ 0 ,  0 ]
--------------------------------------------------------------------------------
IGfVerts [ 20 / 212 ] (6564)
------------------------------.
Point --------------------------.
  X                             : -0.874336
  Y                             : 4.153304
  Z                             : -3.000000
  Weight                        : 1.000000
Normal -------------------------.
  X                             : 0.161718
  Y                             : -0.670522
  Z                             : -0.724021
  Weight                        : 1.000000
ValidUVsCount                 : 2
UV00 ---------------------------.
  U                             : -0.5964336395263672
  V                             : 2.6391842365264893
UV01 ---------------------------.
  U                             : -0.5964336395263672
  V                             : 2.6391842365264893
UV02 ---------------------------.
  U                             : 0.0
  V                             : 0.0
UV03 ---------------------------.
  U                             : 0.0
  V                             : 0.0
UV04 ---------------------------.
  U                             : 0.0
  V                             : 0.0
UV05 ---------------------------.
  U                             : 0.0
  V                             : 0.0
UV06 ---------------------------.
  U                             : 0.0
  V                             : 0.0
UV07 ---------------------------.
  U                             : 0.0
  V                             : 0.0
Color --------------------------.
    Red                           : 0.000000
    Green                         : 0.000000
    Blue                          : 0.000000
    Alpha                         : 1.000000
MaterialStartOffset           : 216
BoneCount                     : 2
BoneBinding00 ------------------.
  BoneListStartOffset           : 82372
  Weight                        : 0.21807782326063627
BoneBinding01 ------------------.
  BoneListStartOffset           : 82624
  Weight                        : 0.7819221767393637
BoneBinding02 ------------------.
  BoneListStartOffset           :  0 NULL ==> None
  Weight                        : 0.0
BoneBinding03 ------------------.
  BoneListStartOffset           :  0 NULL ==> None
  Weight                        : 0.0
BoneBinding04 ------------------.
  BoneListStartOffset           :  0 NULL ==> None
  Weight                        : 0.0
BoneBinding05 ------------------.
  BoneListStartOffset           :  0 NULL ==> None
  Weight                        : 0.0
BoneBinding06 ------------------.
  BoneListStartOffset           :  0 NULL ==> None
  Weight                        : 0.0
BoneBinding07 ------------------.
  BoneListStartOffset           :  0 NULL ==> None
  Weight                        : 0.0
Reserved                      : 0
ExtraData ----------------------. 
  DataBlockCount                : 0
  DataBlockStartOffset          : 0
  Pad0                          : ''
  Pad1                          : [ 0 ,  0 ]
--------------------------------------------------------------------------------
IGfVerts [ 21 / 212 ] (6804)
------------------------------.
Point --------------------------.
  X                             : -1.271177
  Y                             : 4.029582
  Z                             : -3.000000
  Weight                        : 1.000000
Normal -------------------------.
  X                             : 0.296457
  Y                             : -0.600604
  Z                             : -0.742515
  Weight                        : 1.000000
ValidUVsCount                 : 2
UV00 ---------------------------.
  U                             : -0.6296637058258057
  V                             : 2.659698486328125
UV01 ---------------------------.
  U                             : -0.6296637058258057
  V                             : 2.659698486328125
UV02 ---------------------------.
  U                             : 0.0
  V                             : 0.0
UV03 ---------------------------.
  U                             : 0.0
  V                             : 0.0
UV04 ---------------------------.
  U                             : 0.0
  V                             : 0.0
UV05 ---------------------------.
  U                             : 0.0
  V                             : 0.0
UV06 ---------------------------.
  U                             : 0.0
  V                             : 0.0
UV07 ---------------------------.
  U                             : 0.0
  V                             : 0.0
Color --------------------------.
    Red                           : 0.000000
    Green                         : 0.000000
    Blue                          : 0.000000
    Alpha                         : 1.000000
MaterialStartOffset           : 216
BoneCount                     : 2
BoneBinding00 ------------------.
  BoneListStartOffset           : 82372
  Weight                        : 0.2480859976960821
BoneBinding01 ------------------.
  BoneListStartOffset           : 82624
  Weight                        : 0.7519140023039179
BoneBinding02 ------------------.
  BoneListStartOffset           :  0 NULL ==> None
  Weight                        : 0.0
BoneBinding03 ------------------.
  BoneListStartOffset           :  0 NULL ==> None
  Weight                        : 0.0
BoneBinding04 ------------------.
  BoneListStartOffset           :  0 NULL ==> None
  Weight                        : 0.0
BoneBinding05 ------------------.
  BoneListStartOffset           :  0 NULL ==> None
  Weight                        : 0.0
BoneBinding06 ------------------.
  BoneListStartOffset           :  0 NULL ==> None
  Weight                        : 0.0
BoneBinding07 ------------------.
  BoneListStartOffset           :  0 NULL ==> None
  Weight                        : 0.0
Reserved                      : 0
ExtraData ----------------------. 
  DataBlockCount                : 0
  DataBlockStartOffset          : 0
  Pad0                          : ''
  Pad1                          : [ 0 ,  0 ]
--------------------------------------------------------------------------------
IGfVerts [ 22 / 212 ] (7044)
------------------------------.
Point --------------------------.
  X                             : 6.309120
  Y                             : 3.929032
  Z                             : -3.000000
  Weight                        : 1.000000
Normal -------------------------.
  X                             : 0.709067
  Y                             : 0.255013
  Z                             : -0.657369
  Weight                        : 1.000000
ValidUVsCount                 : 2
UV00 ---------------------------.
  U                             : 0.005343198776245117
  V                             : 2.6801180839538574
UV01 ---------------------------.
  U                             : 0.005343198776245117
  V                             : 2.6801180839538574
UV02 ---------------------------.
  U                             : 0.0
  V                             : 0.0
UV03 ---------------------------.
  U                             : 0.0
  V                             : 0.0
UV04 ---------------------------.
  U                             : 0.0
  V                             : 0.0
UV05 ---------------------------.
  U                             : 0.0
  V                             : 0.0
UV06 ---------------------------.
  U                             : 0.0
  V                             : 0.0
UV07 ---------------------------.
  U                             : 0.0
  V                             : 0.0
Color --------------------------.
    Red                           : 0.000000
    Green                         : 0.000000
    Blue                          : 0.000000
    Alpha                         : 1.000000
MaterialStartOffset           : 216
BoneCount                     : 2
BoneBinding00 ------------------.
  BoneListStartOffset           : 82372
  Weight                        : 0.31754646194289143
BoneBinding01 ------------------.
  BoneListStartOffset           : 82624
  Weight                        : 0.6824535380571085
BoneBinding02 ------------------.
  BoneListStartOffset           :  0 NULL ==> None
  Weight                        : 0.0
BoneBinding03 ------------------.
  BoneListStartOffset           :  0 NULL ==> None
  Weight                        : 0.0
BoneBinding04 ------------------.
  BoneListStartOffset           :  0 NULL ==> None
  Weight                        : 0.0
BoneBinding05 ------------------.
  BoneListStartOffset           :  0 NULL ==> None
  Weight                        : 0.0
BoneBinding06 ------------------.
  BoneListStartOffset           :  0 NULL ==> None
  Weight                        : 0.0
BoneBinding07 ------------------.
  BoneListStartOffset           :  0 NULL ==> None
  Weight                        : 0.0
Reserved                      : 0
ExtraData ----------------------. 
  DataBlockCount                : 0
  DataBlockStartOffset          : 0
  Pad0                          : ''
  Pad1                          : [ 0 ,  0 ]
--------------------------------------------------------------------------------
IGfVerts [ 23 / 212 ] (7284)
------------------------------.
Point --------------------------.
  X                             : 1.820570
  Y                             : 3.981694
  Z                             : -3.000000
  Weight                        : 1.000000
Normal -------------------------.
  X                             : -0.327738
  Y                             : -0.573748
  Z                             : -0.750572
  Weight                        : 1.000000
ValidUVsCount                 : 2
UV00 ---------------------------.
  U                             : -0.37056177854537964
  V                             : 2.6691906452178955
UV01 ---------------------------.
  U                             : -0.37056177854537964
  V                             : 2.6691906452178955
UV02 ---------------------------.
  U                             : 0.0
  V                             : 0.0
UV03 ---------------------------.
  U                             : 0.0
  V                             : 0.0
UV04 ---------------------------.
  U                             : 0.0
  V                             : 0.0
UV05 ---------------------------.
  U                             : 0.0
  V                             : 0.0
UV06 ---------------------------.
  U                             : 0.0
  V                             : 0.0
UV07 ---------------------------.
  U                             : 0.0
  V                             : 0.0
Color --------------------------.
    Red                           : 0.000000
    Green                         : 0.000000
    Blue                          : 0.000000
    Alpha                         : 1.000000
MaterialStartOffset           : 216
BoneCount                     : 2
BoneBinding00 ------------------.
  BoneListStartOffset           : 82372
  Weight                        : 0.27832921030200924
BoneBinding01 ------------------.
  BoneListStartOffset           : 82624
  Weight                        : 0.7216707896979907
BoneBinding02 ------------------.
  BoneListStartOffset           :  0 NULL ==> None
  Weight                        : 0.0
BoneBinding03 ------------------.
  BoneListStartOffset           :  0 NULL ==> None
  Weight                        : 0.0
BoneBinding04 ------------------.
  BoneListStartOffset           :  0 NULL ==> None
  Weight                        : 0.0
BoneBinding05 ------------------.
  BoneListStartOffset           :  0 NULL ==> None
  Weight                        : 0.0
BoneBinding06 ------------------.
  BoneListStartOffset           :  0 NULL ==> None
  Weight                        : 0.0
BoneBinding07 ------------------.
  BoneListStartOffset           :  0 NULL ==> None
  Weight                        : 0.0
Reserved                      : 0
ExtraData ----------------------. 
  DataBlockCount                : 0
  DataBlockStartOffset          : 0
  Pad0                          : ''
  Pad1                          : [ 0 ,  0 ]
--------------------------------------------------------------------------------
IGfVerts [ 24 / 212 ] (7524)
------------------------------.
Point --------------------------.
  X                             : -6.001873
  Y                             : 3.826607
  Z                             : -3.000000
  Weight                        : 1.000000
Normal -------------------------.
  X                             : -0.609882
  Y                             : 0.405621
  Z                             : -0.680776
  Weight                        : 1.000000
ValidUVsCount                 : 2
UV00 ---------------------------.
  U                             : -1.0254954099655151
  V                             : 2.6914281845092773
UV01 ---------------------------.
  U                             : -1.0254954099655151
  V                             : 2.6914281845092773
UV02 ---------------------------.
  U                             : 0.0
  V                             : 0.0
UV03 ---------------------------.
  U                             : 0.0
  V                             : 0.0
UV04 ---------------------------.
  U                             : 0.0
  V                             : 0.0
UV05 ---------------------------.
  U                             : 0.0
  V                             : 0.0
UV06 ---------------------------.
  U                             : 0.0
  V                             : 0.0
UV07 ---------------------------.
  U                             : 0.0
  V                             : 0.0
Color --------------------------.
    Red                           : 0.000000
    Green                         : 0.000000
    Blue                          : 0.000000
    Alpha                         : 1.000000
MaterialStartOffset           : 216
BoneCount                     : 2
BoneBinding00 ------------------.
  BoneListStartOffset           : 82372
  Weight                        : 0.27809294190223294
BoneBinding01 ------------------.
  BoneListStartOffset           : 82624
  Weight                        : 0.721907058097767
BoneBinding02 ------------------.
  BoneListStartOffset           :  0 NULL ==> None
  Weight                        : 0.0
BoneBinding03 ------------------.
  BoneListStartOffset           :  0 NULL ==> None
  Weight                        : 0.0
BoneBinding04 ------------------.
  BoneListStartOffset           :  0 NULL ==> None
  Weight                        : 0.0
BoneBinding05 ------------------.
  BoneListStartOffset           :  0 NULL ==> None
  Weight                        : 0.0
BoneBinding06 ------------------.
  BoneListStartOffset           :  0 NULL ==> None
  Weight                        : 0.0
BoneBinding07 ------------------.
  BoneListStartOffset           :  0 NULL ==> None
  Weight                        : 0.0
Reserved                      : 0
ExtraData ----------------------. 
  DataBlockCount                : 0
  DataBlockStartOffset          : 0
  Pad0                          : ''
  Pad1                          : [ 0 ,  0 ]
--------------------------------------------------------------------------------
IGfVerts [ 25 / 212 ] (7764)
------------------------------.
Point --------------------------.
  X                             : -1.652277
  Y                             : 3.764639
  Z                             : -3.000000
  Weight                        : 1.000000
Normal -------------------------.
  X                             : 0.481613
  Y                             : -0.436293
  Z                             : -0.760033
  Weight                        : 1.000000
ValidUVsCount                 : 2
UV00 ---------------------------.
  U                             : -0.6616106033325195
  V                             : 2.7038509845733643
UV01 ---------------------------.
  U                             : -0.6616106033325195
  V                             : 2.7038509845733643
UV02 ---------------------------.
  U                             : 0.0
  V                             : 0.0
UV03 ---------------------------.
  U                             : 0.0
  V                             : 0.0
UV04 ---------------------------.
  U                             : 0.0
  V                             : 0.0
UV05 ---------------------------.
  U                             : 0.0
  V                             : 0.0
UV06 ---------------------------.
  U                             : 0.0
  V                             : 0.0
UV07 ---------------------------.
  U                             : 0.0
  V                             : 0.0
Color --------------------------.
    Red                           : 0.000000
    Green                         : 0.000000
    Blue                          : 0.000000
    Alpha                         : 1.000000
MaterialStartOffset           : 216
BoneCount                     : 2
BoneBinding00 ------------------.
  BoneListStartOffset           : 82372
  Weight                        : 0.32015717148509615
BoneBinding01 ------------------.
  BoneListStartOffset           : 82624
  Weight                        : 0.6798428285149039
BoneBinding02 ------------------.
  BoneListStartOffset           :  0 NULL ==> None
  Weight                        : 0.0
BoneBinding03 ------------------.
  BoneListStartOffset           :  0 NULL ==> None
  Weight                        : 0.0
BoneBinding04 ------------------.
  BoneListStartOffset           :  0 NULL ==> None
  Weight                        : 0.0
BoneBinding05 ------------------.
  BoneListStartOffset           :  0 NULL ==> None
  Weight                        : 0.0
BoneBinding06 ------------------.
  BoneListStartOffset           :  0 NULL ==> None
  Weight                        : 0.0
BoneBinding07 ------------------.
  BoneListStartOffset           :  0 NULL ==> None
  Weight                        : 0.0
Reserved                      : 0
ExtraData ----------------------. 
  DataBlockCount                : 0
  DataBlockStartOffset          : 0
  Pad0                          : ''
  Pad1                          : [ 0 ,  0 ]
--------------------------------------------------------------------------------
IGfVerts [ 26 / 212 ] (8004)
------------------------------.
Point --------------------------.
  X                             : 2.037349
  Y                             : 3.797111
  Z                             : -3.000000
  Weight                        : 1.000000
Normal -------------------------.
  X                             : -0.529527
  Y                             : -0.281655
  Z                             : -0.800134
  Weight                        : 1.000000
ValidUVsCount                 : 2
UV00 ---------------------------.
  U                             : -0.3524497151374817
  V                             : 2.7002100944519043
UV01 ---------------------------.
  U                             : -0.3524497151374817
  V                             : 2.7002100944519043
UV02 ---------------------------.
  U                             : 0.0
  V                             : 0.0
UV03 ---------------------------.
  U                             : 0.0
  V                             : 0.0
UV04 ---------------------------.
  U                             : 0.0
  V                             : 0.0
UV05 ---------------------------.
  U                             : 0.0
  V                             : 0.0
UV06 ---------------------------.
  U                             : 0.0
  V                             : 0.0
UV07 ---------------------------.
  U                             : 0.0
  V                             : 0.0
Color --------------------------.
    Red                           : 0.000000
    Green                         : 0.000000
    Blue                          : 0.000000
    Alpha                         : 1.000000
MaterialStartOffset           : 216
BoneCount                     : 2
BoneBinding00 ------------------.
  BoneListStartOffset           : 82372
  Weight                        : 0.33101058350451384
BoneBinding01 ------------------.
  BoneListStartOffset           : 82624
  Weight                        : 0.6689894164954862
BoneBinding02 ------------------.
  BoneListStartOffset           :  0 NULL ==> None
  Weight                        : 0.0
BoneBinding03 ------------------.
  BoneListStartOffset           :  0 NULL ==> None
  Weight                        : 0.0
BoneBinding04 ------------------.
  BoneListStartOffset           :  0 NULL ==> None
  Weight                        : 0.0
BoneBinding05 ------------------.
  BoneListStartOffset           :  0 NULL ==> None
  Weight                        : 0.0
BoneBinding06 ------------------.
  BoneListStartOffset           :  0 NULL ==> None
  Weight                        : 0.0
BoneBinding07 ------------------.
  BoneListStartOffset           :  0 NULL ==> None
  Weight                        : 0.0
Reserved                      : 0
ExtraData ----------------------. 
  DataBlockCount                : 0
  DataBlockStartOffset          : 0
  Pad0                          : ''
  Pad1                          : [ 0 ,  0 ]
--------------------------------------------------------------------------------
IGfVerts [ 27 / 212 ] (8244)
------------------------------.
Point --------------------------.
  X                             : 6.336990
  Y                             : 3.656819
  Z                             : -3.000000
  Weight                        : 1.000000
Normal -------------------------.
  X                             : 0.748161
  Y                             : -0.108737
  Z                             : -0.654530
  Weight                        : 1.000000
ValidUVsCount                 : 2
UV00 ---------------------------.
  U                             : 0.007613480091094971
  V                             : 2.7257275581359863
UV01 ---------------------------.
  U                             : 0.007613480091094971
  V                             : 2.7257275581359863
UV02 ---------------------------.
  U                             : 0.0
  V                             : 0.0
UV03 ---------------------------.
  U                             : 0.0
  V                             : 0.0
UV04 ---------------------------.
  U                             : 0.0
  V                             : 0.0
UV05 ---------------------------.
  U                             : 0.0
  V                             : 0.0
UV06 ---------------------------.
  U                             : 0.0
  V                             : 0.0
UV07 ---------------------------.
  U                             : 0.0
  V                             : 0.0
Color --------------------------.
    Red                           : 0.000000
    Green                         : 0.000000
    Blue                          : 0.000000
    Alpha                         : 1.000000
MaterialStartOffset           : 216
BoneCount                     : 2
BoneBinding00 ------------------.
  BoneListStartOffset           : 82372
  Weight                        : 0.3888630690914913
BoneBinding01 ------------------.
  BoneListStartOffset           : 82624
  Weight                        : 0.6111369309085087
BoneBinding02 ------------------.
  BoneListStartOffset           :  0 NULL ==> None
  Weight                        : 0.0
BoneBinding03 ------------------.
  BoneListStartOffset           :  0 NULL ==> None
  Weight                        : 0.0
BoneBinding04 ------------------.
  BoneListStartOffset           :  0 NULL ==> None
  Weight                        : 0.0
BoneBinding05 ------------------.
  BoneListStartOffset           :  0 NULL ==> None
  Weight                        : 0.0
BoneBinding06 ------------------.
  BoneListStartOffset           :  0 NULL ==> None
  Weight                        : 0.0
BoneBinding07 ------------------.
  BoneListStartOffset           :  0 NULL ==> None
  Weight                        : 0.0
Reserved                      : 0
ExtraData ----------------------. 
  DataBlockCount                : 0
  DataBlockStartOffset          : 0
  Pad0                          : ''
  Pad1                          : [ 0 ,  0 ]
--------------------------------------------------------------------------------
IGfVerts [ 28 / 212 ] (8484)
------------------------------.
Point --------------------------.
  X                             : 2.054908
  Y                             : 3.627901
  Z                             : -3.000000
  Weight                        : 1.000000
Normal -------------------------.
  X                             : -0.575091
  Y                             : 0.156926
  Z                             : -0.802881
  Weight                        : 1.000000
ValidUVsCount                 : 2
UV00 ---------------------------.
  U                             : -0.35101890563964844
  V                             : 2.728562593460083
UV01 ---------------------------.
  U                             : -0.35101890563964844
  V                             : 2.728562593460083
UV02 ---------------------------.
  U                             : 0.0
  V                             : 0.0
UV03 ---------------------------.
  U                             : 0.0
  V                             : 0.0
UV04 ---------------------------.
  U                             : 0.0
  V                             : 0.0
UV05 ---------------------------.
  U                             : 0.0
  V                             : 0.0
UV06 ---------------------------.
  U                             : 0.0
  V                             : 0.0
UV07 ---------------------------.
  U                             : 0.0
  V                             : 0.0
Color --------------------------.
    Red                           : 0.000000
    Green                         : 0.000000
    Blue                          : 0.000000
    Alpha                         : 1.000000
MaterialStartOffset           : 216
BoneCount                     : 2
BoneBinding00 ------------------.
  BoneListStartOffset           : 82372
  Weight                        : 0.3800660875484053
BoneBinding01 ------------------.
  BoneListStartOffset           : 82624
  Weight                        : 0.6199339124515947
BoneBinding02 ------------------.
  BoneListStartOffset           :  0 NULL ==> None
  Weight                        : 0.0
BoneBinding03 ------------------.
  BoneListStartOffset           :  0 NULL ==> None
  Weight                        : 0.0
BoneBinding04 ------------------.
  BoneListStartOffset           :  0 NULL ==> None
  Weight                        : 0.0
BoneBinding05 ------------------.
  BoneListStartOffset           :  0 NULL ==> None
  Weight                        : 0.0
BoneBinding06 ------------------.
  BoneListStartOffset           :  0 NULL ==> None
  Weight                        : 0.0
BoneBinding07 ------------------.
  BoneListStartOffset           :  0 NULL ==> None
  Weight                        : 0.0
Reserved                      : 0
ExtraData ----------------------. 
  DataBlockCount                : 0
  DataBlockStartOffset          : 0
  Pad0                          : ''
  Pad1                          : [ 0 ,  0 ]
--------------------------------------------------------------------------------
IGfVerts [ 29 / 212 ] (8724)
------------------------------.
Point --------------------------.
  X                             : -6.116800
  Y                             : 3.592492
  Z                             : -3.000000
  Weight                        : 1.000000
Normal -------------------------.
  X                             : -0.711142
  Y                             : -0.419782
  Z                             : -0.563921
  Weight                        : 1.000000
ValidUVsCount                 : 2
UV00 ---------------------------.
  U                             : -1.035165786743164
  V                             : 2.730548620223999
UV01 ---------------------------.
  U                             : -1.035165786743164
  V                             : 2.730548620223999
UV02 ---------------------------.
  U                             : 0.0
  V                             : 0.0
UV03 ---------------------------.
  U                             : 0.0
  V                             : 0.0
UV04 ---------------------------.
  U                             : 0.0
  V                             : 0.0
UV05 ---------------------------.
  U                             : 0.0
  V                             : 0.0
UV06 ---------------------------.
  U                             : 0.0
  V                             : 0.0
UV07 ---------------------------.
  U                             : 0.0
  V                             : 0.0
Color --------------------------.
    Red                           : 0.000000
    Green                         : 0.000000
    Blue                          : 0.000000
    Alpha                         : 1.000000
MaterialStartOffset           : 216
BoneCount                     : 2
BoneBinding00 ------------------.
  BoneListStartOffset           : 82372
  Weight                        : 0.34592209777480265
BoneBinding01 ------------------.
  BoneListStartOffset           : 82624
  Weight                        : 0.6540779022251973
BoneBinding02 ------------------.
  BoneListStartOffset           :  0 NULL ==> None
  Weight                        : 0.0
BoneBinding03 ------------------.
  BoneListStartOffset           :  0 NULL ==> None
  Weight                        : 0.0
BoneBinding04 ------------------.
  BoneListStartOffset           :  0 NULL ==> None
  Weight                        : 0.0
BoneBinding05 ------------------.
  BoneListStartOffset           :  0 NULL ==> None
  Weight                        : 0.0
BoneBinding06 ------------------.
  BoneListStartOffset           :  0 NULL ==> None
  Weight                        : 0.0
BoneBinding07 ------------------.
  BoneListStartOffset           :  0 NULL ==> None
  Weight                        : 0.0
Reserved                      : 0
ExtraData ----------------------. 
  DataBlockCount                : 0
  DataBlockStartOffset          : 0
  Pad0                          : ''
  Pad1                          : [ 0 ,  0 ]
--------------------------------------------------------------------------------
IGfVerts [ 30 / 212 ] (8964)
------------------------------.
Point --------------------------.
  X                             : -1.817537
  Y                             : 3.476581
  Z                             : -3.000000
  Weight                        : 1.000000
Normal -------------------------.
  X                             : -0.000000
  Y                             : 0.000001
  Z                             : -1.000000
  Weight                        : 1.000000
ValidUVsCount                 : 2
UV00 ---------------------------.
  U                             : -0.6755046844482422
  V                             : 2.7519729137420654
UV01 ---------------------------.
  U                             : -0.6755046844482422
  V                             : 2.7519729137420654
UV02 ---------------------------.
  U                             : 0.0
  V                             : 0.0
UV03 ---------------------------.
  U                             : 0.0
  V                             : 0.0
UV04 ---------------------------.
  U                             : 0.0
  V                             : 0.0
UV05 ---------------------------.
  U                             : 0.0
  V                             : 0.0
UV06 ---------------------------.
  U                             : 0.0
  V                             : 0.0
UV07 ---------------------------.
  U                             : 0.0
  V                             : 0.0
Color --------------------------.
    Red                           : 0.000000
    Green                         : 0.000000
    Blue                          : 0.000000
    Alpha                         : 1.000000
MaterialStartOffset           : 216
BoneCount                     : 2
BoneBinding00 ------------------.
  BoneListStartOffset           : 82372
  Weight                        : 0.37417564588370406
BoneBinding01 ------------------.
  BoneListStartOffset           : 82624
  Weight                        : 0.6258243541162959
BoneBinding02 ------------------.
  BoneListStartOffset           :  0 NULL ==> None
  Weight                        : 0.0
BoneBinding03 ------------------.
  BoneListStartOffset           :  0 NULL ==> None
  Weight                        : 0.0
BoneBinding04 ------------------.
  BoneListStartOffset           :  0 NULL ==> None
  Weight                        : 0.0
BoneBinding05 ------------------.
  BoneListStartOffset           :  0 NULL ==> None
  Weight                        : 0.0
BoneBinding06 ------------------.
  BoneListStartOffset           :  0 NULL ==> None
  Weight                        : 0.0
BoneBinding07 ------------------.
  BoneListStartOffset           :  0 NULL ==> None
  Weight                        : 0.0
Reserved                      : 0
ExtraData ----------------------. 
  DataBlockCount                : 0
  DataBlockStartOffset          : 0
  Pad0                          : ''
  Pad1                          : [ 0 ,  0 ]
--------------------------------------------------------------------------------
IGfVerts [ 31 / 212 ] (9204)
------------------------------.
Point --------------------------.
  X                             : 6.205133
  Y                             : 3.351807
  Z                             : -3.000000
  Weight                        : 1.000000
Normal -------------------------.
  X                             : 0.603778
  Y                             : -0.447035
  Z                             : -0.659963
  Weight                        : 1.000000
ValidUVsCount                 : 2
UV00 ---------------------------.
  U                             : -0.003501296043395996
  V                             : 2.7767558097839355
UV01 ---------------------------.
  U                             : -0.003501296043395996
  V                             : 2.7767558097839355
UV02 ---------------------------.
  U                             : 0.0
  V                             : 0.0
UV03 ---------------------------.
  U                             : 0.0
  V                             : 0.0
UV04 ---------------------------.
  U                             : 0.0
  V                             : 0.0
UV05 ---------------------------.
  U                             : 0.0
  V                             : 0.0
UV06 ---------------------------.
  U                             : 0.0
  V                             : 0.0
UV07 ---------------------------.
  U                             : 0.0
  V                             : 0.0
Color --------------------------.
    Red                           : 0.000000
    Green                         : 0.000000
    Blue                          : 0.000000
    Alpha                         : 1.000000
MaterialStartOffset           : 216
BoneCount                     : 2
BoneBinding00 ------------------.
  BoneListStartOffset           : 82372
  Weight                        : 0.4532527241073492
BoneBinding01 ------------------.
  BoneListStartOffset           : 82624
  Weight                        : 0.5467472758926508
BoneBinding02 ------------------.
  BoneListStartOffset           :  0 NULL ==> None
  Weight                        : 0.0
BoneBinding03 ------------------.
  BoneListStartOffset           :  0 NULL ==> None
  Weight                        : 0.0
BoneBinding04 ------------------.
  BoneListStartOffset           :  0 NULL ==> None
  Weight                        : 0.0
BoneBinding05 ------------------.
  BoneListStartOffset           :  0 NULL ==> None
  Weight                        : 0.0
BoneBinding06 ------------------.
  BoneListStartOffset           :  0 NULL ==> None
  Weight                        : 0.0
BoneBinding07 ------------------.
  BoneListStartOffset           :  0 NULL ==> None
  Weight                        : 0.0
Reserved                      : 0
ExtraData ----------------------. 
  DataBlockCount                : 0
  DataBlockStartOffset          : 0
  Pad0                          : ''
  Pad1                          : [ 0 ,  0 ]
--------------------------------------------------------------------------------
IGfVerts [ 32 / 212 ] (9444)
------------------------------.
Point --------------------------.
  X                             : 1.872449
  Y                             : 3.405782
  Z                             : -3.000000
  Weight                        : 1.000000
Normal -------------------------.
  X                             : -0.416852
  Y                             : 0.501450
  Z                             : -0.758110
  Weight                        : 1.000000
ValidUVsCount                 : 2
UV00 ---------------------------.
  U                             : -0.3663522005081177
  V                             : 2.7656824588775635
UV01 ---------------------------.
  U                             : -0.3663522005081177
  V                             : 2.7656824588775635
UV02 ---------------------------.
  U                             : 0.0
  V                             : 0.0
UV03 ---------------------------.
  U                             : 0.0
  V                             : 0.0
UV04 ---------------------------.
  U                             : 0.0
  V                             : 0.0
UV05 ---------------------------.
  U                             : 0.0
  V                             : 0.0
UV06 ---------------------------.
  U                             : 0.0
  V                             : 0.0
UV07 ---------------------------.
  U                             : 0.0
  V                             : 0.0
Color --------------------------.
    Red                           : 0.000000
    Green                         : 0.000000
    Blue                          : 0.000000
    Alpha                         : 1.000000
MaterialStartOffset           : 216
BoneCount                     : 2
BoneBinding00 ------------------.
  BoneListStartOffset           : 82372
  Weight                        : 0.4481122806962575
BoneBinding01 ------------------.
  BoneListStartOffset           : 82624
  Weight                        : 0.5518877193037425
BoneBinding02 ------------------.
  BoneListStartOffset           :  0 NULL ==> None
  Weight                        : 0.0
BoneBinding03 ------------------.
  BoneListStartOffset           :  0 NULL ==> None
  Weight                        : 0.0
BoneBinding04 ------------------.
  BoneListStartOffset           :  0 NULL ==> None
  Weight                        : 0.0
BoneBinding05 ------------------.
  BoneListStartOffset           :  0 NULL ==> None
  Weight                        : 0.0
BoneBinding06 ------------------.
  BoneListStartOffset           :  0 NULL ==> None
  Weight                        : 0.0
BoneBinding07 ------------------.
  BoneListStartOffset           :  0 NULL ==> None
  Weight                        : 0.0
Reserved                      : 0
ExtraData ----------------------. 
  DataBlockCount                : 0
  DataBlockStartOffset          : 0
  Pad0                          : ''
  Pad1                          : [ 0 ,  0 ]
--------------------------------------------------------------------------------
IGfVerts [ 33 / 212 ] (9684)
------------------------------.
Point --------------------------.
  X                             : 6.443791
  Y                             : 1.165376
  Z                             : -3.000000
  Weight                        : 1.000000
Normal -------------------------.
  X                             : 1.000000
  Y                             : -0.000001
  Z                             : -0.000000
  Weight                        : 1.000000
ValidUVsCount                 : 2
UV00 ---------------------------.
  U                             : 0.01612985134124756
  V                             : 3.1430962085723877
UV01 ---------------------------.
  U                             : 0.01612985134124756
  V                             : 3.1430962085723877
UV02 ---------------------------.
  U                             : 0.0
  V                             : 0.0
UV03 ---------------------------.
  U                             : 0.0
  V                             : 0.0
UV04 ---------------------------.
  U                             : 0.0
  V                             : 0.0
UV05 ---------------------------.
  U                             : 0.0
  V                             : 0.0
UV06 ---------------------------.
  U                             : 0.0
  V                             : 0.0
UV07 ---------------------------.
  U                             : 0.0
  V                             : 0.0
Color --------------------------.
    Red                           : 0.000000
    Green                         : 0.000000
    Blue                          : 0.000000
    Alpha                         : 1.000000
MaterialStartOffset           : 216
BoneCount                     : 2
BoneBinding00 ------------------.
  BoneListStartOffset           : 82372
  Weight                        : 0.9072746724627769
BoneBinding01 ------------------.
  BoneListStartOffset           : 82624
  Weight                        : 0.09272532753722304
BoneBinding02 ------------------.
  BoneListStartOffset           :  0 NULL ==> None
  Weight                        : 0.0
BoneBinding03 ------------------.
  BoneListStartOffset           :  0 NULL ==> None
  Weight                        : 0.0
BoneBinding04 ------------------.
  BoneListStartOffset           :  0 NULL ==> None
  Weight                        : 0.0
BoneBinding05 ------------------.
  BoneListStartOffset           :  0 NULL ==> None
  Weight                        : 0.0
BoneBinding06 ------------------.
  BoneListStartOffset           :  0 NULL ==> None
  Weight                        : 0.0
BoneBinding07 ------------------.
  BoneListStartOffset           :  0 NULL ==> None
  Weight                        : 0.0
Reserved                      : 0
ExtraData ----------------------. 
  DataBlockCount                : 0
  DataBlockStartOffset          : 0
  Pad0                          : ''
  Pad1                          : [ 0 ,  0 ]
--------------------------------------------------------------------------------
IGfVerts [ 34 / 212 ] (9924)
------------------------------.
Point --------------------------.
  X                             : 6.443790
  Y                             : -0.000764
  Z                             : -3.000000
  Weight                        : 1.000000
Normal -------------------------.
  X                             : 1.000000
  Y                             : -0.000001
  Z                             : -0.000000
  Weight                        : 1.000000
ValidUVsCount                 : 2
UV00 ---------------------------.
  U                             : 0.01585596799850464
  V                             : 3.338454246520996
UV01 ---------------------------.
  U                             : 0.01585596799850464
  V                             : 3.338454246520996
UV02 ---------------------------.
  U                             : 0.0
  V                             : 0.0
UV03 ---------------------------.
  U                             : 0.0
  V                             : 0.0
UV04 ---------------------------.
  U                             : 0.0
  V                             : 0.0
UV05 ---------------------------.
  U                             : 0.0
  V                             : 0.0
UV06 ---------------------------.
  U                             : 0.0
  V                             : 0.0
UV07 ---------------------------.
  U                             : 0.0
  V                             : 0.0
Color --------------------------.
    Red                           : 0.000000
    Green                         : 0.000000
    Blue                          : 0.000000
    Alpha                         : 1.000000
MaterialStartOffset           : 216
BoneCount                     : 2
BoneBinding00 ------------------.
  BoneListStartOffset           : 82372
  Weight                        : 0.9975186173489979
BoneBinding01 ------------------.
  BoneListStartOffset           : 82624
  Weight                        : 0.002481382651002062
BoneBinding02 ------------------.
  BoneListStartOffset           :  0 NULL ==> None
  Weight                        : 0.0
BoneBinding03 ------------------.
  BoneListStartOffset           :  0 NULL ==> None
  Weight                        : 0.0
BoneBinding04 ------------------.
  BoneListStartOffset           :  0 NULL ==> None
  Weight                        : 0.0
BoneBinding05 ------------------.
  BoneListStartOffset           :  0 NULL ==> None
  Weight                        : 0.0
BoneBinding06 ------------------.
  BoneListStartOffset           :  0 NULL ==> None
  Weight                        : 0.0
BoneBinding07 ------------------.
  BoneListStartOffset           :  0 NULL ==> None
  Weight                        : 0.0
Reserved                      : 0
ExtraData ----------------------. 
  DataBlockCount                : 0
  DataBlockStartOffset          : 0
  Pad0                          : ''
  Pad1                          : [ 0 ,  0 ]
--------------------------------------------------------------------------------
IGfVerts [ 35 / 212 ] (10164)
------------------------------.
Point --------------------------.
  X                             : 6.443793
  Y                             : -0.000763
  Z                             : 3.000000
  Weight                        : 1.000000
Normal -------------------------.
  X                             : 1.000000
  Y                             : -0.000001
  Z                             : -0.000000
  Weight                        : 1.000000
ValidUVsCount                 : 2
UV00 ---------------------------.
  U                             : 0.5184317827224731
  V                             : 3.34127140045166
UV01 ---------------------------.
  U                             : 0.5184317827224731
  V                             : 3.34127140045166
UV02 ---------------------------.
  U                             : 0.0
  V                             : 0.0
UV03 ---------------------------.
  U                             : 0.0
  V                             : 0.0
UV04 ---------------------------.
  U                             : 0.0
  V                             : 0.0
UV05 ---------------------------.
  U                             : 0.0
  V                             : 0.0
UV06 ---------------------------.
  U                             : 0.0
  V                             : 0.0
UV07 ---------------------------.
  U                             : 0.0
  V                             : 0.0
Color --------------------------.
    Red                           : 0.000000
    Green                         : 0.000000
    Blue                          : 0.000000
    Alpha                         : 1.000000
MaterialStartOffset           : 216
BoneCount                     : 2
BoneBinding00 ------------------.
  BoneListStartOffset           : 82372
  Weight                        : 0.9975186174968509
BoneBinding01 ------------------.
  BoneListStartOffset           : 82624
  Weight                        : 0.0024813825031491073
BoneBinding02 ------------------.
  BoneListStartOffset           :  0 NULL ==> None
  Weight                        : 0.0
BoneBinding03 ------------------.
  BoneListStartOffset           :  0 NULL ==> None
  Weight                        : 0.0
BoneBinding04 ------------------.
  BoneListStartOffset           :  0 NULL ==> None
  Weight                        : 0.0
BoneBinding05 ------------------.
  BoneListStartOffset           :  0 NULL ==> None
  Weight                        : 0.0
BoneBinding06 ------------------.
  BoneListStartOffset           :  0 NULL ==> None
  Weight                        : 0.0
BoneBinding07 ------------------.
  BoneListStartOffset           :  0 NULL ==> None
  Weight                        : 0.0
Reserved                      : 0
ExtraData ----------------------. 
  DataBlockCount                : 0
  DataBlockStartOffset          : 0
  Pad0                          : ''
  Pad1                          : [ 0 ,  0 ]
--------------------------------------------------------------------------------
IGfVerts [ 36 / 212 ] (10404)
------------------------------.
Point --------------------------.
  X                             : 6.443794
  Y                             : 1.165377
  Z                             : 3.000000
  Weight                        : 1.000000
Normal -------------------------.
  X                             : 1.000000
  Y                             : -0.000001
  Z                             : -0.000000
  Weight                        : 1.000000
ValidUVsCount                 : 2
UV00 ---------------------------.
  U                             : 0.5187056064605713
  V                             : 3.1459131240844727
UV01 ---------------------------.
  U                             : 0.5187056064605713
  V                             : 3.1459131240844727
UV02 ---------------------------.
  U                             : 0.0
  V                             : 0.0
UV03 ---------------------------.
  U                             : 0.0
  V                             : 0.0
UV04 ---------------------------.
  U                             : 0.0
  V                             : 0.0
UV05 ---------------------------.
  U                             : 0.0
  V                             : 0.0
UV06 ---------------------------.
  U                             : 0.0
  V                             : 0.0
UV07 ---------------------------.
  U                             : 0.0
  V                             : 0.0
Color --------------------------.
    Red                           : 0.000000
    Green                         : 0.000000
    Blue                          : 0.000000
    Alpha                         : 1.000000
MaterialStartOffset           : 216
BoneCount                     : 2
BoneBinding00 ------------------.
  BoneListStartOffset           : 82372
  Weight                        : 0.9072728997284606
BoneBinding01 ------------------.
  BoneListStartOffset           : 82624
  Weight                        : 0.09272710027153935
BoneBinding02 ------------------.
  BoneListStartOffset           :  0 NULL ==> None
  Weight                        : 0.0
BoneBinding03 ------------------.
  BoneListStartOffset           :  0 NULL ==> None
  Weight                        : 0.0
BoneBinding04 ------------------.
  BoneListStartOffset           :  0 NULL ==> None
  Weight                        : 0.0
BoneBinding05 ------------------.
  BoneListStartOffset           :  0 NULL ==> None
  Weight                        : 0.0
BoneBinding06 ------------------.
  BoneListStartOffset           :  0 NULL ==> None
  Weight                        : 0.0
BoneBinding07 ------------------.
  BoneListStartOffset           :  0 NULL ==> None
  Weight                        : 0.0
Reserved                      : 0
ExtraData ----------------------. 
  DataBlockCount                : 0
  DataBlockStartOffset          : 0
  Pad0                          : ''
  Pad1                          : [ 0 ,  0 ]
--------------------------------------------------------------------------------
IGfVerts [ 37 / 212 ] (10644)
------------------------------.
Point --------------------------.
  X                             : 1.382679
  Y                             : 3.161568
  Z                             : -3.000000
  Weight                        : 1.000000
Normal -------------------------.
  X                             : -0.259743
  Y                             : 0.638996
  Z                             : -0.723991
  Weight                        : 1.000000
ValidUVsCount                 : 2
UV00 ---------------------------.
  U                             : -0.4074282646179199
  V                             : 2.806358814239502
UV01 ---------------------------.
  U                             : -0.4074282646179199
  V                             : 2.806358814239502
UV02 ---------------------------.
  U                             : 0.0
  V                             : 0.0
UV03 ---------------------------.
  U                             : 0.0
  V                             : 0.0
UV04 ---------------------------.
  U                             : 0.0
  V                             : 0.0
UV05 ---------------------------.
  U                             : 0.0
  V                             : 0.0
UV06 ---------------------------.
  U                             : 0.0
  V                             : 0.0
UV07 ---------------------------.
  U                             : 0.0
  V                             : 0.0
Color --------------------------.
    Red                           : 0.000000
    Green                         : 0.000000
    Blue                          : 0.000000
    Alpha                         : 1.000000
MaterialStartOffset           : 216
BoneCount                     : 2
BoneBinding00 ------------------.
  BoneListStartOffset           : 82372
  Weight                        : 0.5173999018762374
BoneBinding01 ------------------.
  BoneListStartOffset           : 82624
  Weight                        : 0.4826000981237626
BoneBinding02 ------------------.
  BoneListStartOffset           :  0 NULL ==> None
  Weight                        : 0.0
BoneBinding03 ------------------.
  BoneListStartOffset           :  0 NULL ==> None
  Weight                        : 0.0
BoneBinding04 ------------------.
  BoneListStartOffset           :  0 NULL ==> None
  Weight                        : 0.0
BoneBinding05 ------------------.
  BoneListStartOffset           :  0 NULL ==> None
  Weight                        : 0.0
BoneBinding06 ------------------.
  BoneListStartOffset           :  0 NULL ==> None
  Weight                        : 0.0
BoneBinding07 ------------------.
  BoneListStartOffset           :  0 NULL ==> None
  Weight                        : 0.0
Reserved                      : 0
ExtraData ----------------------. 
  DataBlockCount                : 0
  DataBlockStartOffset          : 0
  Pad0                          : ''
  Pad1                          : [ 0 ,  0 ]
--------------------------------------------------------------------------------
IGfVerts [ 38 / 212 ] (10884)
------------------------------.
Point --------------------------.
  X                             : 5.734695
  Y                             : 2.951485
  Z                             : -3.000000
  Weight                        : 1.000000
Normal -------------------------.
  X                             : 0.392529
  Y                             : -0.621754
  Z                             : -0.677694
  Weight                        : 1.000000
ValidUVsCount                 : 2
UV00 ---------------------------.
  U                             : -0.04299432039260864
  V                             : 2.8435888290405273
UV01 ---------------------------.
  U                             : -0.04299432039260864
  V                             : 2.8435888290405273
UV02 ---------------------------.
  U                             : 0.0
  V                             : 0.0
UV03 ---------------------------.
  U                             : 0.0
  V                             : 0.0
UV04 ---------------------------.
  U                             : 0.0
  V                             : 0.0
UV05 ---------------------------.
  U                             : 0.0
  V                             : 0.0
UV06 ---------------------------.
  U                             : 0.0
  V                             : 0.0
UV07 ---------------------------.
  U                             : 0.0
  V                             : 0.0
Color --------------------------.
    Red                           : 0.000000
    Green                         : 0.000000
    Blue                          : 0.000000
    Alpha                         : 1.000000
MaterialStartOffset           : 216
BoneCount                     : 2
BoneBinding00 ------------------.
  BoneListStartOffset           : 82372
  Weight                        : 0.5205314858042824
BoneBinding01 ------------------.
  BoneListStartOffset           : 82624
  Weight                        : 0.47946851419571757
BoneBinding02 ------------------.
  BoneListStartOffset           :  0 NULL ==> None
  Weight                        : 0.0
BoneBinding03 ------------------.
  BoneListStartOffset           :  0 NULL ==> None
  Weight                        : 0.0
BoneBinding04 ------------------.
  BoneListStartOffset           :  0 NULL ==> None
  Weight                        : 0.0
BoneBinding05 ------------------.
  BoneListStartOffset           :  0 NULL ==> None
  Weight                        : 0.0
BoneBinding06 ------------------.
  BoneListStartOffset           :  0 NULL ==> None
  Weight                        : 0.0
BoneBinding07 ------------------.
  BoneListStartOffset           :  0 NULL ==> None
  Weight                        : 0.0
Reserved                      : 0
ExtraData ----------------------. 
  DataBlockCount                : 0
  DataBlockStartOffset          : 0
  Pad0                          : ''
  Pad1                          : [ 0 ,  0 ]
--------------------------------------------------------------------------------
IGfVerts [ 39 / 212 ] (11124)
------------------------------.
Point --------------------------.
  X                             : 0.380177
  Y                             : 2.840088
  Z                             : -3.000000
  Weight                        : 1.000000
Normal -------------------------.
  X                             : -0.193426
  Y                             : 0.673208
  Z                             : -0.713675
  Weight                        : 1.000000
ValidUVsCount                 : 2
UV00 ---------------------------.
  U                             : -0.49146318435668945
  V                             : 2.859736919403076
UV01 ---------------------------.
  U                             : -0.49146318435668945
  V                             : 2.859736919403076
UV02 ---------------------------.
  U                             : 0.0
  V                             : 0.0
UV03 ---------------------------.
  U                             : 0.0
  V                             : 0.0
UV04 ---------------------------.
  U                             : 0.0
  V                             : 0.0
UV05 ---------------------------.
  U                             : 0.0
  V                             : 0.0
UV06 ---------------------------.
  U                             : 0.0
  V                             : 0.0
UV07 ---------------------------.
  U                             : 0.0
  V                             : 0.0
Color --------------------------.
    Red                           : 0.000000
    Green                         : 0.000000
    Blue                          : 0.000000
    Alpha                         : 1.000000
MaterialStartOffset           : 216
BoneCount                     : 2
BoneBinding00 ------------------.
  BoneListStartOffset           : 82372
  Weight                        : 0.5940338702834401
BoneBinding01 ------------------.
  BoneListStartOffset           : 82624
  Weight                        : 0.4059661297165598
BoneBinding02 ------------------.
  BoneListStartOffset           :  0 NULL ==> None
  Weight                        : 0.0
BoneBinding03 ------------------.
  BoneListStartOffset           :  0 NULL ==> None
  Weight                        : 0.0
BoneBinding04 ------------------.
  BoneListStartOffset           :  0 NULL ==> None
  Weight                        : 0.0
BoneBinding05 ------------------.
  BoneListStartOffset           :  0 NULL ==> None
  Weight                        : 0.0
BoneBinding06 ------------------.
  BoneListStartOffset           :  0 NULL ==> None
  Weight                        : 0.0
BoneBinding07 ------------------.
  BoneListStartOffset           :  0 NULL ==> None
  Weight                        : 0.0
Reserved                      : 0
ExtraData ----------------------. 
  DataBlockCount                : 0
  DataBlockStartOffset          : 0
  Pad0                          : ''
  Pad1                          : [ 0 ,  0 ]
--------------------------------------------------------------------------------
IGfVerts [ 40 / 212 ] (11364)
------------------------------.
Point --------------------------.
  X                             : 4.967930
  Y                             : 2.596932
  Z                             : -3.000000
  Weight                        : 1.000000
Normal -------------------------.
  X                             : 0.260811
  Y                             : -0.670888
  Z                             : -0.694143
  Weight                        : 1.000000
ValidUVsCount                 : 2
UV00 ---------------------------.
  U                             : -0.10729414224624634
  V                             : 2.9026169776916504
UV01 ---------------------------.
  U                             : -0.10729414224624634
  V                             : 2.9026169776916504
UV02 ---------------------------.
  U                             : 0.0
  V                             : 0.0
UV03 ---------------------------.
  U                             : 0.0
  V                             : 0.0
UV04 ---------------------------.
  U                             : 0.0
  V                             : 0.0
UV05 ---------------------------.
  U                             : 0.0
  V                             : 0.0
UV06 ---------------------------.
  U                             : 0.0
  V                             : 0.0
UV07 ---------------------------.
  U                             : 0.0
  V                             : 0.0
Color --------------------------.
    Red                           : 0.000000
    Green                         : 0.000000
    Blue                          : 0.000000
    Alpha                         : 1.000000
MaterialStartOffset           : 216
BoneCount                     : 2
BoneBinding00 ------------------.
  BoneListStartOffset           : 82372
  Weight                        : 0.580892471948962
BoneBinding01 ------------------.
  BoneListStartOffset           : 82624
  Weight                        : 0.41910752805103796
BoneBinding02 ------------------.
  BoneListStartOffset           :  0 NULL ==> None
  Weight                        : 0.0
BoneBinding03 ------------------.
  BoneListStartOffset           :  0 NULL ==> None
  Weight                        : 0.0
BoneBinding04 ------------------.
  BoneListStartOffset           :  0 NULL ==> None
  Weight                        : 0.0
BoneBinding05 ------------------.
  BoneListStartOffset           :  0 NULL ==> None
  Weight                        : 0.0
BoneBinding06 ------------------.
  BoneListStartOffset           :  0 NULL ==> None
  Weight                        : 0.0
BoneBinding07 ------------------.
  BoneListStartOffset           :  0 NULL ==> None
  Weight                        : 0.0
Reserved                      : 0
ExtraData ----------------------. 
  DataBlockCount                : 0
  DataBlockStartOffset          : 0
  Pad0                          : ''
  Pad1                          : [ 0 ,  0 ]
--------------------------------------------------------------------------------
IGfVerts [ 41 / 212 ] (11604)
------------------------------.
Point --------------------------.
  X                             : -2.189663
  Y                             : 2.182198
  Z                             : -3.000000
  Weight                        : 1.000000
Normal -------------------------.
  X                             : -0.188116
  Y                             : 0.685781
  Z                             : -0.703055
  Weight                        : 1.000000
ValidUVsCount                 : 2
UV00 ---------------------------.
  U                             : -0.7068424224853516
  V                             : 2.9687280654907227
UV01 ---------------------------.
  U                             : -0.7068424224853516
  V                             : 2.9687280654907227
UV02 ---------------------------.
  U                             : 0.0
  V                             : 0.0
UV03 ---------------------------.
  U                             : 0.0
  V                             : 0.0
UV04 ---------------------------.
  U                             : 0.0
  V                             : 0.0
UV05 ---------------------------.
  U                             : 0.0
  V                             : 0.0
UV06 ---------------------------.
  U                             : 0.0
  V                             : 0.0
UV07 ---------------------------.
  U                             : 0.0
  V                             : 0.0
Color --------------------------.
    Red                           : 0.000000
    Green                         : 0.000000
    Blue                          : 0.000000
    Alpha                         : 1.000000
MaterialStartOffset           : 216
BoneCount                     : 2
BoneBinding00 ------------------.
  BoneListStartOffset           : 82372
  Weight                        : 0.7407851097353596
BoneBinding01 ------------------.
  BoneListStartOffset           : 82624
  Weight                        : 0.2592148902646404
BoneBinding02 ------------------.
  BoneListStartOffset           :  0 NULL ==> None
  Weight                        : 0.0
BoneBinding03 ------------------.
  BoneListStartOffset           :  0 NULL ==> None
  Weight                        : 0.0
BoneBinding04 ------------------.
  BoneListStartOffset           :  0 NULL ==> None
  Weight                        : 0.0
BoneBinding05 ------------------.
  BoneListStartOffset           :  0 NULL ==> None
  Weight                        : 0.0
BoneBinding06 ------------------.
  BoneListStartOffset           :  0 NULL ==> None
  Weight                        : 0.0
BoneBinding07 ------------------.
  BoneListStartOffset           :  0 NULL ==> None
  Weight                        : 0.0
Reserved                      : 0
ExtraData ----------------------. 
  DataBlockCount                : 0
  DataBlockStartOffset          : 0
  Pad0                          : ''
  Pad1                          : [ 0 ,  0 ]
--------------------------------------------------------------------------------
IGfVerts [ 42 / 212 ] (11844)
------------------------------.
Point --------------------------.
  X                             : 4.016605
  Y                             : 2.285927
  Z                             : -3.000000
  Weight                        : 1.000000
Normal -------------------------.
  X                             : 0.200903
  Y                             : -0.684591
  Z                             : -0.700674
  Weight                        : 1.000000
ValidUVsCount                 : 2
UV00 ---------------------------.
  U                             : -0.18704098463058472
  V                             : 2.9542644023895264
UV01 ---------------------------.
  U                             : -0.18704098463058472
  V                             : 2.9542644023895264
UV02 ---------------------------.
  U                             : 0.0
  V                             : 0.0
UV03 ---------------------------.
  U                             : 0.0
  V                             : 0.0
UV04 ---------------------------.
  U                             : 0.0
  V                             : 0.0
UV05 ---------------------------.
  U                             : 0.0
  V                             : 0.0
UV06 ---------------------------.
  U                             : 0.0
  V                             : 0.0
UV07 ---------------------------.
  U                             : 0.0
  V                             : 0.0
Color --------------------------.
    Red                           : 0.000000
    Green                         : 0.000000
    Blue                          : 0.000000
    Alpha                         : 1.000000
MaterialStartOffset           : 216
BoneCount                     : 2
BoneBinding00 ------------------.
  BoneListStartOffset           : 82372
  Weight                        : 0.6397478837512198
BoneBinding01 ------------------.
  BoneListStartOffset           : 82624
  Weight                        : 0.3602521162487802
BoneBinding02 ------------------.
  BoneListStartOffset           :  0 NULL ==> None
  Weight                        : 0.0
BoneBinding03 ------------------.
  BoneListStartOffset           :  0 NULL ==> None
  Weight                        : 0.0
BoneBinding04 ------------------.
  BoneListStartOffset           :  0 NULL ==> None
  Weight                        : 0.0
BoneBinding05 ------------------.
  BoneListStartOffset           :  0 NULL ==> None
  Weight                        : 0.0
BoneBinding06 ------------------.
  BoneListStartOffset           :  0 NULL ==> None
  Weight                        : 0.0
BoneBinding07 ------------------.
  BoneListStartOffset           :  0 NULL ==> None
  Weight                        : 0.0
Reserved                      : 0
ExtraData ----------------------. 
  DataBlockCount                : 0
  DataBlockStartOffset          : 0
  Pad0                          : ''
  Pad1                          : [ 0 ,  0 ]
--------------------------------------------------------------------------------
IGfVerts [ 43 / 212 ] (12084)
------------------------------.
Point --------------------------.
  X                             : 2.855900
  Y                             : 1.979195
  Z                             : -3.000000
  Weight                        : 1.000000
Normal -------------------------.
  X                             : 0.172338
  Y                             : -0.688681
  Z                             : -0.704245
  Weight                        : 1.000000
ValidUVsCount                 : 2
UV00 ---------------------------.
  U                             : -0.28432250022888184
  V                             : 3.0050978660583496
UV01 ---------------------------.
  U                             : -0.28432250022888184
  V                             : 3.0050978660583496
UV02 ---------------------------.
  U                             : 0.0
  V                             : 0.0
UV03 ---------------------------.
  U                             : 0.0
  V                             : 0.0
UV04 ---------------------------.
  U                             : 0.0
  V                             : 0.0
UV05 ---------------------------.
  U                             : 0.0
  V                             : 0.0
UV06 ---------------------------.
  U                             : 0.0
  V                             : 0.0
UV07 ---------------------------.
  U                             : 0.0
  V                             : 0.0
Color --------------------------.
    Red                           : 0.000000
    Green                         : 0.000000
    Blue                          : 0.000000
    Alpha                         : 1.000000
MaterialStartOffset           : 216
BoneCount                     : 2
BoneBinding00 ------------------.
  BoneListStartOffset           : 82372
  Weight                        : 0.7079108582647531
BoneBinding01 ------------------.
  BoneListStartOffset           : 82624
  Weight                        : 0.2920891417352469
BoneBinding02 ------------------.
  BoneListStartOffset           :  0 NULL ==> None
  Weight                        : 0.0
BoneBinding03 ------------------.
  BoneListStartOffset           :  0 NULL ==> None
  Weight                        : 0.0
BoneBinding04 ------------------.
  BoneListStartOffset           :  0 NULL ==> None
  Weight                        : 0.0
BoneBinding05 ------------------.
  BoneListStartOffset           :  0 NULL ==> None
  Weight                        : 0.0
BoneBinding06 ------------------.
  BoneListStartOffset           :  0 NULL ==> None
  Weight                        : 0.0
BoneBinding07 ------------------.
  BoneListStartOffset           :  0 NULL ==> None
  Weight                        : 0.0
Reserved                      : 0
ExtraData ----------------------. 
  DataBlockCount                : 0
  DataBlockStartOffset          : 0
  Pad0                          : ''
  Pad1                          : [ 0 ,  0 ]
--------------------------------------------------------------------------------
IGfVerts [ 44 / 212 ] (12324)
------------------------------.
Point --------------------------.
  X                             : -3.737751
  Y                             : 1.725693
  Z                             : -3.000000
  Weight                        : 1.000000
Normal -------------------------.
  X                             : -0.223823
  Y                             : 0.678609
  Z                             : -0.699515
  Weight                        : 1.000000
ValidUVsCount                 : 2
UV00 ---------------------------.
  U                             : -0.8366035223007202
  V                             : 3.0444674491882324
UV01 ---------------------------.
  U                             : -0.8366035223007202
  V                             : 3.0444674491882324
UV02 ---------------------------.
  U                             : 0.0
  V                             : 0.0
UV03 ---------------------------.
  U                             : 0.0
  V                             : 0.0
UV04 ---------------------------.
  U                             : 0.0
  V                             : 0.0
UV05 ---------------------------.
  U                             : 0.0
  V                             : 0.0
UV06 ---------------------------.
  U                             : 0.0
  V                             : 0.0
UV07 ---------------------------.
  U                             : 0.0
  V                             : 0.0
Color --------------------------.
    Red                           : 0.000000
    Green                         : 0.000000
    Blue                          : 0.000000
    Alpha                         : 1.000000
MaterialStartOffset           : 216
BoneCount                     : 2
BoneBinding00 ------------------.
  BoneListStartOffset           : 82372
  Weight                        : 0.8201458355488048
BoneBinding01 ------------------.
  BoneListStartOffset           : 82624
  Weight                        : 0.17985416445119512
BoneBinding02 ------------------.
  BoneListStartOffset           :  0 NULL ==> None
  Weight                        : 0.0
BoneBinding03 ------------------.
  BoneListStartOffset           :  0 NULL ==> None
  Weight                        : 0.0
BoneBinding04 ------------------.
  BoneListStartOffset           :  0 NULL ==> None
  Weight                        : 0.0
BoneBinding05 ------------------.
  BoneListStartOffset           :  0 NULL ==> None
  Weight                        : 0.0
BoneBinding06 ------------------.
  BoneListStartOffset           :  0 NULL ==> None
  Weight                        : 0.0
BoneBinding07 ------------------.
  BoneListStartOffset           :  0 NULL ==> None
  Weight                        : 0.0
Reserved                      : 0
ExtraData ----------------------. 
  DataBlockCount                : 0
  DataBlockStartOffset          : 0
  Pad0                          : ''
  Pad1                          : [ 0 ,  0 ]
--------------------------------------------------------------------------------
IGfVerts [ 45 / 212 ] (12564)
------------------------------.
Point --------------------------.
  X                             : 0.779850
  Y                             : 1.485344
  Z                             : -3.000000
  Weight                        : 1.000000
Normal -------------------------.
  X                             : 0.183874
  Y                             : -0.675222
  Z                             : -0.714286
  Weight                        : 1.000000
ValidUVsCount                 : 2
UV00 ---------------------------.
  U                             : -0.4583093523979187
  V                             : 3.0868453979492188
UV01 ---------------------------.
  U                             : -0.4583093523979187
  V                             : 3.0868453979492188
UV02 ---------------------------.
  U                             : 0.0
  V                             : 0.0
UV03 ---------------------------.
  U                             : 0.0
  V                             : 0.0
UV04 ---------------------------.
  U                             : 0.0
  V                             : 0.0
UV05 ---------------------------.
  U                             : 0.0
  V                             : 0.0
UV06 ---------------------------.
  U                             : 0.0
  V                             : 0.0
UV07 ---------------------------.
  U                             : 0.0
  V                             : 0.0
Color --------------------------.
    Red                           : 0.000000
    Green                         : 0.000000
    Blue                          : 0.000000
    Alpha                         : 1.000000
MaterialStartOffset           : 216
BoneCount                     : 2
BoneBinding00 ------------------.
  BoneListStartOffset           : 82372
  Weight                        : 0.8399174121671305
BoneBinding01 ------------------.
  BoneListStartOffset           : 82624
  Weight                        : 0.16008258783286958
BoneBinding02 ------------------.
  BoneListStartOffset           :  0 NULL ==> None
  Weight                        : 0.0
BoneBinding03 ------------------.
  BoneListStartOffset           :  0 NULL ==> None
  Weight                        : 0.0
BoneBinding04 ------------------.
  BoneListStartOffset           :  0 NULL ==> None
  Weight                        : 0.0
BoneBinding05 ------------------.
  BoneListStartOffset           :  0 NULL ==> None
  Weight                        : 0.0
BoneBinding06 ------------------.
  BoneListStartOffset           :  0 NULL ==> None
  Weight                        : 0.0
BoneBinding07 ------------------.
  BoneListStartOffset           :  0 NULL ==> None
  Weight                        : 0.0
Reserved                      : 0
ExtraData ----------------------. 
  DataBlockCount                : 0
  DataBlockStartOffset          : 0
  Pad0                          : ''
  Pad1                          : [ 0 ,  0 ]
--------------------------------------------------------------------------------
IGfVerts [ 46 / 212 ] (12804)
------------------------------.
Point --------------------------.
  X                             : -4.828733
  Y                             : 1.321728
  Z                             : -3.000000
  Weight                        : 1.000000
Normal -------------------------.
  X                             : -0.290536
  Y                             : 0.659810
  Z                             : -0.692953
  Weight                        : 1.000000
ValidUVsCount                 : 2
UV00 ---------------------------.
  U                             : -0.9280686378479004
  V                             : 3.1116209030151367
UV01 ---------------------------.
  U                             : -0.9280686378479004
  V                             : 3.1116209030151367
UV02 ---------------------------.
  U                             : 0.0
  V                             : 0.0
UV03 ---------------------------.
  U                             : 0.0
  V                             : 0.0
UV04 ---------------------------.
  U                             : 0.0
  V                             : 0.0
UV05 ---------------------------.
  U                             : 0.0
  V                             : 0.0
UV06 ---------------------------.
  U                             : 0.0
  V                             : 0.0
UV07 ---------------------------.
  U                             : 0.0
  V                             : 0.0
Color --------------------------.
    Red                           : 0.000000
    Green                         : 0.000000
    Blue                          : 0.000000
    Alpha                         : 1.000000
MaterialStartOffset           : 216
BoneCount                     : 2
BoneBinding00 ------------------.
  BoneListStartOffset           : 82372
  Weight                        : 0.8744447275402287
BoneBinding01 ------------------.
  BoneListStartOffset           : 82624
  Weight                        : 0.12555527245977127
BoneBinding02 ------------------.
  BoneListStartOffset           :  0 NULL ==> None
  Weight                        : 0.0
BoneBinding03 ------------------.
  BoneListStartOffset           :  0 NULL ==> None
  Weight                        : 0.0
BoneBinding04 ------------------.
  BoneListStartOffset           :  0 NULL ==> None
  Weight                        : 0.0
BoneBinding05 ------------------.
  BoneListStartOffset           :  0 NULL ==> None
  Weight                        : 0.0
BoneBinding06 ------------------.
  BoneListStartOffset           :  0 NULL ==> None
  Weight                        : 0.0
BoneBinding07 ------------------.
  BoneListStartOffset           :  0 NULL ==> None
  Weight                        : 0.0
Reserved                      : 0
ExtraData ----------------------. 
  DataBlockCount                : 0
  DataBlockStartOffset          : 0
  Pad0                          : ''
  Pad1                          : [ 0 ,  0 ]
--------------------------------------------------------------------------------
IGfVerts [ 47 / 212 ] (13044)
------------------------------.
Point --------------------------.
  X                             : -0.260226
  Y                             : 1.165429
  Z                             : -3.000000
  Weight                        : 1.000000
Normal -------------------------.
  X                             : 0.077029
  Y                             : 0.011597
  Z                             : -0.996948
  Weight                        : 1.000000
ValidUVsCount                 : 2
UV00 ---------------------------.
  U                             : -0.5454908609390259
  V                             : 3.1399431228637695
UV01 ---------------------------.
  U                             : -0.5454908609390259
  V                             : 3.1399431228637695
UV02 ---------------------------.
  U                             : 0.0
  V                             : 0.0
UV03 ---------------------------.
  U                             : 0.0
  V                             : 0.0
UV04 ---------------------------.
  U                             : 0.0
  V                             : 0.0
UV05 ---------------------------.
  U                             : 0.0
  V                             : 0.0
UV06 ---------------------------.
  U                             : 0.0
  V                             : 0.0
UV07 ---------------------------.
  U                             : 0.0
  V                             : 0.0
Color --------------------------.
    Red                           : 0.000000
    Green                         : 0.000000
    Blue                          : 0.000000
    Alpha                         : 1.000000
MaterialStartOffset           : 216
BoneCount                     : 2
BoneBinding00 ------------------.
  BoneListStartOffset           : 82372
  Weight                        : 0.907321542894979
BoneBinding01 ------------------.
  BoneListStartOffset           : 82624
  Weight                        : 0.09267845710502097
BoneBinding02 ------------------.
  BoneListStartOffset           :  0 NULL ==> None
  Weight                        : 0.0
BoneBinding03 ------------------.
  BoneListStartOffset           :  0 NULL ==> None
  Weight                        : 0.0
BoneBinding04 ------------------.
  BoneListStartOffset           :  0 NULL ==> None
  Weight                        : 0.0
BoneBinding05 ------------------.
  BoneListStartOffset           :  0 NULL ==> None
  Weight                        : 0.0
BoneBinding06 ------------------.
  BoneListStartOffset           :  0 NULL ==> None
  Weight                        : 0.0
BoneBinding07 ------------------.
  BoneListStartOffset           :  0 NULL ==> None
  Weight                        : 0.0
Reserved                      : 0
ExtraData ----------------------. 
  DataBlockCount                : 0
  DataBlockStartOffset          : 0
  Pad0                          : ''
  Pad1                          : [ 0 ,  0 ]
--------------------------------------------------------------------------------
IGfVerts [ 48 / 212 ] (13284)
------------------------------.
Point --------------------------.
  X                             : -5.549568
  Y                             : 0.944222
  Z                             : -2.999999
  Weight                        : 1.000000
Normal -------------------------.
  X                             : -0.385937
  Y                             : 0.613941
  Z                             : -0.688528
  Weight                        : 1.000000
ValidUVsCount                 : 2
UV00 ---------------------------.
  U                             : -0.9885272979736328
  V                             : 3.1745152473449707
UV01 ---------------------------.
  U                             : -0.9885272979736328
  V                             : 3.1745152473449707
UV02 ---------------------------.
  U                             : 0.0
  V                             : 0.0
UV03 ---------------------------.
  U                             : 0.0
  V                             : 0.0
UV04 ---------------------------.
  U                             : 0.0
  V                             : 0.0
UV05 ---------------------------.
  U                             : 0.0
  V                             : 0.0
UV06 ---------------------------.
  U                             : 0.0
  V                             : 0.0
UV07 ---------------------------.
  U                             : 0.0
  V                             : 0.0
Color --------------------------.
    Red                           : 0.000000
    Green                         : 0.000000
    Blue                          : 0.000000
    Alpha                         : 1.000000
MaterialStartOffset           : 216
BoneCount                     : 2
BoneBinding00 ------------------.
  BoneListStartOffset           : 82372
  Weight                        : 0.9117239290540913
BoneBinding01 ------------------.
  BoneListStartOffset           : 82624
  Weight                        : 0.08827607094590874
BoneBinding02 ------------------.
  BoneListStartOffset           :  0 NULL ==> None
  Weight                        : 0.0
BoneBinding03 ------------------.
  BoneListStartOffset           :  0 NULL ==> None
  Weight                        : 0.0
BoneBinding04 ------------------.
  BoneListStartOffset           :  0 NULL ==> None
  Weight                        : 0.0
BoneBinding05 ------------------.
  BoneListStartOffset           :  0 NULL ==> None
  Weight                        : 0.0
BoneBinding06 ------------------.
  BoneListStartOffset           :  0 NULL ==> None
  Weight                        : 0.0
BoneBinding07 ------------------.
  BoneListStartOffset           :  0 NULL ==> None
  Weight                        : 0.0
Reserved                      : 0
ExtraData ----------------------. 
  DataBlockCount                : 0
  DataBlockStartOffset          : 0
  Pad0                          : ''
  Pad1                          : [ 0 ,  0 ]
--------------------------------------------------------------------------------
IGfVerts [ 49 / 212 ] (13524)
------------------------------.
Point --------------------------.
  X                             : 6.443791
  Y                             : 1.165376
  Z                             : -3.000000
  Weight                        : 1.000000
Normal -------------------------.
  X                             : 0.577349
  Y                             : 0.577288
  Z                             : -0.577349
  Weight                        : 1.000000
ValidUVsCount                 : 2
UV00 ---------------------------.
  U                             : 0.01612985134124756
  V                             : 3.1430962085723877
UV01 ---------------------------.
  U                             : 0.01612985134124756
  V                             : 3.1430962085723877
UV02 ---------------------------.
  U                             : 0.0
  V                             : 0.0
UV03 ---------------------------.
  U                             : 0.0
  V                             : 0.0
UV04 ---------------------------.
  U                             : 0.0
  V                             : 0.0
UV05 ---------------------------.
  U                             : 0.0
  V                             : 0.0
UV06 ---------------------------.
  U                             : 0.0
  V                             : 0.0
UV07 ---------------------------.
  U                             : 0.0
  V                             : 0.0
Color --------------------------.
    Red                           : 0.000000
    Green                         : 0.000000
    Blue                          : 0.000000
    Alpha                         : 1.000000
MaterialStartOffset           : 216
BoneCount                     : 2
BoneBinding00 ------------------.
  BoneListStartOffset           : 82372
  Weight                        : 0.9072746724627769
BoneBinding01 ------------------.
  BoneListStartOffset           : 82624
  Weight                        : 0.09272532753722304
BoneBinding02 ------------------.
  BoneListStartOffset           :  0 NULL ==> None
  Weight                        : 0.0
BoneBinding03 ------------------.
  BoneListStartOffset           :  0 NULL ==> None
  Weight                        : 0.0
BoneBinding04 ------------------.
  BoneListStartOffset           :  0 NULL ==> None
  Weight                        : 0.0
BoneBinding05 ------------------.
  BoneListStartOffset           :  0 NULL ==> None
  Weight                        : 0.0
BoneBinding06 ------------------.
  BoneListStartOffset           :  0 NULL ==> None
  Weight                        : 0.0
BoneBinding07 ------------------.
  BoneListStartOffset           :  0 NULL ==> None
  Weight                        : 0.0
Reserved                      : 0
ExtraData ----------------------. 
  DataBlockCount                : 0
  DataBlockStartOffset          : 0
  Pad0                          : ''
  Pad1                          : [ 0 ,  0 ]
--------------------------------------------------------------------------------
IGfVerts [ 50 / 212 ] (13764)
------------------------------.
Point --------------------------.
  X                             : 6.443790
  Y                             : -0.000764
  Z                             : -3.000000
  Weight                        : 1.000000
Normal -------------------------.
  X                             : 0.577258
  Y                             : -0.577349
  Z                             : -0.577410
  Weight                        : 1.000000
ValidUVsCount                 : 2
UV00 ---------------------------.
  U                             : 0.01585596799850464
  V                             : 3.338454246520996
UV01 ---------------------------.
  U                             : 0.01585596799850464
  V                             : 3.338454246520996
UV02 ---------------------------.
  U                             : 0.0
  V                             : 0.0
UV03 ---------------------------.
  U                             : 0.0
  V                             : 0.0
UV04 ---------------------------.
  U                             : 0.0
  V                             : 0.0
UV05 ---------------------------.
  U                             : 0.0
  V                             : 0.0
UV06 ---------------------------.
  U                             : 0.0
  V                             : 0.0
UV07 ---------------------------.
  U                             : 0.0
  V                             : 0.0
Color --------------------------.
    Red                           : 0.000000
    Green                         : 0.000000
    Blue                          : 0.000000
    Alpha                         : 1.000000
MaterialStartOffset           : 216
BoneCount                     : 2
BoneBinding00 ------------------.
  BoneListStartOffset           : 82372
  Weight                        : 0.9975186173489979
BoneBinding01 ------------------.
  BoneListStartOffset           : 82624
  Weight                        : 0.002481382651002062
BoneBinding02 ------------------.
  BoneListStartOffset           :  0 NULL ==> None
  Weight                        : 0.0
BoneBinding03 ------------------.
  BoneListStartOffset           :  0 NULL ==> None
  Weight                        : 0.0
BoneBinding04 ------------------.
  BoneListStartOffset           :  0 NULL ==> None
  Weight                        : 0.0
BoneBinding05 ------------------.
  BoneListStartOffset           :  0 NULL ==> None
  Weight                        : 0.0
BoneBinding06 ------------------.
  BoneListStartOffset           :  0 NULL ==> None
  Weight                        : 0.0
BoneBinding07 ------------------.
  BoneListStartOffset           :  0 NULL ==> None
  Weight                        : 0.0
Reserved                      : 0
ExtraData ----------------------. 
  DataBlockCount                : 0
  DataBlockStartOffset          : 0
  Pad0                          : ''
  Pad1                          : [ 0 ,  0 ]
--------------------------------------------------------------------------------
IGfVerts [ 51 / 212 ] (14004)
------------------------------.
Point --------------------------.
  X                             : -6.063808
  Y                             : 0.552071
  Z                             : -3.000000
  Weight                        : 1.000000
Normal -------------------------.
  X                             : -0.521226
  Y                             : 0.522568
  Z                             : -0.674673
  Weight                        : 1.000000
ValidUVsCount                 : 2
UV00 ---------------------------.
  U                             : -1.031692385673523
  V                             : 3.239967107772827
UV01 ---------------------------.
  U                             : -1.031692385673523
  V                             : 3.239967107772827
UV02 ---------------------------.
  U                             : 0.0
  V                             : 0.0
UV03 ---------------------------.
  U                             : 0.0
  V                             : 0.0
UV04 ---------------------------.
  U                             : 0.0
  V                             : 0.0
UV05 ---------------------------.
  U                             : 0.0
  V                             : 0.0
UV06 ---------------------------.
  U                             : 0.0
  V                             : 0.0
UV07 ---------------------------.
  U                             : 0.0
  V                             : 0.0
Color --------------------------.
    Red                           : 0.000000
    Green                         : 0.000000
    Blue                          : 0.000000
    Alpha                         : 1.000000
MaterialStartOffset           : 216
BoneCount                     : 2
BoneBinding00 ------------------.
  BoneListStartOffset           : 82372
  Weight                        : 0.9527776736233865
BoneBinding01 ------------------.
  BoneListStartOffset           : 82624
  Weight                        : 0.04722232637661348
BoneBinding02 ------------------.
  BoneListStartOffset           :  0 NULL ==> None
  Weight                        : 0.0
BoneBinding03 ------------------.
  BoneListStartOffset           :  0 NULL ==> None
  Weight                        : 0.0
BoneBinding04 ------------------.
  BoneListStartOffset           :  0 NULL ==> None
  Weight                        : 0.0
BoneBinding05 ------------------.
  BoneListStartOffset           :  0 NULL ==> None
  Weight                        : 0.0
BoneBinding06 ------------------.
  BoneListStartOffset           :  0 NULL ==> None
  Weight                        : 0.0
BoneBinding07 ------------------.
  BoneListStartOffset           :  0 NULL ==> None
  Weight                        : 0.0
Reserved                      : 0
ExtraData ----------------------. 
  DataBlockCount                : 0
  DataBlockStartOffset          : 0
  Pad0                          : ''
  Pad1                          : [ 0 ,  0 ]
--------------------------------------------------------------------------------
IGfVerts [ 52 / 212 ] (14244)
------------------------------.
Point --------------------------.
  X                             : -6.454664
  Y                             : 0.002291
  Z                             : -3.000000
  Weight                        : 1.000000
Normal -------------------------.
  X                             : -0.000000
  Y                             : -0.000000
  Z                             : -1.000000
  Weight                        : 1.000000
ValidUVsCount                 : 2
UV00 ---------------------------.
  U                             : -1.064561367034912
  V                             : 3.331888437271118
UV01 ---------------------------.
  U                             : -1.064561367034912
  V                             : 3.331888437271118
UV02 ---------------------------.
  U                             : 0.0
  V                             : 0.0
UV03 ---------------------------.
  U                             : 0.0
  V                             : 0.0
UV04 ---------------------------.
  U                             : 0.0
  V                             : 0.0
UV05 ---------------------------.
  U                             : 0.0
  V                             : 0.0
UV06 ---------------------------.
  U                             : 0.0
  V                             : 0.0
UV07 ---------------------------.
  U                             : 0.0
  V                             : 0.0
Color --------------------------.
    Red                           : 0.000000
    Green                         : 0.000000
    Blue                          : 0.000000
    Alpha                         : 1.000000
MaterialStartOffset           : 216
BoneCount                     : 2
BoneBinding00 ------------------.
  BoneListStartOffset           : 82372
  Weight                        : 0.9997948409874727
BoneBinding01 ------------------.
  BoneListStartOffset           : 82624
  Weight                        : 0.0002051590125272863
BoneBinding02 ------------------.
  BoneListStartOffset           :  0 NULL ==> None
  Weight                        : 0.0
BoneBinding03 ------------------.
  BoneListStartOffset           :  0 NULL ==> None
  Weight                        : 0.0
BoneBinding04 ------------------.
  BoneListStartOffset           :  0 NULL ==> None
  Weight                        : 0.0
BoneBinding05 ------------------.
  BoneListStartOffset           :  0 NULL ==> None
  Weight                        : 0.0
BoneBinding06 ------------------.
  BoneListStartOffset           :  0 NULL ==> None
  Weight                        : 0.0
BoneBinding07 ------------------.
  BoneListStartOffset           :  0 NULL ==> None
  Weight                        : 0.0
Reserved                      : 0
ExtraData ----------------------. 
  DataBlockCount                : 0
  DataBlockStartOffset          : 0
  Pad0                          : ''
  Pad1                          : [ 0 ,  0 ]
--------------------------------------------------------------------------------
IGfVerts [ 53 / 212 ] (14484)
------------------------------.
Point --------------------------.
  X                             : 1.087286
  Y                             : 5.229081
  Z                             : 3.000000
  Weight                        : 1.000000
Normal -------------------------.
  X                             : 0.013581
  Y                             : 0.710501
  Z                             : 0.703513
  Weight                        : 1.000000
ValidUVsCount                 : 2
UV00 ---------------------------.
  U                             : 0.9680541753768921
  V                             : 2.467639446258545
UV01 ---------------------------.
  U                             : 0.9680541753768921
  V                             : 2.467639446258545
UV02 ---------------------------.
  U                             : 0.0
  V                             : 0.0
UV03 ---------------------------.
  U                             : 0.0
  V                             : 0.0
UV04 ---------------------------.
  U                             : 0.0
  V                             : 0.0
UV05 ---------------------------.
  U                             : 0.0
  V                             : 0.0
UV06 ---------------------------.
  U                             : 0.0
  V                             : 0.0
UV07 ---------------------------.
  U                             : 0.0
  V                             : 0.0
Color --------------------------.
    Red                           : 0.000000
    Green                         : 0.000000
    Blue                          : 0.000000
    Alpha                         : 1.000000
MaterialStartOffset           : 216
BoneCount                     : 2
BoneBinding00 ------------------.
  BoneListStartOffset           : 82372
  Weight                        : 0.03937358825983287
BoneBinding01 ------------------.
  BoneListStartOffset           : 82624
  Weight                        : 0.9606264117401672
BoneBinding02 ------------------.
  BoneListStartOffset           :  0 NULL ==> None
  Weight                        : 0.0
BoneBinding03 ------------------.
  BoneListStartOffset           :  0 NULL ==> None
  Weight                        : 0.0
BoneBinding04 ------------------.
  BoneListStartOffset           :  0 NULL ==> None
  Weight                        : 0.0
BoneBinding05 ------------------.
  BoneListStartOffset           :  0 NULL ==> None
  Weight                        : 0.0
BoneBinding06 ------------------.
  BoneListStartOffset           :  0 NULL ==> None
  Weight                        : 0.0
BoneBinding07 ------------------.
  BoneListStartOffset           :  0 NULL ==> None
  Weight                        : 0.0
Reserved                      : 0
ExtraData ----------------------. 
  DataBlockCount                : 0
  DataBlockStartOffset          : 0
  Pad0                          : ''
  Pad1                          : [ 0 ,  0 ]
--------------------------------------------------------------------------------
IGfVerts [ 54 / 212 ] (14724)
------------------------------.
Point --------------------------.
  X                             : -1.665018
  Y                             : 5.200995
  Z                             : 3.000000
  Weight                        : 1.000000
Normal -------------------------.
  X                             : -0.036378
  Y                             : 0.711203
  Z                             : 0.702017
  Weight                        : 1.000000
ValidUVsCount                 : 2
UV00 ---------------------------.
  U                             : 1.198468565940857
  V                             : 2.473649024963379
UV01 ---------------------------.
  U                             : 1.198468565940857
  V                             : 2.473649024963379
UV02 ---------------------------.
  U                             : 0.0
  V                             : 0.0
UV03 ---------------------------.
  U                             : 0.0
  V                             : 0.0
UV04 ---------------------------.
  U                             : 0.0
  V                             : 0.0
UV05 ---------------------------.
  U                             : 0.0
  V                             : 0.0
UV06 ---------------------------.
  U                             : 0.0
  V                             : 0.0
UV07 ---------------------------.
  U                             : 0.0
  V                             : 0.0
Color --------------------------.
    Red                           : 0.000000
    Green                         : 0.000000
    Blue                          : 0.000000
    Alpha                         : 1.000000
MaterialStartOffset           : 216
BoneCount                     : 2
BoneBinding00 ------------------.
  BoneListStartOffset           : 82372
  Weight                        : 0.03610678217398621
BoneBinding01 ------------------.
  BoneListStartOffset           : 82624
  Weight                        : 0.9638932178260138
BoneBinding02 ------------------.
  BoneListStartOffset           :  0 NULL ==> None
  Weight                        : 0.0
BoneBinding03 ------------------.
  BoneListStartOffset           :  0 NULL ==> None
  Weight                        : 0.0
BoneBinding04 ------------------.
  BoneListStartOffset           :  0 NULL ==> None
  Weight                        : 0.0
BoneBinding05 ------------------.
  BoneListStartOffset           :  0 NULL ==> None
  Weight                        : 0.0
BoneBinding06 ------------------.
  BoneListStartOffset           :  0 NULL ==> None
  Weight                        : 0.0
BoneBinding07 ------------------.
  BoneListStartOffset           :  0 NULL ==> None
  Weight                        : 0.0
Reserved                      : 0
ExtraData ----------------------. 
  DataBlockCount                : 0
  DataBlockStartOffset          : 0
  Pad0                          : ''
  Pad1                          : [ 0 ,  0 ]
--------------------------------------------------------------------------------
IGfVerts [ 55 / 212 ] (14964)
------------------------------.
Point --------------------------.
  X                             : -0.398776
  Y                             : 5.235308
  Z                             : 3.000000
  Weight                        : 1.000000
Normal -------------------------.
  X                             : 0.000000
  Y                             : -0.000005
  Z                             : 1.000000
  Weight                        : 1.000000
ValidUVsCount                 : 2
UV00 ---------------------------.
  U                             : 1.0924783945083618
  V                             : 2.4673025608062744
UV01 ---------------------------.
  U                             : 1.0924783945083618
  V                             : 2.4673025608062744
UV02 ---------------------------.
  U                             : 0.0
  V                             : 0.0
UV03 ---------------------------.
  U                             : 0.0
  V                             : 0.0
UV04 ---------------------------.
  U                             : 0.0
  V                             : 0.0
UV05 ---------------------------.
  U                             : 0.0
  V                             : 0.0
UV06 ---------------------------.
  U                             : 0.0
  V                             : 0.0
UV07 ---------------------------.
  U                             : 0.0
  V                             : 0.0
Color --------------------------.
    Red                           : 0.000000
    Green                         : 0.000000
    Blue                          : 0.000000
    Alpha                         : 1.000000
MaterialStartOffset           : 216
BoneCount                     : 2
BoneBinding00 ------------------.
  BoneListStartOffset           : 82372
  Weight                        : 0.035542446908962716
BoneBinding01 ------------------.
  BoneListStartOffset           : 82624
  Weight                        : 0.9644575530910373
BoneBinding02 ------------------.
  BoneListStartOffset           :  0 NULL ==> None
  Weight                        : 0.0
BoneBinding03 ------------------.
  BoneListStartOffset           :  0 NULL ==> None
  Weight                        : 0.0
BoneBinding04 ------------------.
  BoneListStartOffset           :  0 NULL ==> None
  Weight                        : 0.0
BoneBinding05 ------------------.
  BoneListStartOffset           :  0 NULL ==> None
  Weight                        : 0.0
BoneBinding06 ------------------.
  BoneListStartOffset           :  0 NULL ==> None
  Weight                        : 0.0
BoneBinding07 ------------------.
  BoneListStartOffset           :  0 NULL ==> None
  Weight                        : 0.0
Reserved                      : 0
ExtraData ----------------------. 
  DataBlockCount                : 0
  DataBlockStartOffset          : 0
  Pad0                          : ''
  Pad1                          : [ 0 ,  0 ]
--------------------------------------------------------------------------------
IGfVerts [ 56 / 212 ] (15204)
------------------------------.
Point --------------------------.
  X                             : 2.336568
  Y                             : 5.184068
  Z                             : 3.000000
  Weight                        : 1.000000
Normal -------------------------.
  X                             : 0.040590
  Y                             : 0.710929
  Z                             : 0.702078
  Weight                        : 1.000000
ValidUVsCount                 : 2
UV00 ---------------------------.
  U                             : 0.8634436130523682
  V                             : 2.474583864212036
UV01 ---------------------------.
  U                             : 0.8634436130523682
  V                             : 2.474583864212036
UV02 ---------------------------.
  U                             : 0.0
  V                             : 0.0
UV03 ---------------------------.
  U                             : 0.0
  V                             : 0.0
UV04 ---------------------------.
  U                             : 0.0
  V                             : 0.0
UV05 ---------------------------.
  U                             : 0.0
  V                             : 0.0
UV06 ---------------------------.
  U                             : 0.0
  V                             : 0.0
UV07 ---------------------------.
  U                             : 0.0
  V                             : 0.0
Color --------------------------.
    Red                           : 0.000000
    Green                         : 0.000000
    Blue                          : 0.000000
    Alpha                         : 1.000000
MaterialStartOffset           : 216
BoneCount                     : 2
BoneBinding00 ------------------.
  BoneListStartOffset           : 82372
  Weight                        : 0.047009332490556846
BoneBinding01 ------------------.
  BoneListStartOffset           : 82624
  Weight                        : 0.9529906675094432
BoneBinding02 ------------------.
  BoneListStartOffset           :  0 NULL ==> None
  Weight                        : 0.0
BoneBinding03 ------------------.
  BoneListStartOffset           :  0 NULL ==> None
  Weight                        : 0.0
BoneBinding04 ------------------.
  BoneListStartOffset           :  0 NULL ==> None
  Weight                        : 0.0
BoneBinding05 ------------------.
  BoneListStartOffset           :  0 NULL ==> None
  Weight                        : 0.0
BoneBinding06 ------------------.
  BoneListStartOffset           :  0 NULL ==> None
  Weight                        : 0.0
BoneBinding07 ------------------.
  BoneListStartOffset           :  0 NULL ==> None
  Weight                        : 0.0
Reserved                      : 0
ExtraData ----------------------. 
  DataBlockCount                : 0
  DataBlockStartOffset          : 0
  Pad0                          : ''
  Pad1                          : [ 0 ,  0 ]
--------------------------------------------------------------------------------
IGfVerts [ 57 / 212 ] (15444)
------------------------------.
Point --------------------------.
  X                             : -2.841540
  Y                             : 5.115632
  Z                             : 3.000000
  Weight                        : 1.000000
Normal -------------------------.
  X                             : -0.080172
  Y                             : 0.710898
  Z                             : 0.698660
  Weight                        : 1.000000
ValidUVsCount                 : 2
UV00 ---------------------------.
  U                             : 1.2969465255737305
  V                             : 2.4885010719299316
UV01 ---------------------------.
  U                             : 1.2969465255737305
  V                             : 2.4885010719299316
UV02 ---------------------------.
  U                             : 0.0
  V                             : 0.0
UV03 ---------------------------.
  U                             : 0.0
  V                             : 0.0
UV04 ---------------------------.
  U                             : 0.0
  V                             : 0.0
UV05 ---------------------------.
  U                             : 0.0
  V                             : 0.0
UV06 ---------------------------.
  U                             : 0.0
  V                             : 0.0
UV07 ---------------------------.
  U                             : 0.0
  V                             : 0.0
Color --------------------------.
    Red                           : 0.000000
    Green                         : 0.000000
    Blue                          : 0.000000
    Alpha                         : 1.000000
MaterialStartOffset           : 216
BoneCount                     : 2
BoneBinding00 ------------------.
  BoneListStartOffset           : 82372
  Weight                        : 0.04193720350262466
BoneBinding01 ------------------.
  BoneListStartOffset           : 82624
  Weight                        : 0.9580627964973754
BoneBinding02 ------------------.
  BoneListStartOffset           :  0 NULL ==> None
  Weight                        : 0.0
BoneBinding03 ------------------.
  BoneListStartOffset           :  0 NULL ==> None
  Weight                        : 0.0
BoneBinding04 ------------------.
  BoneListStartOffset           :  0 NULL ==> None
  Weight                        : 0.0
BoneBinding05 ------------------.
  BoneListStartOffset           :  0 NULL ==> None
  Weight                        : 0.0
BoneBinding06 ------------------.
  BoneListStartOffset           :  0 NULL ==> None
  Weight                        : 0.0
BoneBinding07 ------------------.
  BoneListStartOffset           :  0 NULL ==> None
  Weight                        : 0.0
Reserved                      : 0
ExtraData ----------------------. 
  DataBlockCount                : 0
  DataBlockStartOffset          : 0
  Pad0                          : ''
  Pad1                          : [ 0 ,  0 ]
--------------------------------------------------------------------------------
IGfVerts [ 58 / 212 ] (15684)
------------------------------.
Point --------------------------.
  X                             : 3.351934
  Y                             : 5.101705
  Z                             : 3.000000
  Weight                        : 1.000000
Normal -------------------------.
  X                             : 0.079745
  Y                             : 0.709891
  Z                             : 0.699728
  Weight                        : 1.000000
ValidUVsCount                 : 2
UV00 ---------------------------.
  U                             : 0.7783970832824707
  V                             : 2.48789644241333
UV01 ---------------------------.
  U                             : 0.7783970832824707
  V                             : 2.48789644241333
UV02 ---------------------------.
  U                             : 0.0
  V                             : 0.0
UV03 ---------------------------.
  U                             : 0.0
  V                             : 0.0
UV04 ---------------------------.
  U                             : 0.0
  V                             : 0.0
UV05 ---------------------------.
  U                             : 0.0
  V                             : 0.0
UV06 ---------------------------.
  U                             : 0.0
  V                             : 0.0
UV07 ---------------------------.
  U                             : 0.0
  V                             : 0.0
Color --------------------------.
    Red                           : 0.000000
    Green                         : 0.000000
    Blue                          : 0.000000
    Alpha                         : 1.000000
MaterialStartOffset           : 216
BoneCount                     : 2
BoneBinding00 ------------------.
  BoneListStartOffset           : 82372
  Weight                        : 0.05948233737913667
BoneBinding01 ------------------.
  BoneListStartOffset           : 82624
  Weight                        : 0.9405176626208633
BoneBinding02 ------------------.
  BoneListStartOffset           :  0 NULL ==> None
  Weight                        : 0.0
BoneBinding03 ------------------.
  BoneListStartOffset           :  0 NULL ==> None
  Weight                        : 0.0
BoneBinding04 ------------------.
  BoneListStartOffset           :  0 NULL ==> None
  Weight                        : 0.0
BoneBinding05 ------------------.
  BoneListStartOffset           :  0 NULL ==> None
  Weight                        : 0.0
BoneBinding06 ------------------.
  BoneListStartOffset           :  0 NULL ==> None
  Weight                        : 0.0
BoneBinding07 ------------------.
  BoneListStartOffset           :  0 NULL ==> None
  Weight                        : 0.0
Reserved                      : 0
ExtraData ----------------------. 
  DataBlockCount                : 0
  DataBlockStartOffset          : 0
  Pad0                          : ''
  Pad1                          : [ 0 ,  0 ]
--------------------------------------------------------------------------------
IGfVerts [ 59 / 212 ] (15924)
------------------------------.
Point --------------------------.
  X                             : 4.171926
  Y                             : 4.980401
  Z                             : 3.000000
  Weight                        : 1.000000
Normal -------------------------.
  X                             : 0.131443
  Y                             : 0.703818
  Z                             : 0.698080
  Weight                        : 1.000000
ValidUVsCount                 : 2
UV00 ---------------------------.
  U                             : 0.7096997499465942
  V                             : 2.5078251361846924
UV01 ---------------------------.
  U                             : 0.7096997499465942
  V                             : 2.5078251361846924
UV02 ---------------------------.
  U                             : 0.0
  V                             : 0.0
UV03 ---------------------------.
  U                             : 0.0
  V                             : 0.0
UV04 ---------------------------.
  U                             : 0.0
  V                             : 0.0
UV05 ---------------------------.
  U                             : 0.0
  V                             : 0.0
UV06 ---------------------------.
  U                             : 0.0
  V                             : 0.0
UV07 ---------------------------.
  U                             : 0.0
  V                             : 0.0
Color --------------------------.
    Red                           : 0.000000
    Green                         : 0.000000
    Blue                          : 0.000000
    Alpha                         : 1.000000
MaterialStartOffset           : 216
BoneCount                     : 2
BoneBinding00 ------------------.
  BoneListStartOffset           : 82372
  Weight                        : 0.07808365932944533
BoneBinding01 ------------------.
  BoneListStartOffset           : 82624
  Weight                        : 0.9219163406705546
BoneBinding02 ------------------.
  BoneListStartOffset           :  0 NULL ==> None
  Weight                        : 0.0
BoneBinding03 ------------------.
  BoneListStartOffset           :  0 NULL ==> None
  Weight                        : 0.0
BoneBinding04 ------------------.
  BoneListStartOffset           :  0 NULL ==> None
  Weight                        : 0.0
BoneBinding05 ------------------.
  BoneListStartOffset           :  0 NULL ==> None
  Weight                        : 0.0
BoneBinding06 ------------------.
  BoneListStartOffset           :  0 NULL ==> None
  Weight                        : 0.0
BoneBinding07 ------------------.
  BoneListStartOffset           :  0 NULL ==> None
  Weight                        : 0.0
Reserved                      : 0
ExtraData ----------------------. 
  DataBlockCount                : 0
  DataBlockStartOffset          : 0
  Pad0                          : ''
  Pad1                          : [ 0 ,  0 ]
--------------------------------------------------------------------------------
IGfVerts [ 60 / 212 ] (16164)
------------------------------.
Point --------------------------.
  X                             : -3.757594
  Y                             : 4.978753
  Z                             : 3.000000
  Weight                        : 1.000000
Normal -------------------------.
  X                             : -0.137303
  Y                             : 0.702963
  Z                             : 0.697806
  Weight                        : 1.000000
ValidUVsCount                 : 2
UV00 ---------------------------.
  U                             : 1.3736072778701782
  V                             : 2.5118536949157715
UV01 ---------------------------.
  U                             : 1.3736072778701782
  V                             : 2.5118536949157715
UV02 ---------------------------.
  U                             : 0.0
  V                             : 0.0
UV03 ---------------------------.
  U                             : 0.0
  V                             : 0.0
UV04 ---------------------------.
  U                             : 0.0
  V                             : 0.0
UV05 ---------------------------.
  U                             : 0.0
  V                             : 0.0
UV06 ---------------------------.
  U                             : 0.0
  V                             : 0.0
UV07 ---------------------------.
  U                             : 0.0
  V                             : 0.0
Color --------------------------.
    Red                           : 0.000000
    Green                         : 0.000000
    Blue                          : 0.000000
    Alpha                         : 1.000000
MaterialStartOffset           : 216
BoneCount                     : 2
BoneBinding00 ------------------.
  BoneListStartOffset           : 82372
  Weight                        : 0.05493042721383902
BoneBinding01 ------------------.
  BoneListStartOffset           : 82624
  Weight                        : 0.945069572786161
BoneBinding02 ------------------.
  BoneListStartOffset           :  0 NULL ==> None
  Weight                        : 0.0
BoneBinding03 ------------------.
  BoneListStartOffset           :  0 NULL ==> None
  Weight                        : 0.0
BoneBinding04 ------------------.
  BoneListStartOffset           :  0 NULL ==> None
  Weight                        : 0.0
BoneBinding05 ------------------.
  BoneListStartOffset           :  0 NULL ==> None
  Weight                        : 0.0
BoneBinding06 ------------------.
  BoneListStartOffset           :  0 NULL ==> None
  Weight                        : 0.0
BoneBinding07 ------------------.
  BoneListStartOffset           :  0 NULL ==> None
  Weight                        : 0.0
Reserved                      : 0
ExtraData ----------------------. 
  DataBlockCount                : 0
  DataBlockStartOffset          : 0
  Pad0                          : ''
  Pad1                          : [ 0 ,  0 ]
--------------------------------------------------------------------------------
IGfVerts [ 61 / 212 ] (16404)
------------------------------.
Point --------------------------.
  X                             : 4.870107
  Y                             : 4.818521
  Z                             : 3.000000
  Weight                        : 1.000000
Normal -------------------------.
  X                             : 0.196844
  Y                             : 0.691366
  Z                             : 0.695120
  Weight                        : 1.000000
ValidUVsCount                 : 2
UV00 ---------------------------.
  U                             : 0.6512024402618408
  V                             : 2.5346031188964844
UV01 ---------------------------.
  U                             : 0.6512024402618408
  V                             : 2.5346031188964844
UV02 ---------------------------.
  U                             : 0.0
  V                             : 0.0
UV03 ---------------------------.
  U                             : 0.0
  V                             : 0.0
UV04 ---------------------------.
  U                             : 0.0
  V                             : 0.0
UV05 ---------------------------.
  U                             : 0.0
  V                             : 0.0
UV06 ---------------------------.
  U                             : 0.0
  V                             : 0.0
UV07 ---------------------------.
  U                             : 0.0
  V                             : 0.0
Color --------------------------.
    Red                           : 0.000000
    Green                         : 0.000000
    Blue                          : 0.000000
    Alpha                         : 1.000000
MaterialStartOffset           : 216
BoneCount                     : 2
BoneBinding00 ------------------.
  BoneListStartOffset           : 82372
  Weight                        : 0.10539307341252453
BoneBinding01 ------------------.
  BoneListStartOffset           : 82624
  Weight                        : 0.8946069265874754
BoneBinding02 ------------------.
  BoneListStartOffset           :  0 NULL ==> None
  Weight                        : 0.0
BoneBinding03 ------------------.
  BoneListStartOffset           :  0 NULL ==> None
  Weight                        : 0.0
BoneBinding04 ------------------.
  BoneListStartOffset           :  0 NULL ==> None
  Weight                        : 0.0
BoneBinding05 ------------------.
  BoneListStartOffset           :  0 NULL ==> None
  Weight                        : 0.0
BoneBinding06 ------------------.
  BoneListStartOffset           :  0 NULL ==> None
  Weight                        : 0.0
BoneBinding07 ------------------.
  BoneListStartOffset           :  0 NULL ==> None
  Weight                        : 0.0
Reserved                      : 0
ExtraData ----------------------. 
  DataBlockCount                : 0
  DataBlockStartOffset          : 0
  Pad0                          : ''
  Pad1                          : [ 0 ,  0 ]
--------------------------------------------------------------------------------
IGfVerts [ 62 / 212 ] (16644)
------------------------------.
Point --------------------------.
  X                             : -4.518306
  Y                             : 4.798959
  Z                             : 3.000000
  Weight                        : 1.000000
Normal -------------------------.
  X                             : -0.212745
  Y                             : 0.688742
  Z                             : 0.693045
  Weight                        : 1.000000
ValidUVsCount                 : 2
UV00 ---------------------------.
  U                             : 1.4372553825378418
  V                             : 2.5423202514648438
UV01 ---------------------------.
  U                             : 1.4372553825378418
  V                             : 2.5423202514648438
UV02 ---------------------------.
  U                             : 0.0
  V                             : 0.0
UV03 ---------------------------.
  U                             : 0.0
  V                             : 0.0
UV04 ---------------------------.
  U                             : 0.0
  V                             : 0.0
UV05 ---------------------------.
  U                             : 0.0
  V                             : 0.0
UV06 ---------------------------.
  U                             : 0.0
  V                             : 0.0
UV07 ---------------------------.
  U                             : 0.0
  V                             : 0.0
Color --------------------------.
    Red                           : 0.000000
    Green                         : 0.000000
    Blue                          : 0.000000
    Alpha                         : 1.000000
MaterialStartOffset           : 216
BoneCount                     : 2
BoneBinding00 ------------------.
  BoneListStartOffset           : 82372
  Weight                        : 0.07623005599144395
BoneBinding01 ------------------.
  BoneListStartOffset           : 82624
  Weight                        : 0.923769944008556
BoneBinding02 ------------------.
  BoneListStartOffset           :  0 NULL ==> None
  Weight                        : 0.0
BoneBinding03 ------------------.
  BoneListStartOffset           :  0 NULL ==> None
  Weight                        : 0.0
BoneBinding04 ------------------.
  BoneListStartOffset           :  0 NULL ==> None
  Weight                        : 0.0
BoneBinding05 ------------------.
  BoneListStartOffset           :  0 NULL ==> None
  Weight                        : 0.0
BoneBinding06 ------------------.
  BoneListStartOffset           :  0 NULL ==> None
  Weight                        : 0.0
BoneBinding07 ------------------.
  BoneListStartOffset           :  0 NULL ==> None
  Weight                        : 0.0
Reserved                      : 0
ExtraData ----------------------. 
  DataBlockCount                : 0
  DataBlockStartOffset          : 0
  Pad0                          : ''
  Pad1                          : [ 0 ,  0 ]
--------------------------------------------------------------------------------
IGfVerts [ 63 / 212 ] (16884)
------------------------------.
Point --------------------------.
  X                             : 5.449498
  Y                             : 4.616082
  Z                             : 2.999999
  Weight                        : 1.000000
Normal -------------------------.
  X                             : 0.289376
  Y                             : 0.663137
  Z                             : 0.690237
  Weight                        : 1.000000
ValidUVsCount                 : 2
UV00 ---------------------------.
  U                             : 0.6026413440704346
  V                             : 2.568229913711548
UV01 ---------------------------.
  U                             : 0.6026413440704346
  V                             : 2.568229913711548
UV02 ---------------------------.
  U                             : 0.0
  V                             : 0.0
UV03 ---------------------------.
  U                             : 0.0
  V                             : 0.0
UV04 ---------------------------.
  U                             : 0.0
  V                             : 0.0
UV05 ---------------------------.
  U                             : 0.0
  V                             : 0.0
UV06 ---------------------------.
  U                             : 0.0
  V                             : 0.0
UV07 ---------------------------.
  U                             : 0.0
  V                             : 0.0
Color --------------------------.
    Red                           : 0.000000
    Green                         : 0.000000
    Blue                          : 0.000000
    Alpha                         : 1.000000
MaterialStartOffset           : 216
BoneCount                     : 2
BoneBinding00 ------------------.
  BoneListStartOffset           : 82372
  Weight                        : 0.14456123894859624
BoneBinding01 ------------------.
  BoneListStartOffset           : 82624
  Weight                        : 0.8554387610514038
BoneBinding02 ------------------.
  BoneListStartOffset           :  0 NULL ==> None
  Weight                        : 0.0
BoneBinding03 ------------------.
  BoneListStartOffset           :  0 NULL ==> None
  Weight                        : 0.0
BoneBinding04 ------------------.
  BoneListStartOffset           :  0 NULL ==> None
  Weight                        : 0.0
BoneBinding05 ------------------.
  BoneListStartOffset           :  0 NULL ==> None
  Weight                        : 0.0
BoneBinding06 ------------------.
  BoneListStartOffset           :  0 NULL ==> None
  Weight                        : 0.0
BoneBinding07 ------------------.
  BoneListStartOffset           :  0 NULL ==> None
  Weight                        : 0.0
Reserved                      : 0
ExtraData ----------------------. 
  DataBlockCount                : 0
  DataBlockStartOffset          : 0
  Pad0                          : ''
  Pad1                          : [ 0 ,  0 ]
--------------------------------------------------------------------------------
IGfVerts [ 64 / 212 ] (17124)
------------------------------.
Point --------------------------.
  X                             : -5.122874
  Y                             : 4.571725
  Z                             : 3.000000
  Weight                        : 1.000000
Normal -------------------------.
  X                             : -0.319376
  Y                             : 0.651265
  Z                             : 0.688345
  Weight                        : 1.000000
ValidUVsCount                 : 2
UV00 ---------------------------.
  U                             : 1.4878273010253906
  V                             : 2.580662727355957
UV01 ---------------------------.
  U                             : 1.4878273010253906
  V                             : 2.580662727355957
UV02 ---------------------------.
  U                             : 0.0
  V                             : 0.0
UV03 ---------------------------.
  U                             : 0.0
  V                             : 0.0
UV04 ---------------------------.
  U                             : 0.0
  V                             : 0.0
UV05 ---------------------------.
  U                             : 0.0
  V                             : 0.0
UV06 ---------------------------.
  U                             : 0.0
  V                             : 0.0
UV07 ---------------------------.
  U                             : 0.0
  V                             : 0.0
Color --------------------------.
    Red                           : 0.000000
    Green                         : 0.000000
    Blue                          : 0.000000
    Alpha                         : 1.000000
MaterialStartOffset           : 216
BoneCount                     : 2
BoneBinding00 ------------------.
  BoneListStartOffset           : 82372
  Weight                        : 0.10953549940004934
BoneBinding01 ------------------.
  BoneListStartOffset           : 82624
  Weight                        : 0.8904645005999506
BoneBinding02 ------------------.
  BoneListStartOffset           :  0 NULL ==> None
  Weight                        : 0.0
BoneBinding03 ------------------.
  BoneListStartOffset           :  0 NULL ==> None
  Weight                        : 0.0
BoneBinding04 ------------------.
  BoneListStartOffset           :  0 NULL ==> None
  Weight                        : 0.0
BoneBinding05 ------------------.
  BoneListStartOffset           :  0 NULL ==> None
  Weight                        : 0.0
BoneBinding06 ------------------.
  BoneListStartOffset           :  0 NULL ==> None
  Weight                        : 0.0
BoneBinding07 ------------------.
  BoneListStartOffset           :  0 NULL ==> None
  Weight                        : 0.0
Reserved                      : 0
ExtraData ----------------------. 
  DataBlockCount                : 0
  DataBlockStartOffset          : 0
  Pad0                          : ''
  Pad1                          : [ 0 ,  0 ]
--------------------------------------------------------------------------------
IGfVerts [ 65 / 212 ] (17364)
------------------------------.
Point --------------------------.
  X                             : 5.956563
  Y                             : 4.343019
  Z                             : 2.999999
  Weight                        : 1.000000
Normal -------------------------.
  X                             : 0.450850
  Y                             : 0.585742
  Z                             : 0.673482
  Weight                        : 1.000000
ValidUVsCount                 : 2
UV00 ---------------------------.
  U                             : 0.5601162910461426
  V                             : 2.6137218475341797
UV01 ---------------------------.
  U                             : 0.5601162910461426
  V                             : 2.6137218475341797
UV02 ---------------------------.
  U                             : 0.0
  V                             : 0.0
UV03 ---------------------------.
  U                             : 0.0
  V                             : 0.0
UV04 ---------------------------.
  U                             : 0.0
  V                             : 0.0
UV05 ---------------------------.
  U                             : 0.0
  V                             : 0.0
UV06 ---------------------------.
  U                             : 0.0
  V                             : 0.0
UV07 ---------------------------.
  U                             : 0.0
  V                             : 0.0
Color --------------------------.
    Red                           : 0.000000
    Green                         : 0.000000
    Blue                          : 0.000000
    Alpha                         : 1.000000
MaterialStartOffset           : 216
BoneCount                     : 2
BoneBinding00 ------------------.
  BoneListStartOffset           : 82372
  Weight                        : 0.20686375129250226
BoneBinding01 ------------------.
  BoneListStartOffset           : 82624
  Weight                        : 0.7931362487074978
BoneBinding02 ------------------.
  BoneListStartOffset           :  0 NULL ==> None
  Weight                        : 0.0
BoneBinding03 ------------------.
  BoneListStartOffset           :  0 NULL ==> None
  Weight                        : 0.0
BoneBinding04 ------------------.
  BoneListStartOffset           :  0 NULL ==> None
  Weight                        : 0.0
BoneBinding05 ------------------.
  BoneListStartOffset           :  0 NULL ==> None
  Weight                        : 0.0
BoneBinding06 ------------------.
  BoneListStartOffset           :  0 NULL ==> None
  Weight                        : 0.0
BoneBinding07 ------------------.
  BoneListStartOffset           :  0 NULL ==> None
  Weight                        : 0.0
Reserved                      : 0
ExtraData ----------------------. 
  DataBlockCount                : 0
  DataBlockStartOffset          : 0
  Pad0                          : ''
  Pad1                          : [ 0 ,  0 ]
--------------------------------------------------------------------------------
IGfVerts [ 66 / 212 ] (17604)
------------------------------.
Point --------------------------.
  X                             : -5.533099
  Y                             : 4.330636
  Z                             : 3.000000
  Weight                        : 1.000000
Normal -------------------------.
  X                             : -0.447279
  Y                             : 0.579333
  Z                             : 0.681356
  Weight                        : 1.000000
ValidUVsCount                 : 2
UV00 ---------------------------.
  U                             : 1.522120714187622
  V                             : 2.621232748031616
UV01 ---------------------------.
  U                             : 1.522120714187622
  V                             : 2.621232748031616
UV02 ---------------------------.
  U                             : 0.0
  V                             : 0.0
UV03 ---------------------------.
  U                             : 0.0
  V                             : 0.0
UV04 ---------------------------.
  U                             : 0.0
  V                             : 0.0
UV05 ---------------------------.
  U                             : 0.0
  V                             : 0.0
UV06 ---------------------------.
  U                             : 0.0
  V                             : 0.0
UV07 ---------------------------.
  U                             : 0.0
  V                             : 0.0
Color --------------------------.
    Red                           : 0.000000
    Green                         : 0.000000
    Blue                          : 0.000000
    Alpha                         : 1.000000
MaterialStartOffset           : 216
BoneCount                     : 2
BoneBinding00 ------------------.
  BoneListStartOffset           : 82372
  Weight                        : 0.15397367764340597
BoneBinding01 ------------------.
  BoneListStartOffset           : 82624
  Weight                        : 0.846026322356594
BoneBinding02 ------------------.
  BoneListStartOffset           :  0 NULL ==> None
  Weight                        : 0.0
BoneBinding03 ------------------.
  BoneListStartOffset           :  0 NULL ==> None
  Weight                        : 0.0
BoneBinding04 ------------------.
  BoneListStartOffset           :  0 NULL ==> None
  Weight                        : 0.0
BoneBinding05 ------------------.
  BoneListStartOffset           :  0 NULL ==> None
  Weight                        : 0.0
BoneBinding06 ------------------.
  BoneListStartOffset           :  0 NULL ==> None
  Weight                        : 0.0
BoneBinding07 ------------------.
  BoneListStartOffset           :  0 NULL ==> None
  Weight                        : 0.0
Reserved                      : 0
ExtraData ----------------------. 
  DataBlockCount                : 0
  DataBlockStartOffset          : 0
  Pad0                          : ''
  Pad1                          : [ 0 ,  0 ]
--------------------------------------------------------------------------------
IGfVerts [ 67 / 212 ] (17844)
------------------------------.
Point --------------------------.
  X                             : 0.000566
  Y                             : 4.254452
  Z                             : 3.000000
  Weight                        : 1.000000
Normal -------------------------.
  X                             : 0.019654
  Y                             : -0.697104
  Z                             : 0.716666
  Weight                        : 1.000000
ValidUVsCount                 : 2
UV00 ---------------------------.
  U                             : 1.0588622093200684
  V                             : 2.6313717365264893
UV01 ---------------------------.
  U                             : 1.0588622093200684
  V                             : 2.6313717365264893
UV02 ---------------------------.
  U                             : 0.0
  V                             : 0.0
UV03 ---------------------------.
  U                             : 0.0
  V                             : 0.0
UV04 ---------------------------.
  U                             : 0.0
  V                             : 0.0
UV05 ---------------------------.
  U                             : 0.0
  V                             : 0.0
UV06 ---------------------------.
  U                             : 0.0
  V                             : 0.0
UV07 ---------------------------.
  U                             : 0.0
  V                             : 0.0
Color --------------------------.
    Red                           : 0.000000
    Green                         : 0.000000
    Blue                          : 0.000000
    Alpha                         : 1.000000
MaterialStartOffset           : 216
BoneCount                     : 2
BoneBinding00 ------------------.
  BoneListStartOffset           : 82372
  Weight                        : 0.19777111782330287
BoneBinding01 ------------------.
  BoneListStartOffset           : 82624
  Weight                        : 0.8022288821766972
BoneBinding02 ------------------.
  BoneListStartOffset           :  0 NULL ==> None
  Weight                        : 0.0
BoneBinding03 ------------------.
  BoneListStartOffset           :  0 NULL ==> None
  Weight                        : 0.0
BoneBinding04 ------------------.
  BoneListStartOffset           :  0 NULL ==> None
  Weight                        : 0.0
BoneBinding05 ------------------.
  BoneListStartOffset           :  0 NULL ==> None
  Weight                        : 0.0
BoneBinding06 ------------------.
  BoneListStartOffset           :  0 NULL ==> None
  Weight                        : 0.0
BoneBinding07 ------------------.
  BoneListStartOffset           :  0 NULL ==> None
  Weight                        : 0.0
Reserved                      : 0
ExtraData ----------------------. 
  DataBlockCount                : 0
  DataBlockStartOffset          : 0
  Pad0                          : ''
  Pad1                          : [ 0 ,  0 ]
--------------------------------------------------------------------------------
IGfVerts [ 68 / 212 ] (18084)
------------------------------.
Point --------------------------.
  X                             : 0.719684
  Y                             : 4.243232
  Z                             : 3.000000
  Weight                        : 1.000000
Normal -------------------------.
  X                             : -0.057131
  Y                             : -0.689291
  Z                             : 0.722190
  Weight                        : 1.000000
ValidUVsCount                 : 2
UV00 ---------------------------.
  U                             : 0.9987976551055908
  V                             : 2.6329081058502197
UV01 ---------------------------.
  U                             : 0.9987976551055908
  V                             : 2.6329081058502197
UV02 ---------------------------.
  U                             : 0.0
  V                             : 0.0
UV03 ---------------------------.
  U                             : 0.0
  V                             : 0.0
UV04 ---------------------------.
  U                             : 0.0
  V                             : 0.0
UV05 ---------------------------.
  U                             : 0.0
  V                             : 0.0
UV06 ---------------------------.
  U                             : 0.0
  V                             : 0.0
UV07 ---------------------------.
  U                             : 0.0
  V                             : 0.0
Color --------------------------.
    Red                           : 0.000000
    Green                         : 0.000000
    Blue                          : 0.000000
    Alpha                         : 1.000000
MaterialStartOffset           : 216
BoneCount                     : 2
BoneBinding00 ------------------.
  BoneListStartOffset           : 82372
  Weight                        : 0.20409727095043118
BoneBinding01 ------------------.
  BoneListStartOffset           : 82624
  Weight                        : 0.7959027290495688
BoneBinding02 ------------------.
  BoneListStartOffset           :  0 NULL ==> None
  Weight                        : 0.0
BoneBinding03 ------------------.
  BoneListStartOffset           :  0 NULL ==> None
  Weight                        : 0.0
BoneBinding04 ------------------.
  BoneListStartOffset           :  0 NULL ==> None
  Weight                        : 0.0
BoneBinding05 ------------------.
  BoneListStartOffset           :  0 NULL ==> None
  Weight                        : 0.0
BoneBinding06 ------------------.
  BoneListStartOffset           :  0 NULL ==> None
  Weight                        : 0.0
BoneBinding07 ------------------.
  BoneListStartOffset           :  0 NULL ==> None
  Weight                        : 0.0
Reserved                      : 0
ExtraData ----------------------. 
  DataBlockCount                : 0
  DataBlockStartOffset          : 0
  Pad0                          : ''
  Pad1                          : [ 0 ,  0 ]
--------------------------------------------------------------------------------
IGfVerts [ 69 / 212 ] (18324)
------------------------------.
Point --------------------------.
  X                             : -0.484355
  Y                             : 4.219506
  Z                             : 3.000000
  Weight                        : 1.000000
Normal -------------------------.
  X                             : 0.081851
  Y                             : -0.690817
  Z                             : 0.718345
  Weight                        : 1.000000
ValidUVsCount                 : 2
UV00 ---------------------------.
  U                             : 1.0994927883148193
  V                             : 2.637458086013794
UV01 ---------------------------.
  U                             : 1.0994927883148193
  V                             : 2.637458086013794
UV02 ---------------------------.
  U                             : 0.0
  V                             : 0.0
UV03 ---------------------------.
  U                             : 0.0
  V                             : 0.0
UV04 ---------------------------.
  U                             : 0.0
  V                             : 0.0
UV05 ---------------------------.
  U                             : 0.0
  V                             : 0.0
UV06 ---------------------------.
  U                             : 0.0
  V                             : 0.0
UV07 ---------------------------.
  U                             : 0.0
  V                             : 0.0
Color --------------------------.
    Red                           : 0.000000
    Green                         : 0.000000
    Blue                          : 0.000000
    Alpha                         : 1.000000
MaterialStartOffset           : 216
BoneCount                     : 2
BoneBinding00 ------------------.
  BoneListStartOffset           : 82372
  Weight                        : 0.2036840837116801
BoneBinding01 ------------------.
  BoneListStartOffset           : 82624
  Weight                        : 0.7963159162883199
BoneBinding02 ------------------.
  BoneListStartOffset           :  0 NULL ==> None
  Weight                        : 0.0
BoneBinding03 ------------------.
  BoneListStartOffset           :  0 NULL ==> None
  Weight                        : 0.0
BoneBinding04 ------------------.
  BoneListStartOffset           :  0 NULL ==> None
  Weight                        : 0.0
BoneBinding05 ------------------.
  BoneListStartOffset           :  0 NULL ==> None
  Weight                        : 0.0
BoneBinding06 ------------------.
  BoneListStartOffset           :  0 NULL ==> None
  Weight                        : 0.0
BoneBinding07 ------------------.
  BoneListStartOffset           :  0 NULL ==> None
  Weight                        : 0.0
Reserved                      : 0
ExtraData ----------------------. 
  DataBlockCount                : 0
  DataBlockStartOffset          : 0
  Pad0                          : ''
  Pad1                          : [ 0 ,  0 ]
--------------------------------------------------------------------------------
IGfVerts [ 70 / 212 ] (18564)
------------------------------.
Point --------------------------.
  X                             : 6.295863
  Y                             : 3.980016
  Z                             : 3.000000
  Weight                        : 1.000000
Normal -------------------------.
  X                             : 0.694235
  Y                             : 0.319468
  Z                             : 0.644917
  Weight                        : 1.000000
ValidUVsCount                 : 2
UV00 ---------------------------.
  U                             : 0.5316067934036255
  V                             : 2.6743807792663574
UV01 ---------------------------.
  U                             : 0.5316067934036255
  V                             : 2.6743807792663574
UV02 ---------------------------.
  U                             : 0.0
  V                             : 0.0
UV03 ---------------------------.
  U                             : 0.0
  V                             : 0.0
UV04 ---------------------------.
  U                             : 0.0
  V                             : 0.0
UV05 ---------------------------.
  U                             : 0.0
  V                             : 0.0
UV06 ---------------------------.
  U                             : 0.0
  V                             : 0.0
UV07 ---------------------------.
  U                             : 0.0
  V                             : 0.0
Color --------------------------.
    Red                           : 0.000000
    Green                         : 0.000000
    Blue                          : 0.000000
    Alpha                         : 1.000000
MaterialStartOffset           : 216
BoneCount                     : 2
BoneBinding00 ------------------.
  BoneListStartOffset           : 82372
  Weight                        : 0.3034898609447982
BoneBinding01 ------------------.
  BoneListStartOffset           : 82624
  Weight                        : 0.6965101390552019
BoneBinding02 ------------------.
  BoneListStartOffset           :  0 NULL ==> None
  Weight                        : 0.0
BoneBinding03 ------------------.
  BoneListStartOffset           :  0 NULL ==> None
  Weight                        : 0.0
BoneBinding04 ------------------.
  BoneListStartOffset           :  0 NULL ==> None
  Weight                        : 0.0
BoneBinding05 ------------------.
  BoneListStartOffset           :  0 NULL ==> None
  Weight                        : 0.0
BoneBinding06 ------------------.
  BoneListStartOffset           :  0 NULL ==> None
  Weight                        : 0.0
BoneBinding07 ------------------.
  BoneListStartOffset           :  0 NULL ==> None
  Weight                        : 0.0
Reserved                      : 0
ExtraData ----------------------. 
  DataBlockCount                : 0
  DataBlockStartOffset          : 0
  Pad0                          : ''
  Pad1                          : [ 0 ,  0 ]
--------------------------------------------------------------------------------
IGfVerts [ 71 / 212 ] (18804)
------------------------------.
Point --------------------------.
  X                             : -5.925895
  Y                             : 3.949639
  Z                             : 3.000000
  Weight                        : 1.000000
Normal -------------------------.
  X                             : -0.592395
  Y                             : 0.439711
  Z                             : 0.675039
  Weight                        : 1.000000
ValidUVsCount                 : 2
UV00 ---------------------------.
  U                             : 1.5549099445343018
  V                             : 2.6852002143859863
UV01 ---------------------------.
  U                             : 1.5549099445343018
  V                             : 2.6852002143859863
UV02 ---------------------------.
  U                             : 0.0
  V                             : 0.0
UV03 ---------------------------.
  U                             : 0.0
  V                             : 0.0
UV04 ---------------------------.
  U                             : 0.0
  V                             : 0.0
UV05 ---------------------------.
  U                             : 0.0
  V                             : 0.0
UV06 ---------------------------.
  U                             : 0.0
  V                             : 0.0
UV07 ---------------------------.
  U                             : 0.0
  V                             : 0.0
Color --------------------------.
    Red                           : 0.000000
    Green                         : 0.000000
    Blue                          : 0.000000
    Alpha                         : 1.000000
MaterialStartOffset           : 216
BoneCount                     : 2
BoneBinding00 ------------------.
  BoneListStartOffset           : 82372
  Weight                        : 0.24417737968625286
BoneBinding01 ------------------.
  BoneListStartOffset           : 82624
  Weight                        : 0.7558226203137471
BoneBinding02 ------------------.
  BoneListStartOffset           :  0 NULL ==> None
  Weight                        : 0.0
BoneBinding03 ------------------.
  BoneListStartOffset           :  0 NULL ==> None
  Weight                        : 0.0
BoneBinding04 ------------------.
  BoneListStartOffset           :  0 NULL ==> None
  Weight                        : 0.0
BoneBinding05 ------------------.
  BoneListStartOffset           :  0 NULL ==> None
  Weight                        : 0.0
BoneBinding06 ------------------.
  BoneListStartOffset           :  0 NULL ==> None
  Weight                        : 0.0
BoneBinding07 ------------------.
  BoneListStartOffset           :  0 NULL ==> None
  Weight                        : 0.0
Reserved                      : 0
ExtraData ----------------------. 
  DataBlockCount                : 0
  DataBlockStartOffset          : 0
  Pad0                          : ''
  Pad1                          : [ 0 ,  0 ]
--------------------------------------------------------------------------------
IGfVerts [ 72 / 212 ] (19044)
------------------------------.
Point --------------------------.
  X                             : 1.297250
  Y                             : 4.156508
  Z                             : 3.000000
  Weight                        : 1.000000
Normal -------------------------.
  X                             : -0.149083
  Y                             : -0.674825
  Z                             : 0.722709
  Weight                        : 1.000000
ValidUVsCount                 : 2
UV00 ---------------------------.
  U                             : 0.9504119157791138
  V                             : 2.6471610069274902
UV01 ---------------------------.
  U                             : 0.9504119157791138
  V                             : 2.6471610069274902
UV02 ---------------------------.
  U                             : 0.0
  V                             : 0.0
UV03 ---------------------------.
  U                             : 0.0
  V                             : 0.0
UV04 ---------------------------.
  U                             : 0.0
  V                             : 0.0
UV05 ---------------------------.
  U                             : 0.0
  V                             : 0.0
UV06 ---------------------------.
  U                             : 0.0
  V                             : 0.0
UV07 ---------------------------.
  U                             : 0.0
  V                             : 0.0
Color --------------------------.
    Red                           : 0.000000
    Green                         : 0.000000
    Blue                          : 0.000000
    Alpha                         : 1.000000
MaterialStartOffset           : 216
BoneCount                     : 2
BoneBinding00 ------------------.
  BoneListStartOffset           : 82372
  Weight                        : 0.22873216019626794
BoneBinding01 ------------------.
  BoneListStartOffset           : 82624
  Weight                        : 0.771267839803732
BoneBinding02 ------------------.
  BoneListStartOffset           :  0 NULL ==> None
  Weight                        : 0.0
BoneBinding03 ------------------.
  BoneListStartOffset           :  0 NULL ==> None
  Weight                        : 0.0
BoneBinding04 ------------------.
  BoneListStartOffset           :  0 NULL ==> None
  Weight                        : 0.0
BoneBinding05 ------------------.
  BoneListStartOffset           :  0 NULL ==> None
  Weight                        : 0.0
BoneBinding06 ------------------.
  BoneListStartOffset           :  0 NULL ==> None
  Weight                        : 0.0
BoneBinding07 ------------------.
  BoneListStartOffset           :  0 NULL ==> None
  Weight                        : 0.0
Reserved                      : 0
ExtraData ----------------------. 
  DataBlockCount                : 0
  DataBlockStartOffset          : 0
  Pad0                          : ''
  Pad1                          : [ 0 ,  0 ]
--------------------------------------------------------------------------------
IGfVerts [ 73 / 212 ] (19284)
------------------------------.
Point --------------------------.
  X                             : -0.901869
  Y                             : 4.146886
  Z                             : 3.000000
  Weight                        : 1.000000
Normal -------------------------.
  X                             : 0.161992
  Y                             : -0.670370
  Z                             : 0.724082
  Weight                        : 1.000000
ValidUVsCount                 : 2
UV00 ---------------------------.
  U                             : 1.134400725364685
  V                             : 2.6498045921325684
UV01 ---------------------------.
  U                             : 1.134400725364685
  V                             : 2.6498045921325684
UV02 ---------------------------.
  U                             : 0.0
  V                             : 0.0
UV03 ---------------------------.
  U                             : 0.0
  V                             : 0.0
UV04 ---------------------------.
  U                             : 0.0
  V                             : 0.0
UV05 ---------------------------.
  U                             : 0.0
  V                             : 0.0
UV06 ---------------------------.
  U                             : 0.0
  V                             : 0.0
UV07 ---------------------------.
  U                             : 0.0
  V                             : 0.0
Color --------------------------.
    Red                           : 0.000000
    Green                         : 0.000000
    Blue                          : 0.000000
    Alpha                         : 1.000000
MaterialStartOffset           : 216
BoneCount                     : 2
BoneBinding00 ------------------.
  BoneListStartOffset           : 82372
  Weight                        : 0.21955740794833564
BoneBinding01 ------------------.
  BoneListStartOffset           : 82624
  Weight                        : 0.7804425920516643
BoneBinding02 ------------------.
  BoneListStartOffset           :  0 NULL ==> None
  Weight                        : 0.0
BoneBinding03 ------------------.
  BoneListStartOffset           :  0 NULL ==> None
  Weight                        : 0.0
BoneBinding04 ------------------.
  BoneListStartOffset           :  0 NULL ==> None
  Weight                        : 0.0
BoneBinding05 ------------------.
  BoneListStartOffset           :  0 NULL ==> None
  Weight                        : 0.0
BoneBinding06 ------------------.
  BoneListStartOffset           :  0 NULL ==> None
  Weight                        : 0.0
BoneBinding07 ------------------.
  BoneListStartOffset           :  0 NULL ==> None
  Weight                        : 0.0
Reserved                      : 0
ExtraData ----------------------. 
  DataBlockCount                : 0
  DataBlockStartOffset          : 0
  Pad0                          : ''
  Pad1                          : [ 0 ,  0 ]
--------------------------------------------------------------------------------
IGfVerts [ 74 / 212 ] (19524)
------------------------------.
Point --------------------------.
  X                             : 1.655576
  Y                             : 4.051045
  Z                             : 3.000000
  Weight                        : 1.000000
Normal -------------------------.
  X                             : -0.250313
  Y                             : -0.639576
  Z                             : 0.726798
  Weight                        : 1.000000
ValidUVsCount                 : 2
UV00 ---------------------------.
  U                             : 0.9203691482543945
  V                             : 2.6646623611450195
UV01 ---------------------------.
  U                             : 0.9203691482543945
  V                             : 2.6646623611450195
UV02 ---------------------------.
  U                             : 0.0
  V                             : 0.0
UV03 ---------------------------.
  U                             : 0.0
  V                             : 0.0
UV04 ---------------------------.
  U                             : 0.0
  V                             : 0.0
UV05 ---------------------------.
  U                             : 0.0
  V                             : 0.0
UV06 ---------------------------.
  U                             : 0.0
  V                             : 0.0
UV07 ---------------------------.
  U                             : 0.0
  V                             : 0.0
Color --------------------------.
    Red                           : 0.000000
    Green                         : 0.000000
    Blue                          : 0.000000
    Alpha                         : 1.000000
MaterialStartOffset           : 216
BoneCount                     : 2
BoneBinding00 ------------------.
  BoneListStartOffset           : 82372
  Weight                        : 0.258519354467905
BoneBinding01 ------------------.
  BoneListStartOffset           : 82624
  Weight                        : 0.7414806455320949
BoneBinding02 ------------------.
  BoneListStartOffset           :  0 NULL ==> None
  Weight                        : 0.0
BoneBinding03 ------------------.
  BoneListStartOffset           :  0 NULL ==> None
  Weight                        : 0.0
BoneBinding04 ------------------.
  BoneListStartOffset           :  0 NULL ==> None
  Weight                        : 0.0
BoneBinding05 ------------------.
  BoneListStartOffset           :  0 NULL ==> None
  Weight                        : 0.0
BoneBinding06 ------------------.
  BoneListStartOffset           :  0 NULL ==> None
  Weight                        : 0.0
BoneBinding07 ------------------.
  BoneListStartOffset           :  0 NULL ==> None
  Weight                        : 0.0
Reserved                      : 0
ExtraData ----------------------. 
  DataBlockCount                : 0
  DataBlockStartOffset          : 0
  Pad0                          : ''
  Pad1                          : [ 0 ,  0 ]
--------------------------------------------------------------------------------
IGfVerts [ 75 / 212 ] (19764)
------------------------------.
Point --------------------------.
  X                             : -1.318660
  Y                             : 4.008910
  Z                             : 3.000000
  Weight                        : 1.000000
Normal -------------------------.
  X                             : 0.310709
  Y                             : -0.587023
  Z                             : 0.747520
  Weight                        : 1.000000
ValidUVsCount                 : 2
UV00 ---------------------------.
  U                             : 1.169260859489441
  V                             : 2.6731033325195312
UV01 ---------------------------.
  U                             : 1.169260859489441
  V                             : 2.6731033325195312
UV02 ---------------------------.
  U                             : 0.0
  V                             : 0.0
UV03 ---------------------------.
  U                             : 0.0
  V                             : 0.0
UV04 ---------------------------.
  U                             : 0.0
  V                             : 0.0
UV05 ---------------------------.
  U                             : 0.0
  V                             : 0.0
UV06 ---------------------------.
  U                             : 0.0
  V                             : 0.0
UV07 ---------------------------.
  U                             : 0.0
  V                             : 0.0
Color --------------------------.
    Red                           : 0.000000
    Green                         : 0.000000
    Blue                          : 0.000000
    Alpha                         : 1.000000
MaterialStartOffset           : 216
BoneCount                     : 2
BoneBinding00 ------------------.
  BoneListStartOffset           : 82372
  Weight                        : 0.2534268627072411
BoneBinding01 ------------------.
  BoneListStartOffset           : 82624
  Weight                        : 0.746573137292759
BoneBinding02 ------------------.
  BoneListStartOffset           :  0 NULL ==> None
  Weight                        : 0.0
BoneBinding03 ------------------.
  BoneListStartOffset           :  0 NULL ==> None
  Weight                        : 0.0
BoneBinding04 ------------------.
  BoneListStartOffset           :  0 NULL ==> None
  Weight                        : 0.0
BoneBinding05 ------------------.
  BoneListStartOffset           :  0 NULL ==> None
  Weight                        : 0.0
BoneBinding06 ------------------.
  BoneListStartOffset           :  0 NULL ==> None
  Weight                        : 0.0
BoneBinding07 ------------------.
  BoneListStartOffset           :  0 NULL ==> None
  Weight                        : 0.0
Reserved                      : 0
ExtraData ----------------------. 
  DataBlockCount                : 0
  DataBlockStartOffset          : 0
  Pad0                          : ''
  Pad1                          : [ 0 ,  0 ]
--------------------------------------------------------------------------------
IGfVerts [ 76 / 212 ] (20004)
------------------------------.
Point --------------------------.
  X                             : 1.905183
  Y                             : 3.927194
  Z                             : 3.000000
  Weight                        : 1.000000
Normal -------------------------.
  X                             : -0.392529
  Y                             : -0.536576
  Z                             : 0.746971
  Weight                        : 1.000000
ValidUVsCount                 : 2
UV00 ---------------------------.
  U                             : 0.8994306325912476
  V                             : 2.6852951049804688
UV01 ---------------------------.
  U                             : 0.8994306325912476
  V                             : 2.6852951049804688
UV02 ---------------------------.
  U                             : 0.0
  V                             : 0.0
UV03 ---------------------------.
  U                             : 0.0
  V                             : 0.0
UV04 ---------------------------.
  U                             : 0.0
  V                             : 0.0
UV05 ---------------------------.
  U                             : 0.0
  V                             : 0.0
UV06 ---------------------------.
  U                             : 0.0
  V                             : 0.0
UV07 ---------------------------.
  U                             : 0.0
  V                             : 0.0
Color --------------------------.
    Red                           : 0.000000
    Green                         : 0.000000
    Blue                          : 0.000000
    Alpha                         : 1.000000
MaterialStartOffset           : 216
BoneCount                     : 2
BoneBinding00 ------------------.
  BoneListStartOffset           : 82372
  Weight                        : 0.2938832819381536
BoneBinding01 ------------------.
  BoneListStartOffset           : 82624
  Weight                        : 0.7061167180618464
BoneBinding02 ------------------.
  BoneListStartOffset           :  0 NULL ==> None
  Weight                        : 0.0
BoneBinding03 ------------------.
  BoneListStartOffset           :  0 NULL ==> None
  Weight                        : 0.0
BoneBinding04 ------------------.
  BoneListStartOffset           :  0 NULL ==> None
  Weight                        : 0.0
BoneBinding05 ------------------.
  BoneListStartOffset           :  0 NULL ==> None
  Weight                        : 0.0
BoneBinding06 ------------------.
  BoneListStartOffset           :  0 NULL ==> None
  Weight                        : 0.0
BoneBinding07 ------------------.
  BoneListStartOffset           :  0 NULL ==> None
  Weight                        : 0.0
Reserved                      : 0
ExtraData ----------------------. 
  DataBlockCount                : 0
  DataBlockStartOffset          : 0
  Pad0                          : ''
  Pad1                          : [ 0 ,  0 ]
--------------------------------------------------------------------------------
IGfVerts [ 77 / 212 ] (20244)
------------------------------.
Point --------------------------.
  X                             : -1.684462
  Y                             : 3.723067
  Z                             : 3.000000
  Weight                        : 1.000000
Normal -------------------------.
  X                             : 0.498001
  Y                             : -0.425581
  Z                             : 0.755516
  Weight                        : 1.000000
ValidUVsCount                 : 2
UV00 ---------------------------.
  U                             : 1.1998144388198853
  V                             : 2.7211313247680664
UV01 ---------------------------.
  U                             : 1.1998144388198853
  V                             : 2.7211313247680664
UV02 ---------------------------.
  U                             : 0.0
  V                             : 0.0
UV03 ---------------------------.
  U                             : 0.0
  V                             : 0.0
UV04 ---------------------------.
  U                             : 0.0
  V                             : 0.0
UV05 ---------------------------.
  U                             : 0.0
  V                             : 0.0
UV06 ---------------------------.
  U                             : 0.0
  V                             : 0.0
UV07 ---------------------------.
  U                             : 0.0
  V                             : 0.0
Color --------------------------.
    Red                           : 0.000000
    Green                         : 0.000000
    Blue                          : 0.000000
    Alpha                         : 1.000000
MaterialStartOffset           : 216
BoneCount                     : 2
BoneBinding00 ------------------.
  BoneListStartOffset           : 82372
  Weight                        : 0.3319178745961503
BoneBinding01 ------------------.
  BoneListStartOffset           : 82624
  Weight                        : 0.6680821254038497
BoneBinding02 ------------------.
  BoneListStartOffset           :  0 NULL ==> None
  Weight                        : 0.0
BoneBinding03 ------------------.
  BoneListStartOffset           :  0 NULL ==> None
  Weight                        : 0.0
BoneBinding04 ------------------.
  BoneListStartOffset           :  0 NULL ==> None
  Weight                        : 0.0
BoneBinding05 ------------------.
  BoneListStartOffset           :  0 NULL ==> None
  Weight                        : 0.0
BoneBinding06 ------------------.
  BoneListStartOffset           :  0 NULL ==> None
  Weight                        : 0.0
BoneBinding07 ------------------.
  BoneListStartOffset           :  0 NULL ==> None
  Weight                        : 0.0
Reserved                      : 0
ExtraData ----------------------. 
  DataBlockCount                : 0
  DataBlockStartOffset          : 0
  Pad0                          : ''
  Pad1                          : [ 0 ,  0 ]
--------------------------------------------------------------------------------
IGfVerts [ 78 / 212 ] (20484)
------------------------------.
Point --------------------------.
  X                             : 2.038950
  Y                             : 3.788952
  Z                             : 3.000000
  Weight                        : 1.000000
Normal -------------------------.
  X                             : -0.558794
  Y                             : -0.263771
  Z                             : 0.786218
  Weight                        : 1.000000
ValidUVsCount                 : 2
UV00 ---------------------------.
  U                             : 0.8881919384002686
  V                             : 2.7083940505981445
UV01 ---------------------------.
  U                             : 0.8881919384002686
  V                             : 2.7083940505981445
UV02 ---------------------------.
  U                             : 0.0
  V                             : 0.0
UV03 ---------------------------.
  U                             : 0.0
  V                             : 0.0
UV04 ---------------------------.
  U                             : 0.0
  V                             : 0.0
UV05 ---------------------------.
  U                             : 0.0
  V                             : 0.0
UV06 ---------------------------.
  U                             : 0.0
  V                             : 0.0
UV07 ---------------------------.
  U                             : 0.0
  V                             : 0.0
Color --------------------------.
    Red                           : 0.000000
    Green                         : 0.000000
    Blue                          : 0.000000
    Alpha                         : 1.000000
MaterialStartOffset           : 216
BoneCount                     : 2
BoneBinding00 ------------------.
  BoneListStartOffset           : 82372
  Weight                        : 0.3332855764487857
BoneBinding01 ------------------.
  BoneListStartOffset           : 82624
  Weight                        : 0.6667144235512142
BoneBinding02 ------------------.
  BoneListStartOffset           :  0 NULL ==> None
  Weight                        : 0.0
BoneBinding03 ------------------.
  BoneListStartOffset           :  0 NULL ==> None
  Weight                        : 0.0
BoneBinding04 ------------------.
  BoneListStartOffset           :  0 NULL ==> None
  Weight                        : 0.0
BoneBinding05 ------------------.
  BoneListStartOffset           :  0 NULL ==> None
  Weight                        : 0.0
BoneBinding06 ------------------.
  BoneListStartOffset           :  0 NULL ==> None
  Weight                        : 0.0
BoneBinding07 ------------------.
  BoneListStartOffset           :  0 NULL ==> None
  Weight                        : 0.0
Reserved                      : 0
ExtraData ----------------------. 
  DataBlockCount                : 0
  DataBlockStartOffset          : 0
  Pad0                          : ''
  Pad1                          : [ 0 ,  0 ]
--------------------------------------------------------------------------------
IGfVerts [ 79 / 212 ] (20724)
------------------------------.
Point --------------------------.
  X                             : 6.335304
  Y                             : 3.656934
  Z                             : 3.000000
  Weight                        : 1.000000
Normal -------------------------.
  X                             : 0.748650
  Y                             : -0.108798
  Z                             : 0.653951
  Weight                        : 1.000000
ValidUVsCount                 : 2
UV00 ---------------------------.
  U                             : 0.5282268524169922
  V                             : 2.7284955978393555
UV01 ---------------------------.
  U                             : 0.5282268524169922
  V                             : 2.7284955978393555
UV02 ---------------------------.
  U                             : 0.0
  V                             : 0.0
UV03 ---------------------------.
  U                             : 0.0
  V                             : 0.0
UV04 ---------------------------.
  U                             : 0.0
  V                             : 0.0
UV05 ---------------------------.
  U                             : 0.0
  V                             : 0.0
UV06 ---------------------------.
  U                             : 0.0
  V                             : 0.0
UV07 ---------------------------.
  U                             : 0.0
  V                             : 0.0
Color --------------------------.
    Red                           : 0.000000
    Green                         : 0.000000
    Blue                          : 0.000000
    Alpha                         : 1.000000
MaterialStartOffset           : 216
BoneCount                     : 2
BoneBinding00 ------------------.
  BoneListStartOffset           : 82372
  Weight                        : 0.3888464142216001
BoneBinding01 ------------------.
  BoneListStartOffset           : 82624
  Weight                        : 0.6111535857784
BoneBinding02 ------------------.
  BoneListStartOffset           :  0 NULL ==> None
  Weight                        : 0.0
BoneBinding03 ------------------.
  BoneListStartOffset           :  0 NULL ==> None
  Weight                        : 0.0
BoneBinding04 ------------------.
  BoneListStartOffset           :  0 NULL ==> None
  Weight                        : 0.0
BoneBinding05 ------------------.
  BoneListStartOffset           :  0 NULL ==> None
  Weight                        : 0.0
BoneBinding06 ------------------.
  BoneListStartOffset           :  0 NULL ==> None
  Weight                        : 0.0
BoneBinding07 ------------------.
  BoneListStartOffset           :  0 NULL ==> None
  Weight                        : 0.0
Reserved                      : 0
ExtraData ----------------------. 
  DataBlockCount                : 0
  DataBlockStartOffset          : 0
  Pad0                          : ''
  Pad1                          : [ 0 ,  0 ]
--------------------------------------------------------------------------------
IGfVerts [ 80 / 212 ] (20964)
------------------------------.
Point --------------------------.
  X                             : 2.057923
  Y                             : 3.638157
  Z                             : 3.000000
  Weight                        : 1.000000
Normal -------------------------.
  X                             : -0.583117
  Y                             : 0.158605
  Z                             : 0.796747
  Weight                        : 1.000000
ValidUVsCount                 : 2
UV00 ---------------------------.
  U                             : 0.8865669965744019
  V                             : 2.7336530685424805
UV01 ---------------------------.
  U                             : 0.8865669965744019
  V                             : 2.7336530685424805
UV02 ---------------------------.
  U                             : 0.0
  V                             : 0.0
UV03 ---------------------------.
  U                             : 0.0
  V                             : 0.0
UV04 ---------------------------.
  U                             : 0.0
  V                             : 0.0
UV05 ---------------------------.
  U                             : 0.0
  V                             : 0.0
UV06 ---------------------------.
  U                             : 0.0
  V                             : 0.0
UV07 ---------------------------.
  U                             : 0.0
  V                             : 0.0
Color --------------------------.
    Red                           : 0.000000
    Green                         : 0.000000
    Blue                          : 0.000000
    Alpha                         : 1.000000
MaterialStartOffset           : 216
BoneCount                     : 2
BoneBinding00 ------------------.
  BoneListStartOffset           : 82372
  Weight                        : 0.3769552468984622
BoneBinding01 ------------------.
  BoneListStartOffset           : 82624
  Weight                        : 0.6230447531015377
BoneBinding02 ------------------.
  BoneListStartOffset           :  0 NULL ==> None
  Weight                        : 0.0
BoneBinding03 ------------------.
  BoneListStartOffset           :  0 NULL ==> None
  Weight                        : 0.0
BoneBinding04 ------------------.
  BoneListStartOffset           :  0 NULL ==> None
  Weight                        : 0.0
BoneBinding05 ------------------.
  BoneListStartOffset           :  0 NULL ==> None
  Weight                        : 0.0
BoneBinding06 ------------------.
  BoneListStartOffset           :  0 NULL ==> None
  Weight                        : 0.0
BoneBinding07 ------------------.
  BoneListStartOffset           :  0 NULL ==> None
  Weight                        : 0.0
Reserved                      : 0
ExtraData ----------------------. 
  DataBlockCount                : 0
  DataBlockStartOffset          : 0
  Pad0                          : ''
  Pad1                          : [ 0 ,  0 ]
--------------------------------------------------------------------------------
IGfVerts [ 81 / 212 ] (21204)
------------------------------.
Point --------------------------.
  X                             : -6.116797
  Y                             : 3.592493
  Z                             : 3.000000
  Weight                        : 1.000000
Normal -------------------------.
  X                             : -0.717429
  Y                             : -0.423475
  Z                             : 0.553118
  Weight                        : 1.000000
ValidUVsCount                 : 2
UV00 ---------------------------.
  U                             : 1.570805311203003
  V                             : 2.7450814247131348
UV01 ---------------------------.
  U                             : 1.570805311203003
  V                             : 2.7450814247131348
UV02 ---------------------------.
  U                             : 0.0
  V                             : 0.0
UV03 ---------------------------.
  U                             : 0.0
  V                             : 0.0
UV04 ---------------------------.
  U                             : 0.0
  V                             : 0.0
UV05 ---------------------------.
  U                             : 0.0
  V                             : 0.0
UV06 ---------------------------.
  U                             : 0.0
  V                             : 0.0
UV07 ---------------------------.
  U                             : 0.0
  V                             : 0.0
Color --------------------------.
    Red                           : 0.000000
    Green                         : 0.000000
    Blue                          : 0.000000
    Alpha                         : 1.000000
MaterialStartOffset           : 216
BoneCount                     : 2
BoneBinding00 ------------------.
  BoneListStartOffset           : 82372
  Weight                        : 0.3459213774534236
BoneBinding01 ------------------.
  BoneListStartOffset           : 82624
  Weight                        : 0.6540786225465763
BoneBinding02 ------------------.
  BoneListStartOffset           :  0 NULL ==> None
  Weight                        : 0.0
BoneBinding03 ------------------.
  BoneListStartOffset           :  0 NULL ==> None
  Weight                        : 0.0
BoneBinding04 ------------------.
  BoneListStartOffset           :  0 NULL ==> None
  Weight                        : 0.0
BoneBinding05 ------------------.
  BoneListStartOffset           :  0 NULL ==> None
  Weight                        : 0.0
BoneBinding06 ------------------.
  BoneListStartOffset           :  0 NULL ==> None
  Weight                        : 0.0
BoneBinding07 ------------------.
  BoneListStartOffset           :  0 NULL ==> None
  Weight                        : 0.0
Reserved                      : 0
ExtraData ----------------------. 
  DataBlockCount                : 0
  DataBlockStartOffset          : 0
  Pad0                          : ''
  Pad1                          : [ 0 ,  0 ]
--------------------------------------------------------------------------------
IGfVerts [ 82 / 212 ] (21444)
------------------------------.
Point --------------------------.
  X                             : -1.817535
  Y                             : 3.476582
  Z                             : 3.000000
  Weight                        : 1.000000
Normal -------------------------.
  X                             : 0.000000
  Y                             : -0.000001
  Z                             : 1.000000
  Weight                        : 1.000000
ValidUVsCount                 : 2
UV00 ---------------------------.
  U                             : 1.2108957767486572
  V                             : 2.7624597549438477
UV01 ---------------------------.
  U                             : 1.2108957767486572
  V                             : 2.7624597549438477
UV02 ---------------------------.
  U                             : 0.0
  V                             : 0.0
UV03 ---------------------------.
  U                             : 0.0
  V                             : 0.0
UV04 ---------------------------.
  U                             : 0.0
  V                             : 0.0
UV05 ---------------------------.
  U                             : 0.0
  V                             : 0.0
UV06 ---------------------------.
  U                             : 0.0
  V                             : 0.0
UV07 ---------------------------.
  U                             : 0.0
  V                             : 0.0
Color --------------------------.
    Red                           : 0.000000
    Green                         : 0.000000
    Blue                          : 0.000000
    Alpha                         : 1.000000
MaterialStartOffset           : 216
BoneCount                     : 2
BoneBinding00 ------------------.
  BoneListStartOffset           : 82372
  Weight                        : 0.37417564588370406
BoneBinding01 ------------------.
  BoneListStartOffset           : 82624
  Weight                        : 0.6258243541162959
BoneBinding02 ------------------.
  BoneListStartOffset           :  0 NULL ==> None
  Weight                        : 0.0
BoneBinding03 ------------------.
  BoneListStartOffset           :  0 NULL ==> None
  Weight                        : 0.0
BoneBinding04 ------------------.
  BoneListStartOffset           :  0 NULL ==> None
  Weight                        : 0.0
BoneBinding05 ------------------.
  BoneListStartOffset           :  0 NULL ==> None
  Weight                        : 0.0
BoneBinding06 ------------------.
  BoneListStartOffset           :  0 NULL ==> None
  Weight                        : 0.0
BoneBinding07 ------------------.
  BoneListStartOffset           :  0 NULL ==> None
  Weight                        : 0.0
Reserved                      : 0
ExtraData ----------------------. 
  DataBlockCount                : 0
  DataBlockStartOffset          : 0
  Pad0                          : ''
  Pad1                          : [ 0 ,  0 ]
--------------------------------------------------------------------------------
IGfVerts [ 83 / 212 ] (21684)
------------------------------.
Point --------------------------.
  X                             : 6.208247
  Y                             : 3.351716
  Z                             : 2.999999
  Weight                        : 1.000000
Normal -------------------------.
  X                             : 0.606464
  Y                             : -0.448927
  Z                             : 0.656209
  Weight                        : 1.000000
ValidUVsCount                 : 2
UV00 ---------------------------.
  U                             : 0.5387997031211853
  V                             : 2.779696464538574
UV01 ---------------------------.
  U                             : 0.5387997031211853
  V                             : 2.779696464538574
UV02 ---------------------------.
  U                             : 0.0
  V                             : 0.0
UV03 ---------------------------.
  U                             : 0.0
  V                             : 0.0
UV04 ---------------------------.
  U                             : 0.0
  V                             : 0.0
UV05 ---------------------------.
  U                             : 0.0
  V                             : 0.0
UV06 ---------------------------.
  U                             : 0.0
  V                             : 0.0
UV07 ---------------------------.
  U                             : 0.0
  V                             : 0.0
Color --------------------------.
    Red                           : 0.000000
    Green                         : 0.000000
    Blue                          : 0.000000
    Alpha                         : 1.000000
MaterialStartOffset           : 216
BoneCount                     : 2
BoneBinding00 ------------------.
  BoneListStartOffset           : 82372
  Weight                        : 0.4530471122928952
BoneBinding01 ------------------.
  BoneListStartOffset           : 82624
  Weight                        : 0.5469528877071048
BoneBinding02 ------------------.
  BoneListStartOffset           :  0 NULL ==> None
  Weight                        : 0.0
BoneBinding03 ------------------.
  BoneListStartOffset           :  0 NULL ==> None
  Weight                        : 0.0
BoneBinding04 ------------------.
  BoneListStartOffset           :  0 NULL ==> None
  Weight                        : 0.0
BoneBinding05 ------------------.
  BoneListStartOffset           :  0 NULL ==> None
  Weight                        : 0.0
BoneBinding06 ------------------.
  BoneListStartOffset           :  0 NULL ==> None
  Weight                        : 0.0
BoneBinding07 ------------------.
  BoneListStartOffset           :  0 NULL ==> None
  Weight                        : 0.0
Reserved                      : 0
ExtraData ----------------------. 
  DataBlockCount                : 0
  DataBlockStartOffset          : 0
  Pad0                          : ''
  Pad1                          : [ 0 ,  0 ]
--------------------------------------------------------------------------------
IGfVerts [ 84 / 212 ] (21924)
------------------------------.
Point --------------------------.
  X                             : 1.961171
  Y                             : 3.489663
  Z                             : 3.000000
  Weight                        : 1.000000
Normal -------------------------.
  X                             : -0.458113
  Y                             : 0.475387
  Z                             : 0.751060
  Weight                        : 1.000000
ValidUVsCount                 : 2
UV00 ---------------------------.
  U                             : 0.8946378231048584
  V                             : 2.758579730987549
UV01 ---------------------------.
  U                             : 0.8946378231048584
  V                             : 2.758579730987549
UV02 ---------------------------.
  U                             : 0.0
  V                             : 0.0
UV03 ---------------------------.
  U                             : 0.0
  V                             : 0.0
UV04 ---------------------------.
  U                             : 0.0
  V                             : 0.0
UV05 ---------------------------.
  U                             : 0.0
  V                             : 0.0
UV06 ---------------------------.
  U                             : 0.0
  V                             : 0.0
UV07 ---------------------------.
  U                             : 0.0
  V                             : 0.0
Color --------------------------.
    Red                           : 0.000000
    Green                         : 0.000000
    Blue                          : 0.000000
    Alpha                         : 1.000000
MaterialStartOffset           : 216
BoneCount                     : 2
BoneBinding00 ------------------.
  BoneListStartOffset           : 82372
  Weight                        : 0.42310130052122474
BoneBinding01 ------------------.
  BoneListStartOffset           : 82624
  Weight                        : 0.5768986994787753
BoneBinding02 ------------------.
  BoneListStartOffset           :  0 NULL ==> None
  Weight                        : 0.0
BoneBinding03 ------------------.
  BoneListStartOffset           :  0 NULL ==> None
  Weight                        : 0.0
BoneBinding04 ------------------.
  BoneListStartOffset           :  0 NULL ==> None
  Weight                        : 0.0
BoneBinding05 ------------------.
  BoneListStartOffset           :  0 NULL ==> None
  Weight                        : 0.0
BoneBinding06 ------------------.
  BoneListStartOffset           :  0 NULL ==> None
  Weight                        : 0.0
BoneBinding07 ------------------.
  BoneListStartOffset           :  0 NULL ==> None
  Weight                        : 0.0
Reserved                      : 0
ExtraData ----------------------. 
  DataBlockCount                : 0
  DataBlockStartOffset          : 0
  Pad0                          : ''
  Pad1                          : [ 0 ,  0 ]
--------------------------------------------------------------------------------
IGfVerts [ 85 / 212 ] (22164)
------------------------------.
Point --------------------------.
  X                             : 1.669904
  Y                             : 3.288436
  Z                             : 3.000000
  Weight                        : 1.000000
Normal -------------------------.
  X                             : -0.323649
  Y                             : 0.599811
  Z                             : 0.731742
  Weight                        : 1.000000
ValidUVsCount                 : 2
UV00 ---------------------------.
  U                             : 0.9189916849136353
  V                             : 2.7924327850341797
UV01 ---------------------------.
  U                             : 0.9189916849136353
  V                             : 2.7924327850341797
UV02 ---------------------------.
  U                             : 0.0
  V                             : 0.0
UV03 ---------------------------.
  U                             : 0.0
  V                             : 0.0
UV04 ---------------------------.
  U                             : 0.0
  V                             : 0.0
UV05 ---------------------------.
  U                             : 0.0
  V                             : 0.0
UV06 ---------------------------.
  U                             : 0.0
  V                             : 0.0
UV07 ---------------------------.
  U                             : 0.0
  V                             : 0.0
Color --------------------------.
    Red                           : 0.000000
    Green                         : 0.000000
    Blue                          : 0.000000
    Alpha                         : 1.000000
MaterialStartOffset           : 216
BoneCount                     : 2
BoneBinding00 ------------------.
  BoneListStartOffset           : 82372
  Weight                        : 0.4848884963335969
BoneBinding01 ------------------.
  BoneListStartOffset           : 82624
  Weight                        : 0.5151115036664031
BoneBinding02 ------------------.
  BoneListStartOffset           :  0 NULL ==> None
  Weight                        : 0.0
BoneBinding03 ------------------.
  BoneListStartOffset           :  0 NULL ==> None
  Weight                        : 0.0
BoneBinding04 ------------------.
  BoneListStartOffset           :  0 NULL ==> None
  Weight                        : 0.0
BoneBinding05 ------------------.
  BoneListStartOffset           :  0 NULL ==> None
  Weight                        : 0.0
BoneBinding06 ------------------.
  BoneListStartOffset           :  0 NULL ==> None
  Weight                        : 0.0
BoneBinding07 ------------------.
  BoneListStartOffset           :  0 NULL ==> None
  Weight                        : 0.0
Reserved                      : 0
ExtraData ----------------------. 
  DataBlockCount                : 0
  DataBlockStartOffset          : 0
  Pad0                          : ''
  Pad1                          : [ 0 ,  0 ]
--------------------------------------------------------------------------------
IGfVerts [ 86 / 212 ] (22404)
------------------------------.
Point --------------------------.
  X                             : 5.694802
  Y                             : 2.927529
  Z                             : 2.999999
  Weight                        : 1.000000
Normal -------------------------.
  X                             : 0.391430
  Y                             : -0.621845
  Z                             : 0.678274
  Weight                        : 1.000000
ValidUVsCount                 : 2
UV00 ---------------------------.
  U                             : 0.5817142724990845
  V                             : 2.851011276245117
UV01 ---------------------------.
  U                             : 0.5817142724990845
  V                             : 2.851011276245117
UV02 ---------------------------.
  U                             : 0.0
  V                             : 0.0
UV03 ---------------------------.
  U                             : 0.0
  V                             : 0.0
UV04 ---------------------------.
  U                             : 0.0
  V                             : 0.0
UV05 ---------------------------.
  U                             : 0.0
  V                             : 0.0
UV06 ---------------------------.
  U                             : 0.0
  V                             : 0.0
UV07 ---------------------------.
  U                             : 0.0
  V                             : 0.0
Color --------------------------.
    Red                           : 0.000000
    Green                         : 0.000000
    Blue                          : 0.000000
    Alpha                         : 1.000000
MaterialStartOffset           : 216
BoneCount                     : 2
BoneBinding00 ------------------.
  BoneListStartOffset           : 82372
  Weight                        : 0.5260904497157334
BoneBinding01 ------------------.
  BoneListStartOffset           : 82624
  Weight                        : 0.47390955028426657
BoneBinding02 ------------------.
  BoneListStartOffset           :  0 NULL ==> None
  Weight                        : 0.0
BoneBinding03 ------------------.
  BoneListStartOffset           :  0 NULL ==> None
  Weight                        : 0.0
BoneBinding04 ------------------.
  BoneListStartOffset           :  0 NULL ==> None
  Weight                        : 0.0
BoneBinding05 ------------------.
  BoneListStartOffset           :  0 NULL ==> None
  Weight                        : 0.0
BoneBinding06 ------------------.
  BoneListStartOffset           :  0 NULL ==> None
  Weight                        : 0.0
BoneBinding07 ------------------.
  BoneListStartOffset           :  0 NULL ==> None
  Weight                        : 0.0
Reserved                      : 0
ExtraData ----------------------. 
  DataBlockCount                : 0
  DataBlockStartOffset          : 0
  Pad0                          : ''
  Pad1                          : [ 0 ,  0 ]
--------------------------------------------------------------------------------
IGfVerts [ 87 / 212 ] (22644)
------------------------------.
Point --------------------------.
  X                             : 1.163137
  Y                             : 3.082475
  Z                             : 3.000000
  Weight                        : 1.000000
Normal -------------------------.
  X                             : -0.231025
  Y                             : 0.657033
  Z                             : 0.717551
  Weight                        : 1.000000
ValidUVsCount                 : 2
UV00 ---------------------------.
  U                             : 0.9613975286483765
  V                             : 2.8271796703338623
UV01 ---------------------------.
  U                             : 0.9613975286483765
  V                             : 2.8271796703338623
UV02 ---------------------------.
  U                             : 0.0
  V                             : 0.0
UV03 ---------------------------.
  U                             : 0.0
  V                             : 0.0
UV04 ---------------------------.
  U                             : 0.0
  V                             : 0.0
UV05 ---------------------------.
  U                             : 0.0
  V                             : 0.0
UV06 ---------------------------.
  U                             : 0.0
  V                             : 0.0
UV07 ---------------------------.
  U                             : 0.0
  V                             : 0.0
Color --------------------------.
    Red                           : 0.000000
    Green                         : 0.000000
    Blue                          : 0.000000
    Alpha                         : 1.000000
MaterialStartOffset           : 216
BoneCount                     : 2
BoneBinding00 ------------------.
  BoneListStartOffset           : 82372
  Weight                        : 0.5334611074022068
BoneBinding01 ------------------.
  BoneListStartOffset           : 82624
  Weight                        : 0.4665388925977932
BoneBinding02 ------------------.
  BoneListStartOffset           :  0 NULL ==> None
  Weight                        : 0.0
BoneBinding03 ------------------.
  BoneListStartOffset           :  0 NULL ==> None
  Weight                        : 0.0
BoneBinding04 ------------------.
  BoneListStartOffset           :  0 NULL ==> None
  Weight                        : 0.0
BoneBinding05 ------------------.
  BoneListStartOffset           :  0 NULL ==> None
  Weight                        : 0.0
BoneBinding06 ------------------.
  BoneListStartOffset           :  0 NULL ==> None
  Weight                        : 0.0
BoneBinding07 ------------------.
  BoneListStartOffset           :  0 NULL ==> None
  Weight                        : 0.0
Reserved                      : 0
ExtraData ----------------------. 
  DataBlockCount                : 0
  DataBlockStartOffset          : 0
  Pad0                          : ''
  Pad1                          : [ 0 ,  0 ]
--------------------------------------------------------------------------------
IGfVerts [ 88 / 212 ] (22884)
------------------------------.
Point --------------------------.
  X                             : 0.145162
  Y                             : 2.778283
  Z                             : 3.000000
  Weight                        : 1.000000
Normal -------------------------.
  X                             : -0.187170
  Y                             : 0.677236
  Z                             : 0.711539
  Weight                        : 1.000000
ValidUVsCount                 : 2
UV00 ---------------------------.
  U                             : 1.0466046333312988
  V                             : 2.8786234855651855
UV01 ---------------------------.
  U                             : 1.0466046333312988
  V                             : 2.8786234855651855
UV02 ---------------------------.
  U                             : 0.0
  V                             : 0.0
UV03 ---------------------------.
  U                             : 0.0
  V                             : 0.0
UV04 ---------------------------.
  U                             : 0.0
  V                             : 0.0
UV05 ---------------------------.
  U                             : 0.0
  V                             : 0.0
UV06 ---------------------------.
  U                             : 0.0
  V                             : 0.0
UV07 ---------------------------.
  U                             : 0.0
  V                             : 0.0
Color --------------------------.
    Red                           : 0.000000
    Green                         : 0.000000
    Blue                          : 0.000000
    Alpha                         : 1.000000
MaterialStartOffset           : 216
BoneCount                     : 2
BoneBinding00 ------------------.
  BoneListStartOffset           : 82372
  Weight                        : 0.6102083549786699
BoneBinding01 ------------------.
  BoneListStartOffset           : 82624
  Weight                        : 0.3897916450213301
BoneBinding02 ------------------.
  BoneListStartOffset           :  0 NULL ==> None
  Weight                        : 0.0
BoneBinding03 ------------------.
  BoneListStartOffset           :  0 NULL ==> None
  Weight                        : 0.0
BoneBinding04 ------------------.
  BoneListStartOffset           :  0 NULL ==> None
  Weight                        : 0.0
BoneBinding05 ------------------.
  BoneListStartOffset           :  0 NULL ==> None
  Weight                        : 0.0
BoneBinding06 ------------------.
  BoneListStartOffset           :  0 NULL ==> None
  Weight                        : 0.0
BoneBinding07 ------------------.
  BoneListStartOffset           :  0 NULL ==> None
  Weight                        : 0.0
Reserved                      : 0
ExtraData ----------------------. 
  DataBlockCount                : 0
  DataBlockStartOffset          : 0
  Pad0                          : ''
  Pad1                          : [ 0 ,  0 ]
--------------------------------------------------------------------------------
IGfVerts [ 89 / 212 ] (23124)
------------------------------.
Point --------------------------.
  X                             : 4.910985
  Y                             : 2.575692
  Z                             : 3.000000
  Weight                        : 1.000000
Normal -------------------------.
  X                             : 0.260079
  Y                             : -0.670492
  Z                             : 0.694815
  Weight                        : 1.000000
ValidUVsCount                 : 2
UV00 ---------------------------.
  U                             : 0.6472962498664856
  V                             : 2.910329818725586
UV01 ---------------------------.
  U                             : 0.6472962498664856
  V                             : 2.910329818725586
UV02 ---------------------------.
  U                             : 0.0
  V                             : 0.0
UV03 ---------------------------.
  U                             : 0.0
  V                             : 0.0
UV04 ---------------------------.
  U                             : 0.0
  V                             : 0.0
UV05 ---------------------------.
  U                             : 0.0
  V                             : 0.0
UV06 ---------------------------.
  U                             : 0.0
  V                             : 0.0
UV07 ---------------------------.
  U                             : 0.0
  V                             : 0.0
Color --------------------------.
    Red                           : 0.000000
    Green                         : 0.000000
    Blue                          : 0.000000
    Alpha                         : 1.000000
MaterialStartOffset           : 216
BoneCount                     : 2
BoneBinding00 ------------------.
  BoneListStartOffset           : 82372
  Weight                        : 0.5860437875662927
BoneBinding01 ------------------.
  BoneListStartOffset           : 82624
  Weight                        : 0.41395621243370734
BoneBinding02 ------------------.
  BoneListStartOffset           :  0 NULL ==> None
  Weight                        : 0.0
BoneBinding03 ------------------.
  BoneListStartOffset           :  0 NULL ==> None
  Weight                        : 0.0
BoneBinding04 ------------------.
  BoneListStartOffset           :  0 NULL ==> None
  Weight                        : 0.0
BoneBinding05 ------------------.
  BoneListStartOffset           :  0 NULL ==> None
  Weight                        : 0.0
BoneBinding06 ------------------.
  BoneListStartOffset           :  0 NULL ==> None
  Weight                        : 0.0
BoneBinding07 ------------------.
  BoneListStartOffset           :  0 NULL ==> None
  Weight                        : 0.0
Reserved                      : 0
ExtraData ----------------------. 
  DataBlockCount                : 0
  DataBlockStartOffset          : 0
  Pad0                          : ''
  Pad1                          : [ 0 ,  0 ]
--------------------------------------------------------------------------------
IGfVerts [ 90 / 212 ] (23364)
------------------------------.
Point --------------------------.
  X                             : -2.064600
  Y                             : 2.216027
  Z                             : 3.000000
  Weight                        : 1.000000
Normal -------------------------.
  X                             : -0.187719
  Y                             : 0.685659
  Z                             : 0.703268
  Weight                        : 1.000000
ValidUVsCount                 : 2
UV00 ---------------------------.
  U                             : 1.231597900390625
  V                             : 2.9738683700561523
UV01 ---------------------------.
  U                             : 1.231597900390625
  V                             : 2.9738683700561523
UV02 ---------------------------.
  U                             : 0.0
  V                             : 0.0
UV03 ---------------------------.
  U                             : 0.0
  V                             : 0.0
UV04 ---------------------------.
  U                             : 0.0
  V                             : 0.0
UV05 ---------------------------.
  U                             : 0.0
  V                             : 0.0
UV06 ---------------------------.
  U                             : 0.0
  V                             : 0.0
UV07 ---------------------------.
  U                             : 0.0
  V                             : 0.0
Color --------------------------.
    Red                           : 0.000000
    Green                         : 0.000000
    Blue                          : 0.000000
    Alpha                         : 1.000000
MaterialStartOffset           : 216
BoneCount                     : 2
BoneBinding00 ------------------.
  BoneListStartOffset           : 82372
  Weight                        : 0.7264256192644304
BoneBinding01 ------------------.
  BoneListStartOffset           : 82624
  Weight                        : 0.2735743807355696
BoneBinding02 ------------------.
  BoneListStartOffset           :  0 NULL ==> None
  Weight                        : 0.0
BoneBinding03 ------------------.
  BoneListStartOffset           :  0 NULL ==> None
  Weight                        : 0.0
BoneBinding04 ------------------.
  BoneListStartOffset           :  0 NULL ==> None
  Weight                        : 0.0
BoneBinding05 ------------------.
  BoneListStartOffset           :  0 NULL ==> None
  Weight                        : 0.0
BoneBinding06 ------------------.
  BoneListStartOffset           :  0 NULL ==> None
  Weight                        : 0.0
BoneBinding07 ------------------.
  BoneListStartOffset           :  0 NULL ==> None
  Weight                        : 0.0
Reserved                      : 0
ExtraData ----------------------. 
  DataBlockCount                : 0
  DataBlockStartOffset          : 0
  Pad0                          : ''
  Pad1                          : [ 0 ,  0 ]
--------------------------------------------------------------------------------
IGfVerts [ 91 / 212 ] (23604)
------------------------------.
Point --------------------------.
  X                             : 3.938421
  Y                             : 2.263375
  Z                             : 3.000000
  Weight                        : 1.000000
Normal -------------------------.
  X                             : 0.200476
  Y                             : -0.684408
  Z                             : 0.700949
  Weight                        : 1.000000
ValidUVsCount                 : 2
UV00 ---------------------------.
  U                             : 0.7287023067474365
  V                             : 2.9631171226501465
UV01 ---------------------------.
  U                             : 0.7287023067474365
  V                             : 2.9631171226501465
UV02 ---------------------------.
  U                             : 0.0
  V                             : 0.0
UV03 ---------------------------.
  U                             : 0.0
  V                             : 0.0
UV04 ---------------------------.
  U                             : 0.0
  V                             : 0.0
UV05 ---------------------------.
  U                             : 0.0
  V                             : 0.0
UV06 ---------------------------.
  U                             : 0.0
  V                             : 0.0
UV07 ---------------------------.
  U                             : 0.0
  V                             : 0.0
Color --------------------------.
    Red                           : 0.000000
    Green                         : 0.000000
    Blue                          : 0.000000
    Alpha                         : 1.000000
MaterialStartOffset           : 216
BoneCount                     : 2
BoneBinding00 ------------------.
  BoneListStartOffset           : 82372
  Weight                        : 0.6466504157683306
BoneBinding01 ------------------.
  BoneListStartOffset           : 82624
  Weight                        : 0.3533495842316694
BoneBinding02 ------------------.
  BoneListStartOffset           :  0 NULL ==> None
  Weight                        : 0.0
BoneBinding03 ------------------.
  BoneListStartOffset           :  0 NULL ==> None
  Weight                        : 0.0
BoneBinding04 ------------------.
  BoneListStartOffset           :  0 NULL ==> None
  Weight                        : 0.0
BoneBinding05 ------------------.
  BoneListStartOffset           :  0 NULL ==> None
  Weight                        : 0.0
BoneBinding06 ------------------.
  BoneListStartOffset           :  0 NULL ==> None
  Weight                        : 0.0
BoneBinding07 ------------------.
  BoneListStartOffset           :  0 NULL ==> None
  Weight                        : 0.0
Reserved                      : 0
ExtraData ----------------------. 
  DataBlockCount                : 0
  DataBlockStartOffset          : 0
  Pad0                          : ''
  Pad1                          : [ 0 ,  0 ]
--------------------------------------------------------------------------------
IGfVerts [ 92 / 212 ] (23844)
------------------------------.
Point --------------------------.
  X                             : 2.807928
  Y                             : 1.967721
  Z                             : 2.999999
  Weight                        : 1.000000
Normal -------------------------.
  X                             : 0.171758
  Y                             : -0.688681
  Z                             : 0.704398
  Weight                        : 1.000000
ValidUVsCount                 : 2
UV00 ---------------------------.
  U                             : 0.82334303855896
  V                             : 3.013186454772949
UV01 ---------------------------.
  U                             : 0.82334303855896
  V                             : 3.013186454772949
UV02 ---------------------------.
  U                             : 0.0
  V                             : 0.0
UV03 ---------------------------.
  U                             : 0.0
  V                             : 0.0
UV04 ---------------------------.
  U                             : 0.0
  V                             : 0.0
UV05 ---------------------------.
  U                             : 0.0
  V                             : 0.0
UV06 ---------------------------.
  U                             : 0.0
  V                             : 0.0
UV07 ---------------------------.
  U                             : 0.0
  V                             : 0.0
Color --------------------------.
    Red                           : 0.000000
    Green                         : 0.000000
    Blue                          : 0.000000
    Alpha                         : 1.000000
MaterialStartOffset           : 216
BoneCount                     : 2
BoneBinding00 ------------------.
  BoneListStartOffset           : 82372
  Weight                        : 0.7116170117876529
BoneBinding01 ------------------.
  BoneListStartOffset           : 82624
  Weight                        : 0.28838298821234704
BoneBinding02 ------------------.
  BoneListStartOffset           :  0 NULL ==> None
  Weight                        : 0.0
BoneBinding03 ------------------.
  BoneListStartOffset           :  0 NULL ==> None
  Weight                        : 0.0
BoneBinding04 ------------------.
  BoneListStartOffset           :  0 NULL ==> None
  Weight                        : 0.0
BoneBinding05 ------------------.
  BoneListStartOffset           :  0 NULL ==> None
  Weight                        : 0.0
BoneBinding06 ------------------.
  BoneListStartOffset           :  0 NULL ==> None
  Weight                        : 0.0
BoneBinding07 ------------------.
  BoneListStartOffset           :  0 NULL ==> None
  Weight                        : 0.0
Reserved                      : 0
ExtraData ----------------------. 
  DataBlockCount                : 0
  DataBlockStartOffset          : 0
  Pad0                          : ''
  Pad1                          : [ 0 ,  0 ]
--------------------------------------------------------------------------------
IGfVerts [ 93 / 212 ] (24084)
------------------------------.
Point --------------------------.
  X                             : -3.643611
  Y                             : 1.756257
  Z                             : 3.000000
  Weight                        : 1.000000
Normal -------------------------.
  X                             : -0.223243
  Y                             : 0.678457
  Z                             : 0.699850
  Weight                        : 1.000000
ValidUVsCount                 : 2
UV00 ---------------------------.
  U                             : 1.363771677017212
  V                             : 3.0516440868377686
UV01 ---------------------------.
  U                             : 1.363771677017212
  V                             : 3.0516440868377686
UV02 ---------------------------.
  U                             : 0.0
  V                             : 0.0
UV03 ---------------------------.
  U                             : 0.0
  V                             : 0.0
UV04 ---------------------------.
  U                             : 0.0
  V                             : 0.0
UV05 ---------------------------.
  U                             : 0.0
  V                             : 0.0
UV06 ---------------------------.
  U                             : 0.0
  V                             : 0.0
UV07 ---------------------------.
  U                             : 0.0
  V                             : 0.0
Color --------------------------.
    Red                           : 0.000000
    Green                         : 0.000000
    Blue                          : 0.000000
    Alpha                         : 1.000000
MaterialStartOffset           : 216
BoneCount                     : 2
BoneBinding00 ------------------.
  BoneListStartOffset           : 82372
  Weight                        : 0.8134573273258318
BoneBinding01 ------------------.
  BoneListStartOffset           : 82624
  Weight                        : 0.18654267267416821
BoneBinding02 ------------------.
  BoneListStartOffset           :  0 NULL ==> None
  Weight                        : 0.0
BoneBinding03 ------------------.
  BoneListStartOffset           :  0 NULL ==> None
  Weight                        : 0.0
BoneBinding04 ------------------.
  BoneListStartOffset           :  0 NULL ==> None
  Weight                        : 0.0
BoneBinding05 ------------------.
  BoneListStartOffset           :  0 NULL ==> None
  Weight                        : 0.0
BoneBinding06 ------------------.
  BoneListStartOffset           :  0 NULL ==> None
  Weight                        : 0.0
BoneBinding07 ------------------.
  BoneListStartOffset           :  0 NULL ==> None
  Weight                        : 0.0
Reserved                      : 0
ExtraData ----------------------. 
  DataBlockCount                : 0
  DataBlockStartOffset          : 0
  Pad0                          : ''
  Pad1                          : [ 0 ,  0 ]
--------------------------------------------------------------------------------
IGfVerts [ 94 / 212 ] (24324)
------------------------------.
Point --------------------------.
  X                             : 0.982000
  Y                             : 1.536508
  Z                             : 3.000000
  Weight                        : 1.000000
Normal -------------------------.
  X                             : 0.179479
  Y                             : -0.677663
  Z                             : 0.713096
  Weight                        : 1.000000
ValidUVsCount                 : 2
UV00 ---------------------------.
  U                             : 0.9762104749679565
  V                             : 3.0862934589385986
UV01 ---------------------------.
  U                             : 0.9762104749679565
  V                             : 3.0862934589385986
UV02 ---------------------------.
  U                             : 0.0
  V                             : 0.0
UV03 ---------------------------.
  U                             : 0.0
  V                             : 0.0
UV04 ---------------------------.
  U                             : 0.0
  V                             : 0.0
UV05 ---------------------------.
  U                             : 0.0
  V                             : 0.0
UV06 ---------------------------.
  U                             : 0.0
  V                             : 0.0
UV07 ---------------------------.
  U                             : 0.0
  V                             : 0.0
Color --------------------------.
    Red                           : 0.000000
    Green                         : 0.000000
    Blue                          : 0.000000
    Alpha                         : 1.000000
MaterialStartOffset           : 216
BoneCount                     : 2
BoneBinding00 ------------------.
  BoneListStartOffset           : 82372
  Weight                        : 0.8323004655756883
BoneBinding01 ------------------.
  BoneListStartOffset           : 82624
  Weight                        : 0.16769953442431168
BoneBinding02 ------------------.
  BoneListStartOffset           :  0 NULL ==> None
  Weight                        : 0.0
BoneBinding03 ------------------.
  BoneListStartOffset           :  0 NULL ==> None
  Weight                        : 0.0
BoneBinding04 ------------------.
  BoneListStartOffset           :  0 NULL ==> None
  Weight                        : 0.0
BoneBinding05 ------------------.
  BoneListStartOffset           :  0 NULL ==> None
  Weight                        : 0.0
BoneBinding06 ------------------.
  BoneListStartOffset           :  0 NULL ==> None
  Weight                        : 0.0
BoneBinding07 ------------------.
  BoneListStartOffset           :  0 NULL ==> None
  Weight                        : 0.0
Reserved                      : 0
ExtraData ----------------------. 
  DataBlockCount                : 0
  DataBlockStartOffset          : 0
  Pad0                          : ''
  Pad1                          : [ 0 ,  0 ]
--------------------------------------------------------------------------------
IGfVerts [ 95 / 212 ] (24564)
------------------------------.
Point --------------------------.
  X                             : -4.769269
  Y                             : 1.347385
  Z                             : 3.000000
  Weight                        : 1.000000
Normal -------------------------.
  X                             : -0.289773
  Y                             : 0.659597
  Z                             : 0.693472
  Weight                        : 1.000000
ValidUVsCount                 : 2
UV00 ---------------------------.
  U                             : 1.4579787254333496
  V                             : 3.1206798553466797
UV01 ---------------------------.
  U                             : 1.4579787254333496
  V                             : 3.1206798553466797
UV02 ---------------------------.
  U                             : 0.0
  V                             : 0.0
UV03 ---------------------------.
  U                             : 0.0
  V                             : 0.0
UV04 ---------------------------.
  U                             : 0.0
  V                             : 0.0
UV05 ---------------------------.
  U                             : 0.0
  V                             : 0.0
UV06 ---------------------------.
  U                             : 0.0
  V                             : 0.0
UV07 ---------------------------.
  U                             : 0.0
  V                             : 0.0
Color --------------------------.
    Red                           : 0.000000
    Green                         : 0.000000
    Blue                          : 0.000000
    Alpha                         : 1.000000
MaterialStartOffset           : 216
BoneCount                     : 2
BoneBinding00 ------------------.
  BoneListStartOffset           : 82372
  Weight                        : 0.8727885440617853
BoneBinding01 ------------------.
  BoneListStartOffset           : 82624
  Weight                        : 0.12721145593821473
BoneBinding02 ------------------.
  BoneListStartOffset           :  0 NULL ==> None
  Weight                        : 0.0
BoneBinding03 ------------------.
  BoneListStartOffset           :  0 NULL ==> None
  Weight                        : 0.0
BoneBinding04 ------------------.
  BoneListStartOffset           :  0 NULL ==> None
  Weight                        : 0.0
BoneBinding05 ------------------.
  BoneListStartOffset           :  0 NULL ==> None
  Weight                        : 0.0
BoneBinding06 ------------------.
  BoneListStartOffset           :  0 NULL ==> None
  Weight                        : 0.0
BoneBinding07 ------------------.
  BoneListStartOffset           :  0 NULL ==> None
  Weight                        : 0.0
Reserved                      : 0
ExtraData ----------------------. 
  DataBlockCount                : 0
  DataBlockStartOffset          : 0
  Pad0                          : ''
  Pad1                          : [ 0 ,  0 ]
--------------------------------------------------------------------------------
IGfVerts [ 96 / 212 ] (24804)
------------------------------.
Point --------------------------.
  X                             : -0.271329
  Y                             : 1.166876
  Z                             : 3.000000
  Weight                        : 1.000000
Normal -------------------------.
  X                             : 0.074190
  Y                             : 0.010712
  Z                             : 0.997162
  Weight                        : 1.000000
ValidUVsCount                 : 2
UV00 ---------------------------.
  U                             : 1.081122636795044
  V                             : 3.1488139629364014
UV01 ---------------------------.
  U                             : 1.081122636795044
  V                             : 3.1488139629364014
UV02 ---------------------------.
  U                             : 0.0
  V                             : 0.0
UV03 ---------------------------.
  U                             : 0.0
  V                             : 0.0
UV04 ---------------------------.
  U                             : 0.0
  V                             : 0.0
UV05 ---------------------------.
  U                             : 0.0
  V                             : 0.0
UV06 ---------------------------.
  U                             : 0.0
  V                             : 0.0
UV07 ---------------------------.
  U                             : 0.0
  V                             : 0.0
Color --------------------------.
    Red                           : 0.000000
    Green                         : 0.000000
    Blue                          : 0.000000
    Alpha                         : 1.000000
MaterialStartOffset           : 216
BoneCount                     : 2
BoneBinding00 ------------------.
  BoneListStartOffset           : 82372
  Weight                        : 0.9077978479025542
BoneBinding01 ------------------.
  BoneListStartOffset           : 82624
  Weight                        : 0.09220215209744576
BoneBinding02 ------------------.
  BoneListStartOffset           :  0 NULL ==> None
  Weight                        : 0.0
BoneBinding03 ------------------.
  BoneListStartOffset           :  0 NULL ==> None
  Weight                        : 0.0
BoneBinding04 ------------------.
  BoneListStartOffset           :  0 NULL ==> None
  Weight                        : 0.0
BoneBinding05 ------------------.
  BoneListStartOffset           :  0 NULL ==> None
  Weight                        : 0.0
BoneBinding06 ------------------.
  BoneListStartOffset           :  0 NULL ==> None
  Weight                        : 0.0
BoneBinding07 ------------------.
  BoneListStartOffset           :  0 NULL ==> None
  Weight                        : 0.0
Reserved                      : 0
ExtraData ----------------------. 
  DataBlockCount                : 0
  DataBlockStartOffset          : 0
  Pad0                          : ''
  Pad1                          : [ 0 ,  0 ]
--------------------------------------------------------------------------------
IGfVerts [ 97 / 212 ] (25044)
------------------------------.
Point --------------------------.
  X                             : -5.505530
  Y                             : 0.971429
  Z                             : 3.000000
  Weight                        : 1.000000
Normal -------------------------.
  X                             : -0.385113
  Y                             : 0.613880
  Z                             : 0.689047
  Weight                        : 1.000000
ValidUVsCount                 : 2
UV00 ---------------------------.
  U                             : 1.5195705890655518
  V                             : 3.184016227722168
UV01 ---------------------------.
  U                             : 1.5195705890655518
  V                             : 3.184016227722168
UV02 ---------------------------.
  U                             : 0.0
  V                             : 0.0
UV03 ---------------------------.
  U                             : 0.0
  V                             : 0.0
UV04 ---------------------------.
  U                             : 0.0
  V                             : 0.0
UV05 ---------------------------.
  U                             : 0.0
  V                             : 0.0
UV06 ---------------------------.
  U                             : 0.0
  V                             : 0.0
UV07 ---------------------------.
  U                             : 0.0
  V                             : 0.0
Color --------------------------.
    Red                           : 0.000000
    Green                         : 0.000000
    Blue                          : 0.000000
    Alpha                         : 1.000000
MaterialStartOffset           : 216
BoneCount                     : 2
BoneBinding00 ------------------.
  BoneListStartOffset           : 82372
  Weight                        : 0.9103064982259965
BoneBinding01 ------------------.
  BoneListStartOffset           : 82624
  Weight                        : 0.08969350177400348
BoneBinding02 ------------------.
  BoneListStartOffset           :  0 NULL ==> None
  Weight                        : 0.0
BoneBinding03 ------------------.
  BoneListStartOffset           :  0 NULL ==> None
  Weight                        : 0.0
BoneBinding04 ------------------.
  BoneListStartOffset           :  0 NULL ==> None
  Weight                        : 0.0
BoneBinding05 ------------------.
  BoneListStartOffset           :  0 NULL ==> None
  Weight                        : 0.0
BoneBinding06 ------------------.
  BoneListStartOffset           :  0 NULL ==> None
  Weight                        : 0.0
BoneBinding07 ------------------.
  BoneListStartOffset           :  0 NULL ==> None
  Weight                        : 0.0
Reserved                      : 0
ExtraData ----------------------. 
  DataBlockCount                : 0
  DataBlockStartOffset          : 0
  Pad0                          : ''
  Pad1                          : [ 0 ,  0 ]
--------------------------------------------------------------------------------
IGfVerts [ 98 / 212 ] (25284)
------------------------------.
Point --------------------------.
  X                             : 6.443794
  Y                             : 1.165377
  Z                             : 3.000000
  Weight                        : 1.000000
Normal -------------------------.
  X                             : 0.577380
  Y                             : 0.577319
  Z                             : 0.577319
  Weight                        : 1.000000
ValidUVsCount                 : 2
UV00 ---------------------------.
  U                             : 0.5187056064605713
  V                             : 3.1459131240844727
UV01 ---------------------------.
  U                             : 0.5187056064605713
  V                             : 3.1459131240844727
UV02 ---------------------------.
  U                             : 0.0
  V                             : 0.0
UV03 ---------------------------.
  U                             : 0.0
  V                             : 0.0
UV04 ---------------------------.
  U                             : 0.0
  V                             : 0.0
UV05 ---------------------------.
  U                             : 0.0
  V                             : 0.0
UV06 ---------------------------.
  U                             : 0.0
  V                             : 0.0
UV07 ---------------------------.
  U                             : 0.0
  V                             : 0.0
Color --------------------------.
    Red                           : 0.000000
    Green                         : 0.000000
    Blue                          : 0.000000
    Alpha                         : 1.000000
MaterialStartOffset           : 216
BoneCount                     : 2
BoneBinding00 ------------------.
  BoneListStartOffset           : 82372
  Weight                        : 0.9072728997284606
BoneBinding01 ------------------.
  BoneListStartOffset           : 82624
  Weight                        : 0.09272710027153935
BoneBinding02 ------------------.
  BoneListStartOffset           :  0 NULL ==> None
  Weight                        : 0.0
BoneBinding03 ------------------.
  BoneListStartOffset           :  0 NULL ==> None
  Weight                        : 0.0
BoneBinding04 ------------------.
  BoneListStartOffset           :  0 NULL ==> None
  Weight                        : 0.0
BoneBinding05 ------------------.
  BoneListStartOffset           :  0 NULL ==> None
  Weight                        : 0.0
BoneBinding06 ------------------.
  BoneListStartOffset           :  0 NULL ==> None
  Weight                        : 0.0
BoneBinding07 ------------------.
  BoneListStartOffset           :  0 NULL ==> None
  Weight                        : 0.0
Reserved                      : 0
ExtraData ----------------------. 
  DataBlockCount                : 0
  DataBlockStartOffset          : 0
  Pad0                          : ''
  Pad1                          : [ 0 ,  0 ]
--------------------------------------------------------------------------------
IGfVerts [ 99 / 212 ] (25524)
------------------------------.
Point --------------------------.
  X                             : 6.443793
  Y                             : -0.000763
  Z                             : 3.000000
  Weight                        : 1.000000
Normal -------------------------.
  X                             : 0.577349
  Y                             : -0.577410
  Z                             : 0.577258
  Weight                        : 1.000000
ValidUVsCount                 : 2
UV00 ---------------------------.
  U                             : 0.5184317827224731
  V                             : 3.34127140045166
UV01 ---------------------------.
  U                             : 0.5184317827224731
  V                             : 3.34127140045166
UV02 ---------------------------.
  U                             : 0.0
  V                             : 0.0
UV03 ---------------------------.
  U                             : 0.0
  V                             : 0.0
UV04 ---------------------------.
  U                             : 0.0
  V                             : 0.0
UV05 ---------------------------.
  U                             : 0.0
  V                             : 0.0
UV06 ---------------------------.
  U                             : 0.0
  V                             : 0.0
UV07 ---------------------------.
  U                             : 0.0
  V                             : 0.0
Color --------------------------.
    Red                           : 0.000000
    Green                         : 0.000000
    Blue                          : 0.000000
    Alpha                         : 1.000000
MaterialStartOffset           : 216
BoneCount                     : 2
BoneBinding00 ------------------.
  BoneListStartOffset           : 82372
  Weight                        : 0.9975186174968509
BoneBinding01 ------------------.
  BoneListStartOffset           : 82624
  Weight                        : 0.0024813825031491073
BoneBinding02 ------------------.
  BoneListStartOffset           :  0 NULL ==> None
  Weight                        : 0.0
BoneBinding03 ------------------.
  BoneListStartOffset           :  0 NULL ==> None
  Weight                        : 0.0
BoneBinding04 ------------------.
  BoneListStartOffset           :  0 NULL ==> None
  Weight                        : 0.0
BoneBinding05 ------------------.
  BoneListStartOffset           :  0 NULL ==> None
  Weight                        : 0.0
BoneBinding06 ------------------.
  BoneListStartOffset           :  0 NULL ==> None
  Weight                        : 0.0
BoneBinding07 ------------------.
  BoneListStartOffset           :  0 NULL ==> None
  Weight                        : 0.0
Reserved                      : 0
ExtraData ----------------------. 
  DataBlockCount                : 0
  DataBlockStartOffset          : 0
  Pad0                          : ''
  Pad1                          : [ 0 ,  0 ]
--------------------------------------------------------------------------------
IGfVerts [ 100 / 212 ] (25764)
------------------------------.
Point --------------------------.
  X                             : -6.033916
  Y                             : 0.580438
  Z                             : 3.000000
  Weight                        : 1.000000
Normal -------------------------.
  X                             : -0.516282
  Y                             : 0.518876
  Z                             : 0.681295
  Weight                        : 1.000000
ValidUVsCount                 : 2
UV00 ---------------------------.
  U                             : 1.5637376308441162
  V                             : 3.2497658729553223
UV01 ---------------------------.
  U                             : 1.5637376308441162
  V                             : 3.2497658729553223
UV02 ---------------------------.
  U                             : 0.0
  V                             : 0.0
UV03 ---------------------------.
  U                             : 0.0
  V                             : 0.0
UV04 ---------------------------.
  U                             : 0.0
  V                             : 0.0
UV05 ---------------------------.
  U                             : 0.0
  V                             : 0.0
UV06 ---------------------------.
  U                             : 0.0
  V                             : 0.0
UV07 ---------------------------.
  U                             : 0.0
  V                             : 0.0
Color --------------------------.
    Red                           : 0.000000
    Green                         : 0.000000
    Blue                          : 0.000000
    Alpha                         : 1.000000
MaterialStartOffset           : 216
BoneCount                     : 2
BoneBinding00 ------------------.
  BoneListStartOffset           : 82372
  Weight                        : 0.9527167584259453
BoneBinding01 ------------------.
  BoneListStartOffset           : 82624
  Weight                        : 0.0472832415740547
BoneBinding02 ------------------.
  BoneListStartOffset           :  0 NULL ==> None
  Weight                        : 0.0
BoneBinding03 ------------------.
  BoneListStartOffset           :  0 NULL ==> None
  Weight                        : 0.0
BoneBinding04 ------------------.
  BoneListStartOffset           :  0 NULL ==> None
  Weight                        : 0.0
BoneBinding05 ------------------.
  BoneListStartOffset           :  0 NULL ==> None
  Weight                        : 0.0
BoneBinding06 ------------------.
  BoneListStartOffset           :  0 NULL ==> None
  Weight                        : 0.0
BoneBinding07 ------------------.
  BoneListStartOffset           :  0 NULL ==> None
  Weight                        : 0.0
Reserved                      : 0
ExtraData ----------------------. 
  DataBlockCount                : 0
  DataBlockStartOffset          : 0
  Pad0                          : ''
  Pad1                          : [ 0 ,  0 ]
--------------------------------------------------------------------------------
IGfVerts [ 101 / 212 ] (26004)
------------------------------.
Point --------------------------.
  X                             : -6.330169
  Y                             : 0.222573
  Z                             : 3.000000
  Weight                        : 1.000000
Normal -------------------------.
  X                             : -0.629231
  Y                             : 0.379315
  Z                             : 0.678335
  Weight                        : 1.000000
ValidUVsCount                 : 2
UV00 ---------------------------.
  U                             : 1.5884697437286377
  V                             : 3.309859275817871
UV01 ---------------------------.
  U                             : 1.5884697437286377
  V                             : 3.309859275817871
UV02 ---------------------------.
  U                             : 0.0
  V                             : 0.0
UV03 ---------------------------.
  U                             : 0.0
  V                             : 0.0
UV04 ---------------------------.
  U                             : 0.0
  V                             : 0.0
UV05 ---------------------------.
  U                             : 0.0
  V                             : 0.0
UV06 ---------------------------.
  U                             : 0.0
  V                             : 0.0
UV07 ---------------------------.
  U                             : 0.0
  V                             : 0.0
Color --------------------------.
    Red                           : 0.000000
    Green                         : 0.000000
    Blue                          : 0.000000
    Alpha                         : 1.000000
MaterialStartOffset           : 216
BoneCount                     : 2
BoneBinding00 ------------------.
  BoneListStartOffset           : 82372
  Weight                        : 0.9714318389540245
BoneBinding01 ------------------.
  BoneListStartOffset           : 82624
  Weight                        : 0.028568161045975492
BoneBinding02 ------------------.
  BoneListStartOffset           :  0 NULL ==> None
  Weight                        : 0.0
BoneBinding03 ------------------.
  BoneListStartOffset           :  0 NULL ==> None
  Weight                        : 0.0
BoneBinding04 ------------------.
  BoneListStartOffset           :  0 NULL ==> None
  Weight                        : 0.0
BoneBinding05 ------------------.
  BoneListStartOffset           :  0 NULL ==> None
  Weight                        : 0.0
BoneBinding06 ------------------.
  BoneListStartOffset           :  0 NULL ==> None
  Weight                        : 0.0
BoneBinding07 ------------------.
  BoneListStartOffset           :  0 NULL ==> None
  Weight                        : 0.0
Reserved                      : 0
ExtraData ----------------------. 
  DataBlockCount                : 0
  DataBlockStartOffset          : 0
  Pad0                          : ''
  Pad1                          : [ 0 ,  0 ]
--------------------------------------------------------------------------------
IGfVerts [ 102 / 212 ] (26244)
------------------------------.
Point --------------------------.
  X                             : -6.432920
  Y                             : -0.000763
  Z                             : 3.000000
  Weight                        : 1.000000
Normal -------------------------.
  X                             : 0.000000
  Y                             : 0.000001
  Z                             : 1.000000
  Weight                        : 1.000000
ValidUVsCount                 : 2
UV00 ---------------------------.
  U                             : 1.5970244407653809
  V                             : 3.347325325012207
UV01 ---------------------------.
  U                             : 1.5970244407653809
  V                             : 3.347325325012207
UV02 ---------------------------.
  U                             : 0.0
  V                             : 0.0
UV03 ---------------------------.
  U                             : 0.0
  V                             : 0.0
UV04 ---------------------------.
  U                             : 0.0
  V                             : 0.0
UV05 ---------------------------.
  U                             : 0.0
  V                             : 0.0
UV06 ---------------------------.
  U                             : 0.0
  V                             : 0.0
UV07 ---------------------------.
  U                             : 0.0
  V                             : 0.0
Color --------------------------.
    Red                           : 0.000000
    Green                         : 0.000000
    Blue                          : 0.000000
    Alpha                         : 1.000000
MaterialStartOffset           : 216
BoneCount                     : 2
BoneBinding00 ------------------.
  BoneListStartOffset           : 82372
  Weight                        : 0.9997261276845268
BoneBinding01 ------------------.
  BoneListStartOffset           : 82624
  Weight                        : 0.0002738723154732049
BoneBinding02 ------------------.
  BoneListStartOffset           :  0 NULL ==> None
  Weight                        : 0.0
BoneBinding03 ------------------.
  BoneListStartOffset           :  0 NULL ==> None
  Weight                        : 0.0
BoneBinding04 ------------------.
  BoneListStartOffset           :  0 NULL ==> None
  Weight                        : 0.0
BoneBinding05 ------------------.
  BoneListStartOffset           :  0 NULL ==> None
  Weight                        : 0.0
BoneBinding06 ------------------.
  BoneListStartOffset           :  0 NULL ==> None
  Weight                        : 0.0
BoneBinding07 ------------------.
  BoneListStartOffset           :  0 NULL ==> None
  Weight                        : 0.0
Reserved                      : 0
ExtraData ----------------------. 
  DataBlockCount                : 0
  DataBlockStartOffset          : 0
  Pad0                          : ''
  Pad1                          : [ 0 ,  0 ]
--------------------------------------------------------------------------------
IGfVerts [ 103 / 212 ] (26484)
------------------------------.
Point --------------------------.
  X                             : 6.443793
  Y                             : -0.000763
  Z                             : 3.000000
  Weight                        : 1.000000
Normal -------------------------.
  X                             : -0.000119
  Y                             : -1.000000
  Z                             : -0.000254
  Weight                        : 1.000000
ValidUVsCount                 : 2
UV00 ---------------------------.
  U                             : 0.5184317827224731
  V                             : 3.34127140045166
UV01 ---------------------------.
  U                             : 0.5184317827224731
  V                             : 3.34127140045166
UV02 ---------------------------.
  U                             : 0.0
  V                             : 0.0
UV03 ---------------------------.
  U                             : 0.0
  V                             : 0.0
UV04 ---------------------------.
  U                             : 0.0
  V                             : 0.0
UV05 ---------------------------.
  U                             : 0.0
  V                             : 0.0
UV06 ---------------------------.
  U                             : 0.0
  V                             : 0.0
UV07 ---------------------------.
  U                             : 0.0
  V                             : 0.0
Color --------------------------.
    Red                           : 0.000000
    Green                         : 0.000000
    Blue                          : 0.000000
    Alpha                         : 1.000000
MaterialStartOffset           : 216
BoneCount                     : 2
BoneBinding00 ------------------.
  BoneListStartOffset           : 82372
  Weight                        : 0.9975186174968509
BoneBinding01 ------------------.
  BoneListStartOffset           : 82624
  Weight                        : 0.0024813825031491073
BoneBinding02 ------------------.
  BoneListStartOffset           :  0 NULL ==> None
  Weight                        : 0.0
BoneBinding03 ------------------.
  BoneListStartOffset           :  0 NULL ==> None
  Weight                        : 0.0
BoneBinding04 ------------------.
  BoneListStartOffset           :  0 NULL ==> None
  Weight                        : 0.0
BoneBinding05 ------------------.
  BoneListStartOffset           :  0 NULL ==> None
  Weight                        : 0.0
BoneBinding06 ------------------.
  BoneListStartOffset           :  0 NULL ==> None
  Weight                        : 0.0
BoneBinding07 ------------------.
  BoneListStartOffset           :  0 NULL ==> None
  Weight                        : 0.0
Reserved                      : 0
ExtraData ----------------------. 
  DataBlockCount                : 0
  DataBlockStartOffset          : 0
  Pad0                          : ''
  Pad1                          : [ 0 ,  0 ]
--------------------------------------------------------------------------------
IGfVerts [ 104 / 212 ] (26724)
------------------------------.
Point --------------------------.
  X                             : 6.443790
  Y                             : -0.000764
  Z                             : -3.000000
  Weight                        : 1.000000
Normal -------------------------.
  X                             : -0.000119
  Y                             : -1.000000
  Z                             : -0.000254
  Weight                        : 1.000000
ValidUVsCount                 : 2
UV00 ---------------------------.
  U                             : 0.01585596799850464
  V                             : 3.338454246520996
UV01 ---------------------------.
  U                             : 0.01585596799850464
  V                             : 3.338454246520996
UV02 ---------------------------.
  U                             : 0.0
  V                             : 0.0
UV03 ---------------------------.
  U                             : 0.0
  V                             : 0.0
UV04 ---------------------------.
  U                             : 0.0
  V                             : 0.0
UV05 ---------------------------.
  U                             : 0.0
  V                             : 0.0
UV06 ---------------------------.
  U                             : 0.0
  V                             : 0.0
UV07 ---------------------------.
  U                             : 0.0
  V                             : 0.0
Color --------------------------.
    Red                           : 0.000000
    Green                         : 0.000000
    Blue                          : 0.000000
    Alpha                         : 1.000000
MaterialStartOffset           : 216
BoneCount                     : 2
BoneBinding00 ------------------.
  BoneListStartOffset           : 82372
  Weight                        : 0.9975186173489979
BoneBinding01 ------------------.
  BoneListStartOffset           : 82624
  Weight                        : 0.002481382651002062
BoneBinding02 ------------------.
  BoneListStartOffset           :  0 NULL ==> None
  Weight                        : 0.0
BoneBinding03 ------------------.
  BoneListStartOffset           :  0 NULL ==> None
  Weight                        : 0.0
BoneBinding04 ------------------.
  BoneListStartOffset           :  0 NULL ==> None
  Weight                        : 0.0
BoneBinding05 ------------------.
  BoneListStartOffset           :  0 NULL ==> None
  Weight                        : 0.0
BoneBinding06 ------------------.
  BoneListStartOffset           :  0 NULL ==> None
  Weight                        : 0.0
BoneBinding07 ------------------.
  BoneListStartOffset           :  0 NULL ==> None
  Weight                        : 0.0
Reserved                      : 0
ExtraData ----------------------. 
  DataBlockCount                : 0
  DataBlockStartOffset          : 0
  Pad0                          : ''
  Pad1                          : [ 0 ,  0 ]
--------------------------------------------------------------------------------
IGfVerts [ 105 / 212 ] (26964)
------------------------------.
Point --------------------------.
  X                             : -6.454664
  Y                             : 0.002291
  Z                             : -3.000000
  Weight                        : 1.000000
Normal -------------------------.
  X                             : -0.000119
  Y                             : -1.000000
  Z                             : -0.000254
  Weight                        : 1.000000
ValidUVsCount                 : 2
UV00 ---------------------------.
  U                             : 0.012827008962631226
  V                             : 5.499270439147949
UV01 ---------------------------.
  U                             : 0.012827008962631226
  V                             : 5.499270439147949
UV02 ---------------------------.
  U                             : 0.0
  V                             : 0.0
UV03 ---------------------------.
  U                             : 0.0
  V                             : 0.0
UV04 ---------------------------.
  U                             : 0.0
  V                             : 0.0
UV05 ---------------------------.
  U                             : 0.0
  V                             : 0.0
UV06 ---------------------------.
  U                             : 0.0
  V                             : 0.0
UV07 ---------------------------.
  U                             : 0.0
  V                             : 0.0
Color --------------------------.
    Red                           : 0.000000
    Green                         : 0.000000
    Blue                          : 0.000000
    Alpha                         : 1.000000
MaterialStartOffset           : 216
BoneCount                     : 2
BoneBinding00 ------------------.
  BoneListStartOffset           : 82372
  Weight                        : 0.9997948409874727
BoneBinding01 ------------------.
  BoneListStartOffset           : 82624
  Weight                        : 0.0002051590125272863
BoneBinding02 ------------------.
  BoneListStartOffset           :  0 NULL ==> None
  Weight                        : 0.0
BoneBinding03 ------------------.
  BoneListStartOffset           :  0 NULL ==> None
  Weight                        : 0.0
BoneBinding04 ------------------.
  BoneListStartOffset           :  0 NULL ==> None
  Weight                        : 0.0
BoneBinding05 ------------------.
  BoneListStartOffset           :  0 NULL ==> None
  Weight                        : 0.0
BoneBinding06 ------------------.
  BoneListStartOffset           :  0 NULL ==> None
  Weight                        : 0.0
BoneBinding07 ------------------.
  BoneListStartOffset           :  0 NULL ==> None
  Weight                        : 0.0
Reserved                      : 0
ExtraData ----------------------. 
  DataBlockCount                : 0
  DataBlockStartOffset          : 0
  Pad0                          : ''
  Pad1                          : [ 0 ,  0 ]
--------------------------------------------------------------------------------
IGfVerts [ 106 / 212 ] (27204)
------------------------------.
Point --------------------------.
  X                             : -6.432920
  Y                             : -0.000763
  Z                             : 3.000000
  Weight                        : 1.000000
Normal -------------------------.
  X                             : -0.000119
  Y                             : -1.000000
  Z                             : -0.000254
  Weight                        : 1.000000
ValidUVsCount                 : 2
UV00 ---------------------------.
  U                             : 0.5154080390930176
  V                             : 5.498445987701416
UV01 ---------------------------.
  U                             : 0.5154080390930176
  V                             : 5.498445987701416
UV02 ---------------------------.
  U                             : 0.0
  V                             : 0.0
UV03 ---------------------------.
  U                             : 0.0
  V                             : 0.0
UV04 ---------------------------.
  U                             : 0.0
  V                             : 0.0
UV05 ---------------------------.
  U                             : 0.0
  V                             : 0.0
UV06 ---------------------------.
  U                             : 0.0
  V                             : 0.0
UV07 ---------------------------.
  U                             : 0.0
  V                             : 0.0
Color --------------------------.
    Red                           : 0.000000
    Green                         : 0.000000
    Blue                          : 0.000000
    Alpha                         : 1.000000
MaterialStartOffset           : 216
BoneCount                     : 2
BoneBinding00 ------------------.
  BoneListStartOffset           : 82372
  Weight                        : 0.9997261276845268
BoneBinding01 ------------------.
  BoneListStartOffset           : 82624
  Weight                        : 0.0002738723154732049
BoneBinding02 ------------------.
  BoneListStartOffset           :  0 NULL ==> None
  Weight                        : 0.0
BoneBinding03 ------------------.
  BoneListStartOffset           :  0 NULL ==> None
  Weight                        : 0.0
BoneBinding04 ------------------.
  BoneListStartOffset           :  0 NULL ==> None
  Weight                        : 0.0
BoneBinding05 ------------------.
  BoneListStartOffset           :  0 NULL ==> None
  Weight                        : 0.0
BoneBinding06 ------------------.
  BoneListStartOffset           :  0 NULL ==> None
  Weight                        : 0.0
BoneBinding07 ------------------.
  BoneListStartOffset           :  0 NULL ==> None
  Weight                        : 0.0
Reserved                      : 0
ExtraData ----------------------. 
  DataBlockCount                : 0
  DataBlockStartOffset          : 0
  Pad0                          : ''
  Pad1                          : [ 0 ,  0 ]
--------------------------------------------------------------------------------
IGfVerts [ 107 / 212 ] (27444)
------------------------------.
Point --------------------------.
  X                             : -6.454664
  Y                             : 0.002291
  Z                             : -3.000000
  Weight                        : 1.000000
Normal -------------------------.
  X                             : -0.739372
  Y                             : -0.369152
  Z                             : -0.563036
  Weight                        : 1.000000
ValidUVsCount                 : 2
UV00 ---------------------------.
  U                             : 0.014860570430755615
  V                             : -4.499270439147949
UV01 ---------------------------.
  U                             : 0.014860570430755615
  V                             : -4.499270439147949
UV02 ---------------------------.
  U                             : 0.0
  V                             : 0.0
UV03 ---------------------------.
  U                             : 0.0
  V                             : 0.0
UV04 ---------------------------.
  U                             : 0.0
  V                             : 0.0
UV05 ---------------------------.
  U                             : 0.0
  V                             : 0.0
UV06 ---------------------------.
  U                             : 0.0
  V                             : 0.0
UV07 ---------------------------.
  U                             : 0.0
  V                             : 0.0
Color --------------------------.
    Red                           : 0.000000
    Green                         : 0.000000
    Blue                          : 0.000000
    Alpha                         : 1.000000
MaterialStartOffset           : 216
BoneCount                     : 2
BoneBinding00 ------------------.
  BoneListStartOffset           : 82372
  Weight                        : 0.9997948409874727
BoneBinding01 ------------------.
  BoneListStartOffset           : 82624
  Weight                        : 0.0002051590125272863
BoneBinding02 ------------------.
  BoneListStartOffset           :  0 NULL ==> None
  Weight                        : 0.0
BoneBinding03 ------------------.
  BoneListStartOffset           :  0 NULL ==> None
  Weight                        : 0.0
BoneBinding04 ------------------.
  BoneListStartOffset           :  0 NULL ==> None
  Weight                        : 0.0
BoneBinding05 ------------------.
  BoneListStartOffset           :  0 NULL ==> None
  Weight                        : 0.0
BoneBinding06 ------------------.
  BoneListStartOffset           :  0 NULL ==> None
  Weight                        : 0.0
BoneBinding07 ------------------.
  BoneListStartOffset           :  0 NULL ==> None
  Weight                        : 0.0
Reserved                      : 0
ExtraData ----------------------. 
  DataBlockCount                : 0
  DataBlockStartOffset          : 0
  Pad0                          : ''
  Pad1                          : [ 0 ,  0 ]
--------------------------------------------------------------------------------
IGfVerts [ 108 / 212 ] (27684)
------------------------------.
Point --------------------------.
  X                             : -6.063808
  Y                             : 0.552071
  Z                             : -3.000000
  Weight                        : 1.000000
Normal -------------------------.
  X                             : -0.521226
  Y                             : 0.522568
  Z                             : -0.674673
  Weight                        : 1.000000
ValidUVsCount                 : 2
UV00 ---------------------------.
  U                             : 0.014915555715560913
  V                             : -4.386262893676758
UV01 ---------------------------.
  U                             : 0.014915555715560913
  V                             : -4.386262893676758
UV02 ---------------------------.
  U                             : 0.0
  V                             : 0.0
UV03 ---------------------------.
  U                             : 0.0
  V                             : 0.0
UV04 ---------------------------.
  U                             : 0.0
  V                             : 0.0
UV05 ---------------------------.
  U                             : 0.0
  V                             : 0.0
UV06 ---------------------------.
  U                             : 0.0
  V                             : 0.0
UV07 ---------------------------.
  U                             : 0.0
  V                             : 0.0
Color --------------------------.
    Red                           : 0.000000
    Green                         : 0.000000
    Blue                          : 0.000000
    Alpha                         : 1.000000
MaterialStartOffset           : 216
BoneCount                     : 2
BoneBinding00 ------------------.
  BoneListStartOffset           : 82372
  Weight                        : 0.9527776736233865
BoneBinding01 ------------------.
  BoneListStartOffset           : 82624
  Weight                        : 0.04722232637661348
BoneBinding02 ------------------.
  BoneListStartOffset           :  0 NULL ==> None
  Weight                        : 0.0
BoneBinding03 ------------------.
  BoneListStartOffset           :  0 NULL ==> None
  Weight                        : 0.0
BoneBinding04 ------------------.
  BoneListStartOffset           :  0 NULL ==> None
  Weight                        : 0.0
BoneBinding05 ------------------.
  BoneListStartOffset           :  0 NULL ==> None
  Weight                        : 0.0
BoneBinding06 ------------------.
  BoneListStartOffset           :  0 NULL ==> None
  Weight                        : 0.0
BoneBinding07 ------------------.
  BoneListStartOffset           :  0 NULL ==> None
  Weight                        : 0.0
Reserved                      : 0
ExtraData ----------------------. 
  DataBlockCount                : 0
  DataBlockStartOffset          : 0
  Pad0                          : ''
  Pad1                          : [ 0 ,  0 ]
--------------------------------------------------------------------------------
IGfVerts [ 109 / 212 ] (27924)
------------------------------.
Point --------------------------.
  X                             : -6.033916
  Y                             : 0.580438
  Z                             : 3.000000
  Weight                        : 1.000000
Normal -------------------------.
  X                             : -0.516282
  Y                             : 0.518876
  Z                             : 0.681295
  Weight                        : 1.000000
ValidUVsCount                 : 2
UV00 ---------------------------.
  U                             : 0.5174964070320129
  V                             : -4.380254745483398
UV01 ---------------------------.
  U                             : 0.5174964070320129
  V                             : -4.380254745483398
UV02 ---------------------------.
  U                             : 0.0
  V                             : 0.0
UV03 ---------------------------.
  U                             : 0.0
  V                             : 0.0
UV04 ---------------------------.
  U                             : 0.0
  V                             : 0.0
UV05 ---------------------------.
  U                             : 0.0
  V                             : 0.0
UV06 ---------------------------.
  U                             : 0.0
  V                             : 0.0
UV07 ---------------------------.
  U                             : 0.0
  V                             : 0.0
Color --------------------------.
    Red                           : 0.000000
    Green                         : 0.000000
    Blue                          : 0.000000
    Alpha                         : 1.000000
MaterialStartOffset           : 216
BoneCount                     : 2
BoneBinding00 ------------------.
  BoneListStartOffset           : 82372
  Weight                        : 0.9527167584259453
BoneBinding01 ------------------.
  BoneListStartOffset           : 82624
  Weight                        : 0.0472832415740547
BoneBinding02 ------------------.
  BoneListStartOffset           :  0 NULL ==> None
  Weight                        : 0.0
BoneBinding03 ------------------.
  BoneListStartOffset           :  0 NULL ==> None
  Weight                        : 0.0
BoneBinding04 ------------------.
  BoneListStartOffset           :  0 NULL ==> None
  Weight                        : 0.0
BoneBinding05 ------------------.
  BoneListStartOffset           :  0 NULL ==> None
  Weight                        : 0.0
BoneBinding06 ------------------.
  BoneListStartOffset           :  0 NULL ==> None
  Weight                        : 0.0
BoneBinding07 ------------------.
  BoneListStartOffset           :  0 NULL ==> None
  Weight                        : 0.0
Reserved                      : 0
ExtraData ----------------------. 
  DataBlockCount                : 0
  DataBlockStartOffset          : 0
  Pad0                          : ''
  Pad1                          : [ 0 ,  0 ]
--------------------------------------------------------------------------------
IGfVerts [ 110 / 212 ] (28164)
------------------------------.
Point --------------------------.
  X                             : -6.330169
  Y                             : 0.222573
  Z                             : 3.000000
  Weight                        : 1.000000
Normal -------------------------.
  X                             : -0.629231
  Y                             : 0.379315
  Z                             : 0.678335
  Weight                        : 1.000000
ValidUVsCount                 : 2
UV00 ---------------------------.
  U                             : 0.5174639225006104
  V                             : -4.4580841064453125
UV01 ---------------------------.
  U                             : 0.5174639225006104
  V                             : -4.4580841064453125
UV02 ---------------------------.
  U                             : 0.0
  V                             : 0.0
UV03 ---------------------------.
  U                             : 0.0
  V                             : 0.0
UV04 ---------------------------.
  U                             : 0.0
  V                             : 0.0
UV05 ---------------------------.
  U                             : 0.0
  V                             : 0.0
UV06 ---------------------------.
  U                             : 0.0
  V                             : 0.0
UV07 ---------------------------.
  U                             : 0.0
  V                             : 0.0
Color --------------------------.
    Red                           : 0.000000
    Green                         : 0.000000
    Blue                          : 0.000000
    Alpha                         : 1.000000
MaterialStartOffset           : 216
BoneCount                     : 2
BoneBinding00 ------------------.
  BoneListStartOffset           : 82372
  Weight                        : 0.9714318389540245
BoneBinding01 ------------------.
  BoneListStartOffset           : 82624
  Weight                        : 0.028568161045975492
BoneBinding02 ------------------.
  BoneListStartOffset           :  0 NULL ==> None
  Weight                        : 0.0
BoneBinding03 ------------------.
  BoneListStartOffset           :  0 NULL ==> None
  Weight                        : 0.0
BoneBinding04 ------------------.
  BoneListStartOffset           :  0 NULL ==> None
  Weight                        : 0.0
BoneBinding05 ------------------.
  BoneListStartOffset           :  0 NULL ==> None
  Weight                        : 0.0
BoneBinding06 ------------------.
  BoneListStartOffset           :  0 NULL ==> None
  Weight                        : 0.0
BoneBinding07 ------------------.
  BoneListStartOffset           :  0 NULL ==> None
  Weight                        : 0.0
Reserved                      : 0
ExtraData ----------------------. 
  DataBlockCount                : 0
  DataBlockStartOffset          : 0
  Pad0                          : ''
  Pad1                          : [ 0 ,  0 ]
--------------------------------------------------------------------------------
IGfVerts [ 111 / 212 ] (28404)
------------------------------.
Point --------------------------.
  X                             : -6.432920
  Y                             : -0.000763
  Z                             : 3.000000
  Weight                        : 1.000000
Normal -------------------------.
  X                             : -0.908459
  Y                             : 0.417958
  Z                             : 0.003505
  Weight                        : 1.000000
ValidUVsCount                 : 2
UV00 ---------------------------.
  U                             : 0.517441987991333
  V                             : -4.499270439147949
UV01 ---------------------------.
  U                             : 0.517441987991333
  V                             : -4.499270439147949
UV02 ---------------------------.
  U                             : 0.0
  V                             : 0.0
UV03 ---------------------------.
  U                             : 0.0
  V                             : 0.0
UV04 ---------------------------.
  U                             : 0.0
  V                             : 0.0
UV05 ---------------------------.
  U                             : 0.0
  V                             : 0.0
UV06 ---------------------------.
  U                             : 0.0
  V                             : 0.0
UV07 ---------------------------.
  U                             : 0.0
  V                             : 0.0
Color --------------------------.
    Red                           : 0.000000
    Green                         : 0.000000
    Blue                          : 0.000000
    Alpha                         : 1.000000
MaterialStartOffset           : 216
BoneCount                     : 2
BoneBinding00 ------------------.
  BoneListStartOffset           : 82372
  Weight                        : 0.9997261276845268
BoneBinding01 ------------------.
  BoneListStartOffset           : 82624
  Weight                        : 0.0002738723154732049
BoneBinding02 ------------------.
  BoneListStartOffset           :  0 NULL ==> None
  Weight                        : 0.0
BoneBinding03 ------------------.
  BoneListStartOffset           :  0 NULL ==> None
  Weight                        : 0.0
BoneBinding04 ------------------.
  BoneListStartOffset           :  0 NULL ==> None
  Weight                        : 0.0
BoneBinding05 ------------------.
  BoneListStartOffset           :  0 NULL ==> None
  Weight                        : 0.0
BoneBinding06 ------------------.
  BoneListStartOffset           :  0 NULL ==> None
  Weight                        : 0.0
BoneBinding07 ------------------.
  BoneListStartOffset           :  0 NULL ==> None
  Weight                        : 0.0
Reserved                      : 0
ExtraData ----------------------. 
  DataBlockCount                : 0
  DataBlockStartOffset          : 0
  Pad0                          : ''
  Pad1                          : [ 0 ,  0 ]
--------------------------------------------------------------------------------
IGfVerts [ 112 / 212 ] (28644)
------------------------------.
Point --------------------------.
  X                             : -5.549568
  Y                             : 0.944222
  Z                             : -2.999999
  Weight                        : 1.000000
Normal -------------------------.
  X                             : -0.385937
  Y                             : 0.613941
  Z                             : -0.688528
  Weight                        : 1.000000
ValidUVsCount                 : 2
UV00 ---------------------------.
  U                             : 0.01496174931526184
  V                             : -4.277924537658691
UV01 ---------------------------.
  U                             : 0.01496174931526184
  V                             : -4.277924537658691
UV02 ---------------------------.
  U                             : 0.0
  V                             : 0.0
UV03 ---------------------------.
  U                             : 0.0
  V                             : 0.0
UV04 ---------------------------.
  U                             : 0.0
  V                             : 0.0
UV05 ---------------------------.
  U                             : 0.0
  V                             : 0.0
UV06 ---------------------------.
  U                             : 0.0
  V                             : 0.0
UV07 ---------------------------.
  U                             : 0.0
  V                             : 0.0
Color --------------------------.
    Red                           : 0.000000
    Green                         : 0.000000
    Blue                          : 0.000000
    Alpha                         : 1.000000
MaterialStartOffset           : 216
BoneCount                     : 2
BoneBinding00 ------------------.
  BoneListStartOffset           : 82372
  Weight                        : 0.9117239290540913
BoneBinding01 ------------------.
  BoneListStartOffset           : 82624
  Weight                        : 0.08827607094590874
BoneBinding02 ------------------.
  BoneListStartOffset           :  0 NULL ==> None
  Weight                        : 0.0
BoneBinding03 ------------------.
  BoneListStartOffset           :  0 NULL ==> None
  Weight                        : 0.0
BoneBinding04 ------------------.
  BoneListStartOffset           :  0 NULL ==> None
  Weight                        : 0.0
BoneBinding05 ------------------.
  BoneListStartOffset           :  0 NULL ==> None
  Weight                        : 0.0
BoneBinding06 ------------------.
  BoneListStartOffset           :  0 NULL ==> None
  Weight                        : 0.0
BoneBinding07 ------------------.
  BoneListStartOffset           :  0 NULL ==> None
  Weight                        : 0.0
Reserved                      : 0
ExtraData ----------------------. 
  DataBlockCount                : 0
  DataBlockStartOffset          : 0
  Pad0                          : ''
  Pad1                          : [ 0 ,  0 ]
--------------------------------------------------------------------------------
IGfVerts [ 113 / 212 ] (28884)
------------------------------.
Point --------------------------.
  X                             : -5.505530
  Y                             : 0.971429
  Z                             : 3.000000
  Weight                        : 1.000000
Normal -------------------------.
  X                             : -0.385113
  Y                             : 0.613880
  Z                             : 0.689047
  Weight                        : 1.000000
ValidUVsCount                 : 2
UV00 ---------------------------.
  U                             : 0.5175434947013855
  V                             : -4.270137786865234
UV01 ---------------------------.
  U                             : 0.5175434947013855
  V                             : -4.270137786865234
UV02 ---------------------------.
  U                             : 0.0
  V                             : 0.0
UV03 ---------------------------.
  U                             : 0.0
  V                             : 0.0
UV04 ---------------------------.
  U                             : 0.0
  V                             : 0.0
UV05 ---------------------------.
  U                             : 0.0
  V                             : 0.0
UV06 ---------------------------.
  U                             : 0.0
  V                             : 0.0
UV07 ---------------------------.
  U                             : 0.0
  V                             : 0.0
Color --------------------------.
    Red                           : 0.000000
    Green                         : 0.000000
    Blue                          : 0.000000
    Alpha                         : 1.000000
MaterialStartOffset           : 216
BoneCount                     : 2
BoneBinding00 ------------------.
  BoneListStartOffset           : 82372
  Weight                        : 0.9103064982259965
BoneBinding01 ------------------.
  BoneListStartOffset           : 82624
  Weight                        : 0.08969350177400348
BoneBinding02 ------------------.
  BoneListStartOffset           :  0 NULL ==> None
  Weight                        : 0.0
BoneBinding03 ------------------.
  BoneListStartOffset           :  0 NULL ==> None
  Weight                        : 0.0
BoneBinding04 ------------------.
  BoneListStartOffset           :  0 NULL ==> None
  Weight                        : 0.0
BoneBinding05 ------------------.
  BoneListStartOffset           :  0 NULL ==> None
  Weight                        : 0.0
BoneBinding06 ------------------.
  BoneListStartOffset           :  0 NULL ==> None
  Weight                        : 0.0
BoneBinding07 ------------------.
  BoneListStartOffset           :  0 NULL ==> None
  Weight                        : 0.0
Reserved                      : 0
ExtraData ----------------------. 
  DataBlockCount                : 0
  DataBlockStartOffset          : 0
  Pad0                          : ''
  Pad1                          : [ 0 ,  0 ]
--------------------------------------------------------------------------------
IGfVerts [ 114 / 212 ] (29124)
------------------------------.
Point --------------------------.
  X                             : -4.828733
  Y                             : 1.321728
  Z                             : -3.000000
  Weight                        : 1.000000
Normal -------------------------.
  X                             : -0.290536
  Y                             : 0.659810
  Z                             : -0.692953
  Weight                        : 1.000000
ValidUVsCount                 : 2
UV00 ---------------------------.
  U                             : 0.015020161867141724
  V                             : -4.141607284545898
UV01 ---------------------------.
  U                             : 0.015020161867141724
  V                             : -4.141607284545898
UV02 ---------------------------.
  U                             : 0.0
  V                             : 0.0
UV03 ---------------------------.
  U                             : 0.0
  V                             : 0.0
UV04 ---------------------------.
  U                             : 0.0
  V                             : 0.0
UV05 ---------------------------.
  U                             : 0.0
  V                             : 0.0
UV06 ---------------------------.
  U                             : 0.0
  V                             : 0.0
UV07 ---------------------------.
  U                             : 0.0
  V                             : 0.0
Color --------------------------.
    Red                           : 0.000000
    Green                         : 0.000000
    Blue                          : 0.000000
    Alpha                         : 1.000000
MaterialStartOffset           : 216
BoneCount                     : 2
BoneBinding00 ------------------.
  BoneListStartOffset           : 82372
  Weight                        : 0.8744447275402287
BoneBinding01 ------------------.
  BoneListStartOffset           : 82624
  Weight                        : 0.12555527245977127
BoneBinding02 ------------------.
  BoneListStartOffset           :  0 NULL ==> None
  Weight                        : 0.0
BoneBinding03 ------------------.
  BoneListStartOffset           :  0 NULL ==> None
  Weight                        : 0.0
BoneBinding04 ------------------.
  BoneListStartOffset           :  0 NULL ==> None
  Weight                        : 0.0
BoneBinding05 ------------------.
  BoneListStartOffset           :  0 NULL ==> None
  Weight                        : 0.0
BoneBinding06 ------------------.
  BoneListStartOffset           :  0 NULL ==> None
  Weight                        : 0.0
BoneBinding07 ------------------.
  BoneListStartOffset           :  0 NULL ==> None
  Weight                        : 0.0
Reserved                      : 0
ExtraData ----------------------. 
  DataBlockCount                : 0
  DataBlockStartOffset          : 0
  Pad0                          : ''
  Pad1                          : [ 0 ,  0 ]
--------------------------------------------------------------------------------
IGfVerts [ 115 / 212 ] (29364)
------------------------------.
Point --------------------------.
  X                             : -4.769269
  Y                             : 1.347385
  Z                             : 3.000000
  Weight                        : 1.000000
Normal -------------------------.
  X                             : -0.289773
  Y                             : 0.659597
  Z                             : 0.693472
  Weight                        : 1.000000
ValidUVsCount                 : 2
UV00 ---------------------------.
  U                             : 0.5176026821136475
  V                             : -4.131644248962402
UV01 ---------------------------.
  U                             : 0.5176026821136475
  V                             : -4.131644248962402
UV02 ---------------------------.
  U                             : 0.0
  V                             : 0.0
UV03 ---------------------------.
  U                             : 0.0
  V                             : 0.0
UV04 ---------------------------.
  U                             : 0.0
  V                             : 0.0
UV05 ---------------------------.
  U                             : 0.0
  V                             : 0.0
UV06 ---------------------------.
  U                             : 0.0
  V                             : 0.0
UV07 ---------------------------.
  U                             : 0.0
  V                             : 0.0
Color --------------------------.
    Red                           : 0.000000
    Green                         : 0.000000
    Blue                          : 0.000000
    Alpha                         : 1.000000
MaterialStartOffset           : 216
BoneCount                     : 2
BoneBinding00 ------------------.
  BoneListStartOffset           : 82372
  Weight                        : 0.8727885440617853
BoneBinding01 ------------------.
  BoneListStartOffset           : 82624
  Weight                        : 0.12721145593821473
BoneBinding02 ------------------.
  BoneListStartOffset           :  0 NULL ==> None
  Weight                        : 0.0
BoneBinding03 ------------------.
  BoneListStartOffset           :  0 NULL ==> None
  Weight                        : 0.0
BoneBinding04 ------------------.
  BoneListStartOffset           :  0 NULL ==> None
  Weight                        : 0.0
BoneBinding05 ------------------.
  BoneListStartOffset           :  0 NULL ==> None
  Weight                        : 0.0
BoneBinding06 ------------------.
  BoneListStartOffset           :  0 NULL ==> None
  Weight                        : 0.0
BoneBinding07 ------------------.
  BoneListStartOffset           :  0 NULL ==> None
  Weight                        : 0.0
Reserved                      : 0
ExtraData ----------------------. 
  DataBlockCount                : 0
  DataBlockStartOffset          : 0
  Pad0                          : ''
  Pad1                          : [ 0 ,  0 ]
--------------------------------------------------------------------------------
IGfVerts [ 116 / 212 ] (29604)
------------------------------.
Point --------------------------.
  X                             : -3.737751
  Y                             : 1.725693
  Z                             : -3.000000
  Weight                        : 1.000000
Normal -------------------------.
  X                             : -0.223823
  Y                             : 0.678609
  Z                             : -0.699515
  Weight                        : 1.000000
ValidUVsCount                 : 2
UV00 ---------------------------.
  U                             : 0.01510465145111084
  V                             : -3.946713447570801
UV01 ---------------------------.
  U                             : 0.01510465145111084
  V                             : -3.946713447570801
UV02 ---------------------------.
  U                             : 0.0
  V                             : 0.0
UV03 ---------------------------.
  U                             : 0.0
  V                             : 0.0
UV04 ---------------------------.
  U                             : 0.0
  V                             : 0.0
UV05 ---------------------------.
  U                             : 0.0
  V                             : 0.0
UV06 ---------------------------.
  U                             : 0.0
  V                             : 0.0
UV07 ---------------------------.
  U                             : 0.0
  V                             : 0.0
Color --------------------------.
    Red                           : 0.000000
    Green                         : 0.000000
    Blue                          : 0.000000
    Alpha                         : 1.000000
MaterialStartOffset           : 216
BoneCount                     : 2
BoneBinding00 ------------------.
  BoneListStartOffset           : 82372
  Weight                        : 0.8201458355488048
BoneBinding01 ------------------.
  BoneListStartOffset           : 82624
  Weight                        : 0.17985416445119512
BoneBinding02 ------------------.
  BoneListStartOffset           :  0 NULL ==> None
  Weight                        : 0.0
BoneBinding03 ------------------.
  BoneListStartOffset           :  0 NULL ==> None
  Weight                        : 0.0
BoneBinding04 ------------------.
  BoneListStartOffset           :  0 NULL ==> None
  Weight                        : 0.0
BoneBinding05 ------------------.
  BoneListStartOffset           :  0 NULL ==> None
  Weight                        : 0.0
BoneBinding06 ------------------.
  BoneListStartOffset           :  0 NULL ==> None
  Weight                        : 0.0
BoneBinding07 ------------------.
  BoneListStartOffset           :  0 NULL ==> None
  Weight                        : 0.0
Reserved                      : 0
ExtraData ----------------------. 
  DataBlockCount                : 0
  DataBlockStartOffset          : 0
  Pad0                          : ''
  Pad1                          : [ 0 ,  0 ]
--------------------------------------------------------------------------------
IGfVerts [ 117 / 212 ] (29844)
------------------------------.
Point --------------------------.
  X                             : -3.643611
  Y                             : 1.756257
  Z                             : 3.000000
  Weight                        : 1.000000
Normal -------------------------.
  X                             : -0.223243
  Y                             : 0.678457
  Z                             : 0.699850
  Weight                        : 1.000000
ValidUVsCount                 : 2
UV00 ---------------------------.
  U                             : 0.5176895260810852
  V                             : -3.9310131072998047
UV01 ---------------------------.
  U                             : 0.5176895260810852
  V                             : -3.9310131072998047
UV02 ---------------------------.
  U                             : 0.0
  V                             : 0.0
UV03 ---------------------------.
  U                             : 0.0
  V                             : 0.0
UV04 ---------------------------.
  U                             : 0.0
  V                             : 0.0
UV05 ---------------------------.
  U                             : 0.0
  V                             : 0.0
UV06 ---------------------------.
  U                             : 0.0
  V                             : 0.0
UV07 ---------------------------.
  U                             : 0.0
  V                             : 0.0
Color --------------------------.
    Red                           : 0.000000
    Green                         : 0.000000
    Blue                          : 0.000000
    Alpha                         : 1.000000
MaterialStartOffset           : 216
BoneCount                     : 2
BoneBinding00 ------------------.
  BoneListStartOffset           : 82372
  Weight                        : 0.8134573273258318
BoneBinding01 ------------------.
  BoneListStartOffset           : 82624
  Weight                        : 0.18654267267416821
BoneBinding02 ------------------.
  BoneListStartOffset           :  0 NULL ==> None
  Weight                        : 0.0
BoneBinding03 ------------------.
  BoneListStartOffset           :  0 NULL ==> None
  Weight                        : 0.0
BoneBinding04 ------------------.
  BoneListStartOffset           :  0 NULL ==> None
  Weight                        : 0.0
BoneBinding05 ------------------.
  BoneListStartOffset           :  0 NULL ==> None
  Weight                        : 0.0
BoneBinding06 ------------------.
  BoneListStartOffset           :  0 NULL ==> None
  Weight                        : 0.0
BoneBinding07 ------------------.
  BoneListStartOffset           :  0 NULL ==> None
  Weight                        : 0.0
Reserved                      : 0
ExtraData ----------------------. 
  DataBlockCount                : 0
  DataBlockStartOffset          : 0
  Pad0                          : ''
  Pad1                          : [ 0 ,  0 ]
--------------------------------------------------------------------------------
IGfVerts [ 118 / 212 ] (30084)
------------------------------.
Point --------------------------.
  X                             : -2.189663
  Y                             : 2.182198
  Z                             : -3.000000
  Weight                        : 1.000000
Normal -------------------------.
  X                             : -0.188116
  Y                             : 0.685781
  Z                             : -0.703055
  Weight                        : 1.000000
ValidUVsCount                 : 2
UV00 ---------------------------.
  U                             : 0.015222221612930298
  V                             : -3.6763267517089844
UV01 ---------------------------.
  U                             : 0.015222221612930298
  V                             : -3.6763267517089844
UV02 ---------------------------.
  U                             : 0.0
  V                             : 0.0
UV03 ---------------------------.
  U                             : 0.0
  V                             : 0.0
UV04 ---------------------------.
  U                             : 0.0
  V                             : 0.0
UV05 ---------------------------.
  U                             : 0.0
  V                             : 0.0
UV06 ---------------------------.
  U                             : 0.0
  V                             : 0.0
UV07 ---------------------------.
  U                             : 0.0
  V                             : 0.0
Color --------------------------.
    Red                           : 0.000000
    Green                         : 0.000000
    Blue                          : 0.000000
    Alpha                         : 1.000000
MaterialStartOffset           : 216
BoneCount                     : 2
BoneBinding00 ------------------.
  BoneListStartOffset           : 82372
  Weight                        : 0.7407851097353596
BoneBinding01 ------------------.
  BoneListStartOffset           : 82624
  Weight                        : 0.2592148902646404
BoneBinding02 ------------------.
  BoneListStartOffset           :  0 NULL ==> None
  Weight                        : 0.0
BoneBinding03 ------------------.
  BoneListStartOffset           :  0 NULL ==> None
  Weight                        : 0.0
BoneBinding04 ------------------.
  BoneListStartOffset           :  0 NULL ==> None
  Weight                        : 0.0
BoneBinding05 ------------------.
  BoneListStartOffset           :  0 NULL ==> None
  Weight                        : 0.0
BoneBinding06 ------------------.
  BoneListStartOffset           :  0 NULL ==> None
  Weight                        : 0.0
BoneBinding07 ------------------.
  BoneListStartOffset           :  0 NULL ==> None
  Weight                        : 0.0
Reserved                      : 0
ExtraData ----------------------. 
  DataBlockCount                : 0
  DataBlockStartOffset          : 0
  Pad0                          : ''
  Pad1                          : [ 0 ,  0 ]
--------------------------------------------------------------------------------
IGfVerts [ 119 / 212 ] (30324)
------------------------------.
Point --------------------------.
  X                             : -2.064600
  Y                             : 2.216027
  Z                             : 3.000000
  Weight                        : 1.000000
Normal -------------------------.
  X                             : -0.187719
  Y                             : 0.685659
  Z                             : 0.703268
  Weight                        : 1.000000
ValidUVsCount                 : 2
UV00 ---------------------------.
  U                             : 0.5178096294403076
  V                             : -3.6555023193359375
UV01 ---------------------------.
  U                             : 0.5178096294403076
  V                             : -3.6555023193359375
UV02 ---------------------------.
  U                             : 0.0
  V                             : 0.0
UV03 ---------------------------.
  U                             : 0.0
  V                             : 0.0
UV04 ---------------------------.
  U                             : 0.0
  V                             : 0.0
UV05 ---------------------------.
  U                             : 0.0
  V                             : 0.0
UV06 ---------------------------.
  U                             : 0.0
  V                             : 0.0
UV07 ---------------------------.
  U                             : 0.0
  V                             : 0.0
Color --------------------------.
    Red                           : 0.000000
    Green                         : 0.000000
    Blue                          : 0.000000
    Alpha                         : 1.000000
MaterialStartOffset           : 216
BoneCount                     : 2
BoneBinding00 ------------------.
  BoneListStartOffset           : 82372
  Weight                        : 0.7264256192644304
BoneBinding01 ------------------.
  BoneListStartOffset           : 82624
  Weight                        : 0.2735743807355696
BoneBinding02 ------------------.
  BoneListStartOffset           :  0 NULL ==> None
  Weight                        : 0.0
BoneBinding03 ------------------.
  BoneListStartOffset           :  0 NULL ==> None
  Weight                        : 0.0
BoneBinding04 ------------------.
  BoneListStartOffset           :  0 NULL ==> None
  Weight                        : 0.0
BoneBinding05 ------------------.
  BoneListStartOffset           :  0 NULL ==> None
  Weight                        : 0.0
BoneBinding06 ------------------.
  BoneListStartOffset           :  0 NULL ==> None
  Weight                        : 0.0
BoneBinding07 ------------------.
  BoneListStartOffset           :  0 NULL ==> None
  Weight                        : 0.0
Reserved                      : 0
ExtraData ----------------------. 
  DataBlockCount                : 0
  DataBlockStartOffset          : 0
  Pad0                          : ''
  Pad1                          : [ 0 ,  0 ]
--------------------------------------------------------------------------------
IGfVerts [ 120 / 212 ] (30564)
------------------------------.
Point --------------------------.
  X                             : 0.380177
  Y                             : 2.840088
  Z                             : -3.000000
  Weight                        : 1.000000
Normal -------------------------.
  X                             : -0.193426
  Y                             : 0.673208
  Z                             : -0.713675
  Weight                        : 1.000000
ValidUVsCount                 : 2
UV00 ---------------------------.
  U                             : 0.015415936708450317
  V                             : -3.2319283485412598
UV01 ---------------------------.
  U                             : 0.015415936708450317
  V                             : -3.2319283485412598
UV02 ---------------------------.
  U                             : 0.0
  V                             : 0.0
UV03 ---------------------------.
  U                             : 0.0
  V                             : 0.0
UV04 ---------------------------.
  U                             : 0.0
  V                             : 0.0
UV05 ---------------------------.
  U                             : 0.0
  V                             : 0.0
UV06 ---------------------------.
  U                             : 0.0
  V                             : 0.0
UV07 ---------------------------.
  U                             : 0.0
  V                             : 0.0
Color --------------------------.
    Red                           : 0.000000
    Green                         : 0.000000
    Blue                          : 0.000000
    Alpha                         : 1.000000
MaterialStartOffset           : 216
BoneCount                     : 2
BoneBinding00 ------------------.
  BoneListStartOffset           : 82372
  Weight                        : 0.5940338702834401
BoneBinding01 ------------------.
  BoneListStartOffset           : 82624
  Weight                        : 0.4059661297165598
BoneBinding02 ------------------.
  BoneListStartOffset           :  0 NULL ==> None
  Weight                        : 0.0
BoneBinding03 ------------------.
  BoneListStartOffset           :  0 NULL ==> None
  Weight                        : 0.0
BoneBinding04 ------------------.
  BoneListStartOffset           :  0 NULL ==> None
  Weight                        : 0.0
BoneBinding05 ------------------.
  BoneListStartOffset           :  0 NULL ==> None
  Weight                        : 0.0
BoneBinding06 ------------------.
  BoneListStartOffset           :  0 NULL ==> None
  Weight                        : 0.0
BoneBinding07 ------------------.
  BoneListStartOffset           :  0 NULL ==> None
  Weight                        : 0.0
Reserved                      : 0
ExtraData ----------------------. 
  DataBlockCount                : 0
  DataBlockStartOffset          : 0
  Pad0                          : ''
  Pad1                          : [ 0 ,  0 ]
--------------------------------------------------------------------------------
IGfVerts [ 121 / 212 ] (30804)
------------------------------.
Point --------------------------.
  X                             : 0.145162
  Y                             : 2.778283
  Z                             : 3.000000
  Weight                        : 1.000000
Normal -------------------------.
  X                             : -0.187170
  Y                             : 0.677236
  Z                             : 0.711539
  Weight                        : 1.000000
ValidUVsCount                 : 2
UV00 ---------------------------.
  U                             : 0.5179764032363892
  V                             : -3.2735133171081543
UV01 ---------------------------.
  U                             : 0.5179764032363892
  V                             : -3.2735133171081543
UV02 ---------------------------.
  U                             : 0.0
  V                             : 0.0
UV03 ---------------------------.
  U                             : 0.0
  V                             : 0.0
UV04 ---------------------------.
  U                             : 0.0
  V                             : 0.0
UV05 ---------------------------.
  U                             : 0.0
  V                             : 0.0
UV06 ---------------------------.
  U                             : 0.0
  V                             : 0.0
UV07 ---------------------------.
  U                             : 0.0
  V                             : 0.0
Color --------------------------.
    Red                           : 0.000000
    Green                         : 0.000000
    Blue                          : 0.000000
    Alpha                         : 1.000000
MaterialStartOffset           : 216
BoneCount                     : 2
BoneBinding00 ------------------.
  BoneListStartOffset           : 82372
  Weight                        : 0.6102083549786699
BoneBinding01 ------------------.
  BoneListStartOffset           : 82624
  Weight                        : 0.3897916450213301
BoneBinding02 ------------------.
  BoneListStartOffset           :  0 NULL ==> None
  Weight                        : 0.0
BoneBinding03 ------------------.
  BoneListStartOffset           :  0 NULL ==> None
  Weight                        : 0.0
BoneBinding04 ------------------.
  BoneListStartOffset           :  0 NULL ==> None
  Weight                        : 0.0
BoneBinding05 ------------------.
  BoneListStartOffset           :  0 NULL ==> None
  Weight                        : 0.0
BoneBinding06 ------------------.
  BoneListStartOffset           :  0 NULL ==> None
  Weight                        : 0.0
BoneBinding07 ------------------.
  BoneListStartOffset           :  0 NULL ==> None
  Weight                        : 0.0
Reserved                      : 0
ExtraData ----------------------. 
  DataBlockCount                : 0
  DataBlockStartOffset          : 0
  Pad0                          : ''
  Pad1                          : [ 0 ,  0 ]
--------------------------------------------------------------------------------
IGfVerts [ 122 / 212 ] (31044)
------------------------------.
Point --------------------------.
  X                             : 1.872449
  Y                             : 3.405782
  Z                             : -3.000000
  Weight                        : 1.000000
Normal -------------------------.
  X                             : -0.416852
  Y                             : 0.501450
  Z                             : -0.758110
  Weight                        : 1.000000
ValidUVsCount                 : 2
UV00 ---------------------------.
  U                             : 0.015534460544586182
  V                             : -2.9638748168945312
UV01 ---------------------------.
  U                             : 0.015534460544586182
  V                             : -2.9638748168945312
UV02 ---------------------------.
  U                             : 0.0
  V                             : 0.0
UV03 ---------------------------.
  U                             : 0.0
  V                             : 0.0
UV04 ---------------------------.
  U                             : 0.0
  V                             : 0.0
UV05 ---------------------------.
  U                             : 0.0
  V                             : 0.0
UV06 ---------------------------.
  U                             : 0.0
  V                             : 0.0
UV07 ---------------------------.
  U                             : 0.0
  V                             : 0.0
Color --------------------------.
    Red                           : 0.000000
    Green                         : 0.000000
    Blue                          : 0.000000
    Alpha                         : 1.000000
MaterialStartOffset           : 216
BoneCount                     : 2
BoneBinding00 ------------------.
  BoneListStartOffset           : 82372
  Weight                        : 0.4481122806962575
BoneBinding01 ------------------.
  BoneListStartOffset           : 82624
  Weight                        : 0.5518877193037425
BoneBinding02 ------------------.
  BoneListStartOffset           :  0 NULL ==> None
  Weight                        : 0.0
BoneBinding03 ------------------.
  BoneListStartOffset           :  0 NULL ==> None
  Weight                        : 0.0
BoneBinding04 ------------------.
  BoneListStartOffset           :  0 NULL ==> None
  Weight                        : 0.0
BoneBinding05 ------------------.
  BoneListStartOffset           :  0 NULL ==> None
  Weight                        : 0.0
BoneBinding06 ------------------.
  BoneListStartOffset           :  0 NULL ==> None
  Weight                        : 0.0
BoneBinding07 ------------------.
  BoneListStartOffset           :  0 NULL ==> None
  Weight                        : 0.0
Reserved                      : 0
ExtraData ----------------------. 
  DataBlockCount                : 0
  DataBlockStartOffset          : 0
  Pad0                          : ''
  Pad1                          : [ 0 ,  0 ]
--------------------------------------------------------------------------------
IGfVerts [ 123 / 212 ] (31284)
------------------------------.
Point --------------------------.
  X                             : 2.054908
  Y                             : 3.627901
  Z                             : -3.000000
  Weight                        : 1.000000
Normal -------------------------.
  X                             : -0.798702
  Y                             : 0.601725
  Z                             : 0.001385
  Weight                        : 1.000000
ValidUVsCount                 : 2
UV00 ---------------------------.
  U                             : 0.015558302402496338
  V                             : -2.915719985961914
UV01 ---------------------------.
  U                             : 0.015558302402496338
  V                             : -2.915719985961914
UV02 ---------------------------.
  U                             : 0.0
  V                             : 0.0
UV03 ---------------------------.
  U                             : 0.0
  V                             : 0.0
UV04 ---------------------------.
  U                             : 0.0
  V                             : 0.0
UV05 ---------------------------.
  U                             : 0.0
  V                             : 0.0
UV06 ---------------------------.
  U                             : 0.0
  V                             : 0.0
UV07 ---------------------------.
  U                             : 0.0
  V                             : 0.0
Color --------------------------.
    Red                           : 0.000000
    Green                         : 0.000000
    Blue                          : 0.000000
    Alpha                         : 1.000000
MaterialStartOffset           : 216
BoneCount                     : 2
BoneBinding00 ------------------.
  BoneListStartOffset           : 82372
  Weight                        : 0.3800660875484053
BoneBinding01 ------------------.
  BoneListStartOffset           : 82624
  Weight                        : 0.6199339124515947
BoneBinding02 ------------------.
  BoneListStartOffset           :  0 NULL ==> None
  Weight                        : 0.0
BoneBinding03 ------------------.
  BoneListStartOffset           :  0 NULL ==> None
  Weight                        : 0.0
BoneBinding04 ------------------.
  BoneListStartOffset           :  0 NULL ==> None
  Weight                        : 0.0
BoneBinding05 ------------------.
  BoneListStartOffset           :  0 NULL ==> None
  Weight                        : 0.0
BoneBinding06 ------------------.
  BoneListStartOffset           :  0 NULL ==> None
  Weight                        : 0.0
BoneBinding07 ------------------.
  BoneListStartOffset           :  0 NULL ==> None
  Weight                        : 0.0
Reserved                      : 0
ExtraData ----------------------. 
  DataBlockCount                : 0
  DataBlockStartOffset          : 0
  Pad0                          : ''
  Pad1                          : [ 0 ,  0 ]
--------------------------------------------------------------------------------
IGfVerts [ 124 / 212 ] (31524)
------------------------------.
Point --------------------------.
  X                             : 2.057923
  Y                             : 3.638157
  Z                             : 3.000000
  Weight                        : 1.000000
Normal -------------------------.
  X                             : -0.798702
  Y                             : 0.601725
  Z                             : 0.001385
  Weight                        : 1.000000
ValidUVsCount                 : 2
UV00 ---------------------------.
  U                             : 0.5181368589401245
  V                             : -2.9148874282836914
UV01 ---------------------------.
  U                             : 0.5181368589401245
  V                             : -2.9148874282836914
UV02 ---------------------------.
  U                             : 0.0
  V                             : 0.0
UV03 ---------------------------.
  U                             : 0.0
  V                             : 0.0
UV04 ---------------------------.
  U                             : 0.0
  V                             : 0.0
UV05 ---------------------------.
  U                             : 0.0
  V                             : 0.0
UV06 ---------------------------.
  U                             : 0.0
  V                             : 0.0
UV07 ---------------------------.
  U                             : 0.0
  V                             : 0.0
Color --------------------------.
    Red                           : 0.000000
    Green                         : 0.000000
    Blue                          : 0.000000
    Alpha                         : 1.000000
MaterialStartOffset           : 216
BoneCount                     : 2
BoneBinding00 ------------------.
  BoneListStartOffset           : 82372
  Weight                        : 0.3769552468984622
BoneBinding01 ------------------.
  BoneListStartOffset           : 82624
  Weight                        : 0.6230447531015377
BoneBinding02 ------------------.
  BoneListStartOffset           :  0 NULL ==> None
  Weight                        : 0.0
BoneBinding03 ------------------.
  BoneListStartOffset           :  0 NULL ==> None
  Weight                        : 0.0
BoneBinding04 ------------------.
  BoneListStartOffset           :  0 NULL ==> None
  Weight                        : 0.0
BoneBinding05 ------------------.
  BoneListStartOffset           :  0 NULL ==> None
  Weight                        : 0.0
BoneBinding06 ------------------.
  BoneListStartOffset           :  0 NULL ==> None
  Weight                        : 0.0
BoneBinding07 ------------------.
  BoneListStartOffset           :  0 NULL ==> None
  Weight                        : 0.0
Reserved                      : 0
ExtraData ----------------------. 
  DataBlockCount                : 0
  DataBlockStartOffset          : 0
  Pad0                          : ''
  Pad1                          : [ 0 ,  0 ]
--------------------------------------------------------------------------------
IGfVerts [ 125 / 212 ] (31764)
------------------------------.
Point --------------------------.
  X                             : 1.961171
  Y                             : 3.489663
  Z                             : 3.000000
  Weight                        : 1.000000
Normal -------------------------.
  X                             : -0.458113
  Y                             : 0.475387
  Z                             : 0.751060
  Weight                        : 1.000000
ValidUVsCount                 : 2
UV00 ---------------------------.
  U                             : 0.5181240439414978
  V                             : -2.9445767402648926
UV01 ---------------------------.
  U                             : 0.5181240439414978
  V                             : -2.9445767402648926
UV02 ---------------------------.
  U                             : 0.0
  V                             : 0.0
UV03 ---------------------------.
  U                             : 0.0
  V                             : 0.0
UV04 ---------------------------.
  U                             : 0.0
  V                             : 0.0
UV05 ---------------------------.
  U                             : 0.0
  V                             : 0.0
UV06 ---------------------------.
  U                             : 0.0
  V                             : 0.0
UV07 ---------------------------.
  U                             : 0.0
  V                             : 0.0
Color --------------------------.
    Red                           : 0.000000
    Green                         : 0.000000
    Blue                          : 0.000000
    Alpha                         : 1.000000
MaterialStartOffset           : 216
BoneCount                     : 2
BoneBinding00 ------------------.
  BoneListStartOffset           : 82372
  Weight                        : 0.42310130052122474
BoneBinding01 ------------------.
  BoneListStartOffset           : 82624
  Weight                        : 0.5768986994787753
BoneBinding02 ------------------.
  BoneListStartOffset           :  0 NULL ==> None
  Weight                        : 0.0
BoneBinding03 ------------------.
  BoneListStartOffset           :  0 NULL ==> None
  Weight                        : 0.0
BoneBinding04 ------------------.
  BoneListStartOffset           :  0 NULL ==> None
  Weight                        : 0.0
BoneBinding05 ------------------.
  BoneListStartOffset           :  0 NULL ==> None
  Weight                        : 0.0
BoneBinding06 ------------------.
  BoneListStartOffset           :  0 NULL ==> None
  Weight                        : 0.0
BoneBinding07 ------------------.
  BoneListStartOffset           :  0 NULL ==> None
  Weight                        : 0.0
Reserved                      : 0
ExtraData ----------------------. 
  DataBlockCount                : 0
  DataBlockStartOffset          : 0
  Pad0                          : ''
  Pad1                          : [ 0 ,  0 ]
--------------------------------------------------------------------------------
IGfVerts [ 126 / 212 ] (32004)
------------------------------.
Point --------------------------.
  X                             : 1.163137
  Y                             : 3.082475
  Z                             : 3.000000
  Weight                        : 1.000000
Normal -------------------------.
  X                             : -0.231025
  Y                             : 0.657033
  Z                             : 0.717551
  Weight                        : 1.000000
ValidUVsCount                 : 2
UV00 ---------------------------.
  U                             : 0.5180556774139404
  V                             : -3.095524787902832
UV01 ---------------------------.
  U                             : 0.5180556774139404
  V                             : -3.095524787902832
UV02 ---------------------------.
  U                             : 0.0
  V                             : 0.0
UV03 ---------------------------.
  U                             : 0.0
  V                             : 0.0
UV04 ---------------------------.
  U                             : 0.0
  V                             : 0.0
UV05 ---------------------------.
  U                             : 0.0
  V                             : 0.0
UV06 ---------------------------.
  U                             : 0.0
  V                             : 0.0
UV07 ---------------------------.
  U                             : 0.0
  V                             : 0.0
Color --------------------------.
    Red                           : 0.000000
    Green                         : 0.000000
    Blue                          : 0.000000
    Alpha                         : 1.000000
MaterialStartOffset           : 216
BoneCount                     : 2
BoneBinding00 ------------------.
  BoneListStartOffset           : 82372
  Weight                        : 0.5334611074022068
BoneBinding01 ------------------.
  BoneListStartOffset           : 82624
  Weight                        : 0.4665388925977932
BoneBinding02 ------------------.
  BoneListStartOffset           :  0 NULL ==> None
  Weight                        : 0.0
BoneBinding03 ------------------.
  BoneListStartOffset           :  0 NULL ==> None
  Weight                        : 0.0
BoneBinding04 ------------------.
  BoneListStartOffset           :  0 NULL ==> None
  Weight                        : 0.0
BoneBinding05 ------------------.
  BoneListStartOffset           :  0 NULL ==> None
  Weight                        : 0.0
BoneBinding06 ------------------.
  BoneListStartOffset           :  0 NULL ==> None
  Weight                        : 0.0
BoneBinding07 ------------------.
  BoneListStartOffset           :  0 NULL ==> None
  Weight                        : 0.0
Reserved                      : 0
ExtraData ----------------------. 
  DataBlockCount                : 0
  DataBlockStartOffset          : 0
  Pad0                          : ''
  Pad1                          : [ 0 ,  0 ]
--------------------------------------------------------------------------------
IGfVerts [ 127 / 212 ] (32244)
------------------------------.
Point --------------------------.
  X                             : 1.382679
  Y                             : 3.161568
  Z                             : -3.000000
  Weight                        : 1.000000
Normal -------------------------.
  X                             : -0.259743
  Y                             : 0.638996
  Z                             : -0.723991
  Weight                        : 1.000000
ValidUVsCount                 : 2
UV00 ---------------------------.
  U                             : 0.015494763851165771
  V                             : -3.0555591583251953
UV01 ---------------------------.
  U                             : 0.015494763851165771
  V                             : -3.0555591583251953
UV02 ---------------------------.
  U                             : 0.0
  V                             : 0.0
UV03 ---------------------------.
  U                             : 0.0
  V                             : 0.0
UV04 ---------------------------.
  U                             : 0.0
  V                             : 0.0
UV05 ---------------------------.
  U                             : 0.0
  V                             : 0.0
UV06 ---------------------------.
  U                             : 0.0
  V                             : 0.0
UV07 ---------------------------.
  U                             : 0.0
  V                             : 0.0
Color --------------------------.
    Red                           : 0.000000
    Green                         : 0.000000
    Blue                          : 0.000000
    Alpha                         : 1.000000
MaterialStartOffset           : 216
BoneCount                     : 2
BoneBinding00 ------------------.
  BoneListStartOffset           : 82372
  Weight                        : 0.5173999018762374
BoneBinding01 ------------------.
  BoneListStartOffset           : 82624
  Weight                        : 0.4826000981237626
BoneBinding02 ------------------.
  BoneListStartOffset           :  0 NULL ==> None
  Weight                        : 0.0
BoneBinding03 ------------------.
  BoneListStartOffset           :  0 NULL ==> None
  Weight                        : 0.0
BoneBinding04 ------------------.
  BoneListStartOffset           :  0 NULL ==> None
  Weight                        : 0.0
BoneBinding05 ------------------.
  BoneListStartOffset           :  0 NULL ==> None
  Weight                        : 0.0
BoneBinding06 ------------------.
  BoneListStartOffset           :  0 NULL ==> None
  Weight                        : 0.0
BoneBinding07 ------------------.
  BoneListStartOffset           :  0 NULL ==> None
  Weight                        : 0.0
Reserved                      : 0
ExtraData ----------------------. 
  DataBlockCount                : 0
  DataBlockStartOffset          : 0
  Pad0                          : ''
  Pad1                          : [ 0 ,  0 ]
--------------------------------------------------------------------------------
IGfVerts [ 128 / 212 ] (32484)
------------------------------.
Point --------------------------.
  X                             : 1.669904
  Y                             : 3.288436
  Z                             : 3.000000
  Weight                        : 1.000000
Normal -------------------------.
  X                             : -0.323649
  Y                             : 0.599811
  Z                             : 0.731742
  Weight                        : 1.000000
ValidUVsCount                 : 2
UV00 ---------------------------.
  U                             : 0.518096923828125
  V                             : -3.0038843154907227
UV01 ---------------------------.
  U                             : 0.518096923828125
  V                             : -3.0038843154907227
UV02 ---------------------------.
  U                             : 0.0
  V                             : 0.0
UV03 ---------------------------.
  U                             : 0.0
  V                             : 0.0
UV04 ---------------------------.
  U                             : 0.0
  V                             : 0.0
UV05 ---------------------------.
  U                             : 0.0
  V                             : 0.0
UV06 ---------------------------.
  U                             : 0.0
  V                             : 0.0
UV07 ---------------------------.
  U                             : 0.0
  V                             : 0.0
Color --------------------------.
    Red                           : 0.000000
    Green                         : 0.000000
    Blue                          : 0.000000
    Alpha                         : 1.000000
MaterialStartOffset           : 216
BoneCount                     : 2
BoneBinding00 ------------------.
  BoneListStartOffset           : 82372
  Weight                        : 0.4848884963335969
BoneBinding01 ------------------.
  BoneListStartOffset           : 82624
  Weight                        : 0.5151115036664031
BoneBinding02 ------------------.
  BoneListStartOffset           :  0 NULL ==> None
  Weight                        : 0.0
BoneBinding03 ------------------.
  BoneListStartOffset           :  0 NULL ==> None
  Weight                        : 0.0
BoneBinding04 ------------------.
  BoneListStartOffset           :  0 NULL ==> None
  Weight                        : 0.0
BoneBinding05 ------------------.
  BoneListStartOffset           :  0 NULL ==> None
  Weight                        : 0.0
BoneBinding06 ------------------.
  BoneListStartOffset           :  0 NULL ==> None
  Weight                        : 0.0
BoneBinding07 ------------------.
  BoneListStartOffset           :  0 NULL ==> None
  Weight                        : 0.0
Reserved                      : 0
ExtraData ----------------------. 
  DataBlockCount                : 0
  DataBlockStartOffset          : 0
  Pad0                          : ''
  Pad1                          : [ 0 ,  0 ]
--------------------------------------------------------------------------------
IGfVerts [ 129 / 212 ] (32724)
------------------------------.
Point --------------------------.
  X                             : 2.054908
  Y                             : 3.627901
  Z                             : -3.000000
  Weight                        : 1.000000
Normal -------------------------.
  X                             : -0.993547
  Y                             : -0.113421
  Z                             : 0.000402
  Weight                        : 1.000000
ValidUVsCount                 : 2
UV00 ---------------------------.
  U                             : 0.015558302402496338
  V                             : -2.915719985961914
UV01 ---------------------------.
  U                             : 0.015558302402496338
  V                             : -2.915719985961914
UV02 ---------------------------.
  U                             : 0.0
  V                             : 0.0
UV03 ---------------------------.
  U                             : 0.0
  V                             : 0.0
UV04 ---------------------------.
  U                             : 0.0
  V                             : 0.0
UV05 ---------------------------.
  U                             : 0.0
  V                             : 0.0
UV06 ---------------------------.
  U                             : 0.0
  V                             : 0.0
UV07 ---------------------------.
  U                             : 0.0
  V                             : 0.0
Color --------------------------.
    Red                           : 0.000000
    Green                         : 0.000000
    Blue                          : 0.000000
    Alpha                         : 1.000000
MaterialStartOffset           : 216
BoneCount                     : 2
BoneBinding00 ------------------.
  BoneListStartOffset           : 82372
  Weight                        : 0.3800660875484053
BoneBinding01 ------------------.
  BoneListStartOffset           : 82624
  Weight                        : 0.6199339124515947
BoneBinding02 ------------------.
  BoneListStartOffset           :  0 NULL ==> None
  Weight                        : 0.0
BoneBinding03 ------------------.
  BoneListStartOffset           :  0 NULL ==> None
  Weight                        : 0.0
BoneBinding04 ------------------.
  BoneListStartOffset           :  0 NULL ==> None
  Weight                        : 0.0
BoneBinding05 ------------------.
  BoneListStartOffset           :  0 NULL ==> None
  Weight                        : 0.0
BoneBinding06 ------------------.
  BoneListStartOffset           :  0 NULL ==> None
  Weight                        : 0.0
BoneBinding07 ------------------.
  BoneListStartOffset           :  0 NULL ==> None
  Weight                        : 0.0
Reserved                      : 0
ExtraData ----------------------. 
  DataBlockCount                : 0
  DataBlockStartOffset          : 0
  Pad0                          : ''
  Pad1                          : [ 0 ,  0 ]
--------------------------------------------------------------------------------
IGfVerts [ 130 / 212 ] (32964)
------------------------------.
Point --------------------------.
  X                             : 2.037349
  Y                             : 3.797111
  Z                             : -3.000000
  Weight                        : 1.000000
Normal -------------------------.
  X                             : -0.993547
  Y                             : -0.113421
  Z                             : 0.000402
  Weight                        : 1.000000
ValidUVsCount                 : 2
UV00 ---------------------------.
  U                             : 0.01557016372680664
  V                             : -2.887221336364746
UV01 ---------------------------.
  U                             : 0.01557016372680664
  V                             : -2.887221336364746
UV02 ---------------------------.
  U                             : 0.0
  V                             : 0.0
UV03 ---------------------------.
  U                             : 0.0
  V                             : 0.0
UV04 ---------------------------.
  U                             : 0.0
  V                             : 0.0
UV05 ---------------------------.
  U                             : 0.0
  V                             : 0.0
UV06 ---------------------------.
  U                             : 0.0
  V                             : 0.0
UV07 ---------------------------.
  U                             : 0.0
  V                             : 0.0
Color --------------------------.
    Red                           : 0.000000
    Green                         : 0.000000
    Blue                          : 0.000000
    Alpha                         : 1.000000
MaterialStartOffset           : 216
BoneCount                     : 2
BoneBinding00 ------------------.
  BoneListStartOffset           : 82372
  Weight                        : 0.33101058350451384
BoneBinding01 ------------------.
  BoneListStartOffset           : 82624
  Weight                        : 0.6689894164954862
BoneBinding02 ------------------.
  BoneListStartOffset           :  0 NULL ==> None
  Weight                        : 0.0
BoneBinding03 ------------------.
  BoneListStartOffset           :  0 NULL ==> None
  Weight                        : 0.0
BoneBinding04 ------------------.
  BoneListStartOffset           :  0 NULL ==> None
  Weight                        : 0.0
BoneBinding05 ------------------.
  BoneListStartOffset           :  0 NULL ==> None
  Weight                        : 0.0
BoneBinding06 ------------------.
  BoneListStartOffset           :  0 NULL ==> None
  Weight                        : 0.0
BoneBinding07 ------------------.
  BoneListStartOffset           :  0 NULL ==> None
  Weight                        : 0.0
Reserved                      : 0
ExtraData ----------------------. 
  DataBlockCount                : 0
  DataBlockStartOffset          : 0
  Pad0                          : ''
  Pad1                          : [ 0 ,  0 ]
--------------------------------------------------------------------------------
IGfVerts [ 131 / 212 ] (33204)
------------------------------.
Point --------------------------.
  X                             : 2.038950
  Y                             : 3.788952
  Z                             : 3.000000
  Weight                        : 1.000000
Normal -------------------------.
  X                             : -0.993547
  Y                             : -0.113421
  Z                             : 0.000402
  Weight                        : 1.000000
ValidUVsCount                 : 2
UV00 ---------------------------.
  U                             : 0.5181472897529602
  V                             : -2.8894248008728027
UV01 ---------------------------.
  U                             : 0.5181472897529602
  V                             : -2.8894248008728027
UV02 ---------------------------.
  U                             : 0.0
  V                             : 0.0
UV03 ---------------------------.
  U                             : 0.0
  V                             : 0.0
UV04 ---------------------------.
  U                             : 0.0
  V                             : 0.0
UV05 ---------------------------.
  U                             : 0.0
  V                             : 0.0
UV06 ---------------------------.
  U                             : 0.0
  V                             : 0.0
UV07 ---------------------------.
  U                             : 0.0
  V                             : 0.0
Color --------------------------.
    Red                           : 0.000000
    Green                         : 0.000000
    Blue                          : 0.000000
    Alpha                         : 1.000000
MaterialStartOffset           : 216
BoneCount                     : 2
BoneBinding00 ------------------.
  BoneListStartOffset           : 82372
  Weight                        : 0.3332855764487857
BoneBinding01 ------------------.
  BoneListStartOffset           : 82624
  Weight                        : 0.6667144235512142
BoneBinding02 ------------------.
  BoneListStartOffset           :  0 NULL ==> None
  Weight                        : 0.0
BoneBinding03 ------------------.
  BoneListStartOffset           :  0 NULL ==> None
  Weight                        : 0.0
BoneBinding04 ------------------.
  BoneListStartOffset           :  0 NULL ==> None
  Weight                        : 0.0
BoneBinding05 ------------------.
  BoneListStartOffset           :  0 NULL ==> None
  Weight                        : 0.0
BoneBinding06 ------------------.
  BoneListStartOffset           :  0 NULL ==> None
  Weight                        : 0.0
BoneBinding07 ------------------.
  BoneListStartOffset           :  0 NULL ==> None
  Weight                        : 0.0
Reserved                      : 0
ExtraData ----------------------. 
  DataBlockCount                : 0
  DataBlockStartOffset          : 0
  Pad0                          : ''
  Pad1                          : [ 0 ,  0 ]
--------------------------------------------------------------------------------
IGfVerts [ 132 / 212 ] (33444)
------------------------------.
Point --------------------------.
  X                             : 2.057923
  Y                             : 3.638157
  Z                             : 3.000000
  Weight                        : 1.000000
Normal -------------------------.
  X                             : -0.993547
  Y                             : -0.113421
  Z                             : 0.000402
  Weight                        : 1.000000
ValidUVsCount                 : 2
UV00 ---------------------------.
  U                             : 0.5181368589401245
  V                             : -2.9148874282836914
UV01 ---------------------------.
  U                             : 0.5181368589401245
  V                             : -2.9148874282836914
UV02 ---------------------------.
  U                             : 0.0
  V                             : 0.0
UV03 ---------------------------.
  U                             : 0.0
  V                             : 0.0
UV04 ---------------------------.
  U                             : 0.0
  V                             : 0.0
UV05 ---------------------------.
  U                             : 0.0
  V                             : 0.0
UV06 ---------------------------.
  U                             : 0.0
  V                             : 0.0
UV07 ---------------------------.
  U                             : 0.0
  V                             : 0.0
Color --------------------------.
    Red                           : 0.000000
    Green                         : 0.000000
    Blue                          : 0.000000
    Alpha                         : 1.000000
MaterialStartOffset           : 216
BoneCount                     : 2
BoneBinding00 ------------------.
  BoneListStartOffset           : 82372
  Weight                        : 0.3769552468984622
BoneBinding01 ------------------.
  BoneListStartOffset           : 82624
  Weight                        : 0.6230447531015377
BoneBinding02 ------------------.
  BoneListStartOffset           :  0 NULL ==> None
  Weight                        : 0.0
BoneBinding03 ------------------.
  BoneListStartOffset           :  0 NULL ==> None
  Weight                        : 0.0
BoneBinding04 ------------------.
  BoneListStartOffset           :  0 NULL ==> None
  Weight                        : 0.0
BoneBinding05 ------------------.
  BoneListStartOffset           :  0 NULL ==> None
  Weight                        : 0.0
BoneBinding06 ------------------.
  BoneListStartOffset           :  0 NULL ==> None
  Weight                        : 0.0
BoneBinding07 ------------------.
  BoneListStartOffset           :  0 NULL ==> None
  Weight                        : 0.0
Reserved                      : 0
ExtraData ----------------------. 
  DataBlockCount                : 0
  DataBlockStartOffset          : 0
  Pad0                          : ''
  Pad1                          : [ 0 ,  0 ]
--------------------------------------------------------------------------------
IGfVerts [ 133 / 212 ] (33684)
------------------------------.
Point --------------------------.
  X                             : -0.340816
  Y                             : 4.236689
  Z                             : -3.000000
  Weight                        : 1.000000
Normal -------------------------.
  X                             : 0.067141
  Y                             : -0.689566
  Z                             : -0.721091
  Weight                        : 1.000000
ValidUVsCount                 : 2
UV00 ---------------------------.
  U                             : 0.015760600566864014
  V                             : -2.471451759338379
UV01 ---------------------------.
  U                             : 0.015760600566864014
  V                             : -2.471451759338379
UV02 ---------------------------.
  U                             : 0.0
  V                             : 0.0
UV03 ---------------------------.
  U                             : 0.0
  V                             : 0.0
UV04 ---------------------------.
  U                             : 0.0
  V                             : 0.0
UV05 ---------------------------.
  U                             : 0.0
  V                             : 0.0
UV06 ---------------------------.
  U                             : 0.0
  V                             : 0.0
UV07 ---------------------------.
  U                             : 0.0
  V                             : 0.0
Color --------------------------.
    Red                           : 0.000000
    Green                         : 0.000000
    Blue                          : 0.000000
    Alpha                         : 1.000000
MaterialStartOffset           : 216
BoneCount                     : 2
BoneBinding00 ------------------.
  BoneListStartOffset           : 82372
  Weight                        : 0.2002973830288582
BoneBinding01 ------------------.
  BoneListStartOffset           : 82624
  Weight                        : 0.7997026169711418
BoneBinding02 ------------------.
  BoneListStartOffset           :  0 NULL ==> None
  Weight                        : 0.0
BoneBinding03 ------------------.
  BoneListStartOffset           :  0 NULL ==> None
  Weight                        : 0.0
BoneBinding04 ------------------.
  BoneListStartOffset           :  0 NULL ==> None
  Weight                        : 0.0
BoneBinding05 ------------------.
  BoneListStartOffset           :  0 NULL ==> None
  Weight                        : 0.0
BoneBinding06 ------------------.
  BoneListStartOffset           :  0 NULL ==> None
  Weight                        : 0.0
BoneBinding07 ------------------.
  BoneListStartOffset           :  0 NULL ==> None
  Weight                        : 0.0
Reserved                      : 0
ExtraData ----------------------. 
  DataBlockCount                : 0
  DataBlockStartOffset          : 0
  Pad0                          : ''
  Pad1                          : [ 0 ,  0 ]
--------------------------------------------------------------------------------
IGfVerts [ 134 / 212 ] (33924)
------------------------------.
Point --------------------------.
  X                             : -0.874336
  Y                             : 4.153304
  Z                             : -3.000000
  Weight                        : 1.000000
Normal -------------------------.
  X                             : 0.161718
  Y                             : -0.670522
  Z                             : -0.724021
  Weight                        : 1.000000
ValidUVsCount                 : 2
UV00 ---------------------------.
  U                             : 0.01580178737640381
  V                             : -2.3809890747070312
UV01 ---------------------------.
  U                             : 0.01580178737640381
  V                             : -2.3809890747070312
UV02 ---------------------------.
  U                             : 0.0
  V                             : 0.0
UV03 ---------------------------.
  U                             : 0.0
  V                             : 0.0
UV04 ---------------------------.
  U                             : 0.0
  V                             : 0.0
UV05 ---------------------------.
  U                             : 0.0
  V                             : 0.0
UV06 ---------------------------.
  U                             : 0.0
  V                             : 0.0
UV07 ---------------------------.
  U                             : 0.0
  V                             : 0.0
Color --------------------------.
    Red                           : 0.000000
    Green                         : 0.000000
    Blue                          : 0.000000
    Alpha                         : 1.000000
MaterialStartOffset           : 216
BoneCount                     : 2
BoneBinding00 ------------------.
  BoneListStartOffset           : 82372
  Weight                        : 0.21807782326063627
BoneBinding01 ------------------.
  BoneListStartOffset           : 82624
  Weight                        : 0.7819221767393637
BoneBinding02 ------------------.
  BoneListStartOffset           :  0 NULL ==> None
  Weight                        : 0.0
BoneBinding03 ------------------.
  BoneListStartOffset           :  0 NULL ==> None
  Weight                        : 0.0
BoneBinding04 ------------------.
  BoneListStartOffset           :  0 NULL ==> None
  Weight                        : 0.0
BoneBinding05 ------------------.
  BoneListStartOffset           :  0 NULL ==> None
  Weight                        : 0.0
BoneBinding06 ------------------.
  BoneListStartOffset           :  0 NULL ==> None
  Weight                        : 0.0
BoneBinding07 ------------------.
  BoneListStartOffset           :  0 NULL ==> None
  Weight                        : 0.0
Reserved                      : 0
ExtraData ----------------------. 
  DataBlockCount                : 0
  DataBlockStartOffset          : 0
  Pad0                          : ''
  Pad1                          : [ 0 ,  0 ]
--------------------------------------------------------------------------------
IGfVerts [ 135 / 212 ] (34164)
------------------------------.
Point --------------------------.
  X                             : -0.901869
  Y                             : 4.146886
  Z                             : 3.000000
  Weight                        : 1.000000
Normal -------------------------.
  X                             : 0.161992
  Y                             : -0.670370
  Z                             : 0.724082
  Weight                        : 1.000000
ValidUVsCount                 : 2
UV00 ---------------------------.
  U                             : 0.5183818340301514
  V                             : -2.377171516418457
UV01 ---------------------------.
  U                             : 0.5183818340301514
  V                             : -2.377171516418457
UV02 ---------------------------.
  U                             : 0.0
  V                             : 0.0
UV03 ---------------------------.
  U                             : 0.0
  V                             : 0.0
UV04 ---------------------------.
  U                             : 0.0
  V                             : 0.0
UV05 ---------------------------.
  U                             : 0.0
  V                             : 0.0
UV06 ---------------------------.
  U                             : 0.0
  V                             : 0.0
UV07 ---------------------------.
  U                             : 0.0
  V                             : 0.0
Color --------------------------.
    Red                           : 0.000000
    Green                         : 0.000000
    Blue                          : 0.000000
    Alpha                         : 1.000000
MaterialStartOffset           : 216
BoneCount                     : 2
BoneBinding00 ------------------.
  BoneListStartOffset           : 82372
  Weight                        : 0.21955740794833564
BoneBinding01 ------------------.
  BoneListStartOffset           : 82624
  Weight                        : 0.7804425920516643
BoneBinding02 ------------------.
  BoneListStartOffset           :  0 NULL ==> None
  Weight                        : 0.0
BoneBinding03 ------------------.
  BoneListStartOffset           :  0 NULL ==> None
  Weight                        : 0.0
BoneBinding04 ------------------.
  BoneListStartOffset           :  0 NULL ==> None
  Weight                        : 0.0
BoneBinding05 ------------------.
  BoneListStartOffset           :  0 NULL ==> None
  Weight                        : 0.0
BoneBinding06 ------------------.
  BoneListStartOffset           :  0 NULL ==> None
  Weight                        : 0.0
BoneBinding07 ------------------.
  BoneListStartOffset           :  0 NULL ==> None
  Weight                        : 0.0
Reserved                      : 0
ExtraData ----------------------. 
  DataBlockCount                : 0
  DataBlockStartOffset          : 0
  Pad0                          : ''
  Pad1                          : [ 0 ,  0 ]
--------------------------------------------------------------------------------
IGfVerts [ 136 / 212 ] (34404)
------------------------------.
Point --------------------------.
  X                             : -0.484355
  Y                             : 4.219506
  Z                             : 3.000000
  Weight                        : 1.000000
Normal -------------------------.
  X                             : 0.081851
  Y                             : -0.690817
  Z                             : 0.718345
  Weight                        : 1.000000
ValidUVsCount                 : 2
UV00 ---------------------------.
  U                             : 0.5183495283126831
  V                             : -2.4481687545776367
UV01 ---------------------------.
  U                             : 0.5183495283126831
  V                             : -2.4481687545776367
UV02 ---------------------------.
  U                             : 0.0
  V                             : 0.0
UV03 ---------------------------.
  U                             : 0.0
  V                             : 0.0
UV04 ---------------------------.
  U                             : 0.0
  V                             : 0.0
UV05 ---------------------------.
  U                             : 0.0
  V                             : 0.0
UV06 ---------------------------.
  U                             : 0.0
  V                             : 0.0
UV07 ---------------------------.
  U                             : 0.0
  V                             : 0.0
Color --------------------------.
    Red                           : 0.000000
    Green                         : 0.000000
    Blue                          : 0.000000
    Alpha                         : 1.000000
MaterialStartOffset           : 216
BoneCount                     : 2
BoneBinding00 ------------------.
  BoneListStartOffset           : 82372
  Weight                        : 0.2036840837116801
BoneBinding01 ------------------.
  BoneListStartOffset           : 82624
  Weight                        : 0.7963159162883199
BoneBinding02 ------------------.
  BoneListStartOffset           :  0 NULL ==> None
  Weight                        : 0.0
BoneBinding03 ------------------.
  BoneListStartOffset           :  0 NULL ==> None
  Weight                        : 0.0
BoneBinding04 ------------------.
  BoneListStartOffset           :  0 NULL ==> None
  Weight                        : 0.0
BoneBinding05 ------------------.
  BoneListStartOffset           :  0 NULL ==> None
  Weight                        : 0.0
BoneBinding06 ------------------.
  BoneListStartOffset           :  0 NULL ==> None
  Weight                        : 0.0
BoneBinding07 ------------------.
  BoneListStartOffset           :  0 NULL ==> None
  Weight                        : 0.0
Reserved                      : 0
ExtraData ----------------------. 
  DataBlockCount                : 0
  DataBlockStartOffset          : 0
  Pad0                          : ''
  Pad1                          : [ 0 ,  0 ]
--------------------------------------------------------------------------------
IGfVerts [ 137 / 212 ] (34644)
------------------------------.
Point --------------------------.
  X                             : 2.037349
  Y                             : 3.797111
  Z                             : -3.000000
  Weight                        : 1.000000
Normal -------------------------.
  X                             : -0.529527
  Y                             : -0.281655
  Z                             : -0.800134
  Weight                        : 1.000000
ValidUVsCount                 : 2
UV00 ---------------------------.
  U                             : 0.01557016372680664
  V                             : -2.887221336364746
UV01 ---------------------------.
  U                             : 0.01557016372680664
  V                             : -2.887221336364746
UV02 ---------------------------.
  U                             : 0.0
  V                             : 0.0
UV03 ---------------------------.
  U                             : 0.0
  V                             : 0.0
UV04 ---------------------------.
  U                             : 0.0
  V                             : 0.0
UV05 ---------------------------.
  U                             : 0.0
  V                             : 0.0
UV06 ---------------------------.
  U                             : 0.0
  V                             : 0.0
UV07 ---------------------------.
  U                             : 0.0
  V                             : 0.0
Color --------------------------.
    Red                           : 0.000000
    Green                         : 0.000000
    Blue                          : 0.000000
    Alpha                         : 1.000000
MaterialStartOffset           : 216
BoneCount                     : 2
BoneBinding00 ------------------.
  BoneListStartOffset           : 82372
  Weight                        : 0.33101058350451384
BoneBinding01 ------------------.
  BoneListStartOffset           : 82624
  Weight                        : 0.6689894164954862
BoneBinding02 ------------------.
  BoneListStartOffset           :  0 NULL ==> None
  Weight                        : 0.0
BoneBinding03 ------------------.
  BoneListStartOffset           :  0 NULL ==> None
  Weight                        : 0.0
BoneBinding04 ------------------.
  BoneListStartOffset           :  0 NULL ==> None
  Weight                        : 0.0
BoneBinding05 ------------------.
  BoneListStartOffset           :  0 NULL ==> None
  Weight                        : 0.0
BoneBinding06 ------------------.
  BoneListStartOffset           :  0 NULL ==> None
  Weight                        : 0.0
BoneBinding07 ------------------.
  BoneListStartOffset           :  0 NULL ==> None
  Weight                        : 0.0
Reserved                      : 0
ExtraData ----------------------. 
  DataBlockCount                : 0
  DataBlockStartOffset          : 0
  Pad0                          : ''
  Pad1                          : [ 0 ,  0 ]
--------------------------------------------------------------------------------
IGfVerts [ 138 / 212 ] (34884)
------------------------------.
Point --------------------------.
  X                             : 1.905183
  Y                             : 3.927194
  Z                             : 3.000000
  Weight                        : 1.000000
Normal -------------------------.
  X                             : -0.392529
  Y                             : -0.536576
  Z                             : 0.746971
  Weight                        : 1.000000
ValidUVsCount                 : 2
UV00 ---------------------------.
  U                             : 0.518163800239563
  V                             : -2.857198715209961
UV01 ---------------------------.
  U                             : 0.518163800239563
  V                             : -2.857198715209961
UV02 ---------------------------.
  U                             : 0.0
  V                             : 0.0
UV03 ---------------------------.
  U                             : 0.0
  V                             : 0.0
UV04 ---------------------------.
  U                             : 0.0
  V                             : 0.0
UV05 ---------------------------.
  U                             : 0.0
  V                             : 0.0
UV06 ---------------------------.
  U                             : 0.0
  V                             : 0.0
UV07 ---------------------------.
  U                             : 0.0
  V                             : 0.0
Color --------------------------.
    Red                           : 0.000000
    Green                         : 0.000000
    Blue                          : 0.000000
    Alpha                         : 1.000000
MaterialStartOffset           : 216
BoneCount                     : 2
BoneBinding00 ------------------.
  BoneListStartOffset           : 82372
  Weight                        : 0.2938832819381536
BoneBinding01 ------------------.
  BoneListStartOffset           : 82624
  Weight                        : 0.7061167180618464
BoneBinding02 ------------------.
  BoneListStartOffset           :  0 NULL ==> None
  Weight                        : 0.0
BoneBinding03 ------------------.
  BoneListStartOffset           :  0 NULL ==> None
  Weight                        : 0.0
BoneBinding04 ------------------.
  BoneListStartOffset           :  0 NULL ==> None
  Weight                        : 0.0
BoneBinding05 ------------------.
  BoneListStartOffset           :  0 NULL ==> None
  Weight                        : 0.0
BoneBinding06 ------------------.
  BoneListStartOffset           :  0 NULL ==> None
  Weight                        : 0.0
BoneBinding07 ------------------.
  BoneListStartOffset           :  0 NULL ==> None
  Weight                        : 0.0
Reserved                      : 0
ExtraData ----------------------. 
  DataBlockCount                : 0
  DataBlockStartOffset          : 0
  Pad0                          : ''
  Pad1                          : [ 0 ,  0 ]
--------------------------------------------------------------------------------
IGfVerts [ 139 / 212 ] (35124)
------------------------------.
Point --------------------------.
  X                             : 2.038950
  Y                             : 3.788952
  Z                             : 3.000000
  Weight                        : 1.000000
Normal -------------------------.
  X                             : -0.718642
  Y                             : -0.695380
  Z                             : -0.000754
  Weight                        : 1.000000
ValidUVsCount                 : 2
UV00 ---------------------------.
  U                             : 0.5181472897529602
  V                             : -2.8894248008728027
UV01 ---------------------------.
  U                             : 0.5181472897529602
  V                             : -2.8894248008728027
UV02 ---------------------------.
  U                             : 0.0
  V                             : 0.0
UV03 ---------------------------.
  U                             : 0.0
  V                             : 0.0
UV04 ---------------------------.
  U                             : 0.0
  V                             : 0.0
UV05 ---------------------------.
  U                             : 0.0
  V                             : 0.0
UV06 ---------------------------.
  U                             : 0.0
  V                             : 0.0
UV07 ---------------------------.
  U                             : 0.0
  V                             : 0.0
Color --------------------------.
    Red                           : 0.000000
    Green                         : 0.000000
    Blue                          : 0.000000
    Alpha                         : 1.000000
MaterialStartOffset           : 216
BoneCount                     : 2
BoneBinding00 ------------------.
  BoneListStartOffset           : 82372
  Weight                        : 0.3332855764487857
BoneBinding01 ------------------.
  BoneListStartOffset           : 82624
  Weight                        : 0.6667144235512142
BoneBinding02 ------------------.
  BoneListStartOffset           :  0 NULL ==> None
  Weight                        : 0.0
BoneBinding03 ------------------.
  BoneListStartOffset           :  0 NULL ==> None
  Weight                        : 0.0
BoneBinding04 ------------------.
  BoneListStartOffset           :  0 NULL ==> None
  Weight                        : 0.0
BoneBinding05 ------------------.
  BoneListStartOffset           :  0 NULL ==> None
  Weight                        : 0.0
BoneBinding06 ------------------.
  BoneListStartOffset           :  0 NULL ==> None
  Weight                        : 0.0
BoneBinding07 ------------------.
  BoneListStartOffset           :  0 NULL ==> None
  Weight                        : 0.0
Reserved                      : 0
ExtraData ----------------------. 
  DataBlockCount                : 0
  DataBlockStartOffset          : 0
  Pad0                          : ''
  Pad1                          : [ 0 ,  0 ]
--------------------------------------------------------------------------------
IGfVerts [ 140 / 212 ] (35364)
------------------------------.
Point --------------------------.
  X                             : 1.820570
  Y                             : 3.981694
  Z                             : -3.000000
  Weight                        : 1.000000
Normal -------------------------.
  X                             : -0.327738
  Y                             : -0.573748
  Z                             : -0.750572
  Weight                        : 1.000000
ValidUVsCount                 : 2
UV00 ---------------------------.
  U                             : 0.015592813491821289
  V                             : -2.8395233154296875
UV01 ---------------------------.
  U                             : 0.015592813491821289
  V                             : -2.8395233154296875
UV02 ---------------------------.
  U                             : 0.0
  V                             : 0.0
UV03 ---------------------------.
  U                             : 0.0
  V                             : 0.0
UV04 ---------------------------.
  U                             : 0.0
  V                             : 0.0
UV05 ---------------------------.
  U                             : 0.0
  V                             : 0.0
UV06 ---------------------------.
  U                             : 0.0
  V                             : 0.0
UV07 ---------------------------.
  U                             : 0.0
  V                             : 0.0
Color --------------------------.
    Red                           : 0.000000
    Green                         : 0.000000
    Blue                          : 0.000000
    Alpha                         : 1.000000
MaterialStartOffset           : 216
BoneCount                     : 2
BoneBinding00 ------------------.
  BoneListStartOffset           : 82372
  Weight                        : 0.27832921030200924
BoneBinding01 ------------------.
  BoneListStartOffset           : 82624
  Weight                        : 0.7216707896979907
BoneBinding02 ------------------.
  BoneListStartOffset           :  0 NULL ==> None
  Weight                        : 0.0
BoneBinding03 ------------------.
  BoneListStartOffset           :  0 NULL ==> None
  Weight                        : 0.0
BoneBinding04 ------------------.
  BoneListStartOffset           :  0 NULL ==> None
  Weight                        : 0.0
BoneBinding05 ------------------.
  BoneListStartOffset           :  0 NULL ==> None
  Weight                        : 0.0
BoneBinding06 ------------------.
  BoneListStartOffset           :  0 NULL ==> None
  Weight                        : 0.0
BoneBinding07 ------------------.
  BoneListStartOffset           :  0 NULL ==> None
  Weight                        : 0.0
Reserved                      : 0
ExtraData ----------------------. 
  DataBlockCount                : 0
  DataBlockStartOffset          : 0
  Pad0                          : ''
  Pad1                          : [ 0 ,  0 ]
--------------------------------------------------------------------------------
IGfVerts [ 141 / 212 ] (35604)
------------------------------.
Point --------------------------.
  X                             : 1.655576
  Y                             : 4.051045
  Z                             : 3.000000
  Weight                        : 1.000000
Normal -------------------------.
  X                             : -0.250313
  Y                             : -0.639576
  Z                             : 0.726798
  Weight                        : 1.000000
ValidUVsCount                 : 2
UV00 ---------------------------.
  U                             : 0.5181852579116821
  V                             : -2.810518741607666
UV01 ---------------------------.
  U                             : 0.5181852579116821
  V                             : -2.810518741607666
UV02 ---------------------------.
  U                             : 0.0
  V                             : 0.0
UV03 ---------------------------.
  U                             : 0.0
  V                             : 0.0
UV04 ---------------------------.
  U                             : 0.0
  V                             : 0.0
UV05 ---------------------------.
  U                             : 0.0
  V                             : 0.0
UV06 ---------------------------.
  U                             : 0.0
  V                             : 0.0
UV07 ---------------------------.
  U                             : 0.0
  V                             : 0.0
Color --------------------------.
    Red                           : 0.000000
    Green                         : 0.000000
    Blue                          : 0.000000
    Alpha                         : 1.000000
MaterialStartOffset           : 216
BoneCount                     : 2
BoneBinding00 ------------------.
  BoneListStartOffset           : 82372
  Weight                        : 0.258519354467905
BoneBinding01 ------------------.
  BoneListStartOffset           : 82624
  Weight                        : 0.7414806455320949
BoneBinding02 ------------------.
  BoneListStartOffset           :  0 NULL ==> None
  Weight                        : 0.0
BoneBinding03 ------------------.
  BoneListStartOffset           :  0 NULL ==> None
  Weight                        : 0.0
BoneBinding04 ------------------.
  BoneListStartOffset           :  0 NULL ==> None
  Weight                        : 0.0
BoneBinding05 ------------------.
  BoneListStartOffset           :  0 NULL ==> None
  Weight                        : 0.0
BoneBinding06 ------------------.
  BoneListStartOffset           :  0 NULL ==> None
  Weight                        : 0.0
BoneBinding07 ------------------.
  BoneListStartOffset           :  0 NULL ==> None
  Weight                        : 0.0
Reserved                      : 0
ExtraData ----------------------. 
  DataBlockCount                : 0
  DataBlockStartOffset          : 0
  Pad0                          : ''
  Pad1                          : [ 0 ,  0 ]
--------------------------------------------------------------------------------
IGfVerts [ 142 / 212 ] (35844)
------------------------------.
Point --------------------------.
  X                             : 1.327089
  Y                             : 4.152267
  Z                             : -3.000000
  Weight                        : 1.000000
Normal -------------------------.
  X                             : -0.164098
  Y                             : -0.665914
  Z                             : -0.727744
  Weight                        : 1.000000
ValidUVsCount                 : 2
UV00 ---------------------------.
  U                             : 0.015632688999176025
  V                             : -2.7520527839660645
UV01 ---------------------------.
  U                             : 0.015632688999176025
  V                             : -2.7520527839660645
UV02 ---------------------------.
  U                             : 0.0
  V                             : 0.0
UV03 ---------------------------.
  U                             : 0.0
  V                             : 0.0
UV04 ---------------------------.
  U                             : 0.0
  V                             : 0.0
UV05 ---------------------------.
  U                             : 0.0
  V                             : 0.0
UV06 ---------------------------.
  U                             : 0.0
  V                             : 0.0
UV07 ---------------------------.
  U                             : 0.0
  V                             : 0.0
Color --------------------------.
    Red                           : 0.000000
    Green                         : 0.000000
    Blue                          : 0.000000
    Alpha                         : 1.000000
MaterialStartOffset           : 216
BoneCount                     : 2
BoneBinding00 ------------------.
  BoneListStartOffset           : 82372
  Weight                        : 0.22996185969889474
BoneBinding01 ------------------.
  BoneListStartOffset           : 82624
  Weight                        : 0.7700381403011053
BoneBinding02 ------------------.
  BoneListStartOffset           :  0 NULL ==> None
  Weight                        : 0.0
BoneBinding03 ------------------.
  BoneListStartOffset           :  0 NULL ==> None
  Weight                        : 0.0
BoneBinding04 ------------------.
  BoneListStartOffset           :  0 NULL ==> None
  Weight                        : 0.0
BoneBinding05 ------------------.
  BoneListStartOffset           :  0 NULL ==> None
  Weight                        : 0.0
BoneBinding06 ------------------.
  BoneListStartOffset           :  0 NULL ==> None
  Weight                        : 0.0
BoneBinding07 ------------------.
  BoneListStartOffset           :  0 NULL ==> None
  Weight                        : 0.0
Reserved                      : 0
ExtraData ----------------------. 
  DataBlockCount                : 0
  DataBlockStartOffset          : 0
  Pad0                          : ''
  Pad1                          : [ 0 ,  0 ]
--------------------------------------------------------------------------------
IGfVerts [ 143 / 212 ] (36084)
------------------------------.
Point --------------------------.
  X                             : 1.297250
  Y                             : 4.156508
  Z                             : 3.000000
  Weight                        : 1.000000
Normal -------------------------.
  X                             : -0.149083
  Y                             : -0.674825
  Z                             : 0.722709
  Weight                        : 1.000000
ValidUVsCount                 : 2
UV00 ---------------------------.
  U                             : 0.5182130336761475
  V                             : -2.74794340133667
UV01 ---------------------------.
  U                             : 0.5182130336761475
  V                             : -2.74794340133667
UV02 ---------------------------.
  U                             : 0.0
  V                             : 0.0
UV03 ---------------------------.
  U                             : 0.0
  V                             : 0.0
UV04 ---------------------------.
  U                             : 0.0
  V                             : 0.0
UV05 ---------------------------.
  U                             : 0.0
  V                             : 0.0
UV06 ---------------------------.
  U                             : 0.0
  V                             : 0.0
UV07 ---------------------------.
  U                             : 0.0
  V                             : 0.0
Color --------------------------.
    Red                           : 0.000000
    Green                         : 0.000000
    Blue                          : 0.000000
    Alpha                         : 1.000000
MaterialStartOffset           : 216
BoneCount                     : 2
BoneBinding00 ------------------.
  BoneListStartOffset           : 82372
  Weight                        : 0.22873216019626794
BoneBinding01 ------------------.
  BoneListStartOffset           : 82624
  Weight                        : 0.771267839803732
BoneBinding02 ------------------.
  BoneListStartOffset           :  0 NULL ==> None
  Weight                        : 0.0
BoneBinding03 ------------------.
  BoneListStartOffset           :  0 NULL ==> None
  Weight                        : 0.0
BoneBinding04 ------------------.
  BoneListStartOffset           :  0 NULL ==> None
  Weight                        : 0.0
BoneBinding05 ------------------.
  BoneListStartOffset           :  0 NULL ==> None
  Weight                        : 0.0
BoneBinding06 ------------------.
  BoneListStartOffset           :  0 NULL ==> None
  Weight                        : 0.0
BoneBinding07 ------------------.
  BoneListStartOffset           :  0 NULL ==> None
  Weight                        : 0.0
Reserved                      : 0
ExtraData ----------------------. 
  DataBlockCount                : 0
  DataBlockStartOffset          : 0
  Pad0                          : ''
  Pad1                          : [ 0 ,  0 ]
--------------------------------------------------------------------------------
IGfVerts [ 144 / 212 ] (36324)
------------------------------.
Point --------------------------.
  X                             : 0.719684
  Y                             : 4.243232
  Z                             : 3.000000
  Weight                        : 1.000000
Normal -------------------------.
  X                             : -0.057131
  Y                             : -0.689291
  Z                             : 0.722190
  Weight                        : 1.000000
ValidUVsCount                 : 2
UV00 ---------------------------.
  U                             : 0.5182587504386902
  V                             : -2.6501007080078125
UV01 ---------------------------.
  U                             : 0.5182587504386902
  V                             : -2.6501007080078125
UV02 ---------------------------.
  U                             : 0.0
  V                             : 0.0
UV03 ---------------------------.
  U                             : 0.0
  V                             : 0.0
UV04 ---------------------------.
  U                             : 0.0
  V                             : 0.0
UV05 ---------------------------.
  U                             : 0.0
  V                             : 0.0
UV06 ---------------------------.
  U                             : 0.0
  V                             : 0.0
UV07 ---------------------------.
  U                             : 0.0
  V                             : 0.0
Color --------------------------.
    Red                           : 0.000000
    Green                         : 0.000000
    Blue                          : 0.000000
    Alpha                         : 1.000000
MaterialStartOffset           : 216
BoneCount                     : 2
BoneBinding00 ------------------.
  BoneListStartOffset           : 82372
  Weight                        : 0.20409727095043118
BoneBinding01 ------------------.
  BoneListStartOffset           : 82624
  Weight                        : 0.7959027290495688
BoneBinding02 ------------------.
  BoneListStartOffset           :  0 NULL ==> None
  Weight                        : 0.0
BoneBinding03 ------------------.
  BoneListStartOffset           :  0 NULL ==> None
  Weight                        : 0.0
BoneBinding04 ------------------.
  BoneListStartOffset           :  0 NULL ==> None
  Weight                        : 0.0
BoneBinding05 ------------------.
  BoneListStartOffset           :  0 NULL ==> None
  Weight                        : 0.0
BoneBinding06 ------------------.
  BoneListStartOffset           :  0 NULL ==> None
  Weight                        : 0.0
BoneBinding07 ------------------.
  BoneListStartOffset           :  0 NULL ==> None
  Weight                        : 0.0
Reserved                      : 0
ExtraData ----------------------. 
  DataBlockCount                : 0
  DataBlockStartOffset          : 0
  Pad0                          : ''
  Pad1                          : [ 0 ,  0 ]
--------------------------------------------------------------------------------
IGfVerts [ 145 / 212 ] (36564)
------------------------------.
Point --------------------------.
  X                             : 0.313211
  Y                             : 4.257320
  Z                             : -3.000000
  Weight                        : 1.000000
Normal -------------------------.
  X                             : -0.006653
  Y                             : -0.697958
  Z                             : -0.716086
  Weight                        : 1.000000
ValidUVsCount                 : 2
UV00 ---------------------------.
  U                             : 0.01571112871170044
  V                             : -2.581073760986328
UV01 ---------------------------.
  U                             : 0.01571112871170044
  V                             : -2.581073760986328
UV02 ---------------------------.
  U                             : 0.0
  V                             : 0.0
UV03 ---------------------------.
  U                             : 0.0
  V                             : 0.0
UV04 ---------------------------.
  U                             : 0.0
  V                             : 0.0
UV05 ---------------------------.
  U                             : 0.0
  V                             : 0.0
UV06 ---------------------------.
  U                             : 0.0
  V                             : 0.0
UV07 ---------------------------.
  U                             : 0.0
  V                             : 0.0
Color --------------------------.
    Red                           : 0.000000
    Green                         : 0.000000
    Blue                          : 0.000000
    Alpha                         : 1.000000
MaterialStartOffset           : 216
BoneCount                     : 2
BoneBinding00 ------------------.
  BoneListStartOffset           : 82372
  Weight                        : 0.19867753687399406
BoneBinding01 ------------------.
  BoneListStartOffset           : 82624
  Weight                        : 0.801322463126006
BoneBinding02 ------------------.
  BoneListStartOffset           :  0 NULL ==> None
  Weight                        : 0.0
BoneBinding03 ------------------.
  BoneListStartOffset           :  0 NULL ==> None
  Weight                        : 0.0
BoneBinding04 ------------------.
  BoneListStartOffset           :  0 NULL ==> None
  Weight                        : 0.0
BoneBinding05 ------------------.
  BoneListStartOffset           :  0 NULL ==> None
  Weight                        : 0.0
BoneBinding06 ------------------.
  BoneListStartOffset           :  0 NULL ==> None
  Weight                        : 0.0
BoneBinding07 ------------------.
  BoneListStartOffset           :  0 NULL ==> None
  Weight                        : 0.0
Reserved                      : 0
ExtraData ----------------------. 
  DataBlockCount                : 0
  DataBlockStartOffset          : 0
  Pad0                          : ''
  Pad1                          : [ 0 ,  0 ]
--------------------------------------------------------------------------------
IGfVerts [ 146 / 212 ] (36804)
------------------------------.
Point --------------------------.
  X                             : 0.000566
  Y                             : 4.254452
  Z                             : 3.000000
  Weight                        : 1.000000
Normal -------------------------.
  X                             : 0.019654
  Y                             : -0.697104
  Z                             : 0.716666
  Weight                        : 1.000000
ValidUVsCount                 : 2
UV00 ---------------------------.
  U                             : 0.5183125734329224
  V                             : -2.529615879058838
UV01 ---------------------------.
  U                             : 0.5183125734329224
  V                             : -2.529615879058838
UV02 ---------------------------.
  U                             : 0.0
  V                             : 0.0
UV03 ---------------------------.
  U                             : 0.0
  V                             : 0.0
UV04 ---------------------------.
  U                             : 0.0
  V                             : 0.0
UV05 ---------------------------.
  U                             : 0.0
  V                             : 0.0
UV06 ---------------------------.
  U                             : 0.0
  V                             : 0.0
UV07 ---------------------------.
  U                             : 0.0
  V                             : 0.0
Color --------------------------.
    Red                           : 0.000000
    Green                         : 0.000000
    Blue                          : 0.000000
    Alpha                         : 1.000000
MaterialStartOffset           : 216
BoneCount                     : 2
BoneBinding00 ------------------.
  BoneListStartOffset           : 82372
  Weight                        : 0.19777111782330287
BoneBinding01 ------------------.
  BoneListStartOffset           : 82624
  Weight                        : 0.8022288821766972
BoneBinding02 ------------------.
  BoneListStartOffset           :  0 NULL ==> None
  Weight                        : 0.0
BoneBinding03 ------------------.
  BoneListStartOffset           :  0 NULL ==> None
  Weight                        : 0.0
BoneBinding04 ------------------.
  BoneListStartOffset           :  0 NULL ==> None
  Weight                        : 0.0
BoneBinding05 ------------------.
  BoneListStartOffset           :  0 NULL ==> None
  Weight                        : 0.0
BoneBinding06 ------------------.
  BoneListStartOffset           :  0 NULL ==> None
  Weight                        : 0.0
BoneBinding07 ------------------.
  BoneListStartOffset           :  0 NULL ==> None
  Weight                        : 0.0
Reserved                      : 0
ExtraData ----------------------. 
  DataBlockCount                : 0
  DataBlockStartOffset          : 0
  Pad0                          : ''
  Pad1                          : [ 0 ,  0 ]
--------------------------------------------------------------------------------
IGfVerts [ 147 / 212 ] (37044)
------------------------------.
Point --------------------------.
  X                             : -1.271177
  Y                             : 4.029582
  Z                             : -3.000000
  Weight                        : 1.000000
Normal -------------------------.
  X                             : 0.296457
  Y                             : -0.600604
  Z                             : -0.742515
  Weight                        : 1.000000
ValidUVsCount                 : 2
UV00 ---------------------------.
  U                             : 0.015833258628845215
  V                             : -2.3113512992858887
UV01 ---------------------------.
  U                             : 0.015833258628845215
  V                             : -2.3113512992858887
UV02 ---------------------------.
  U                             : 0.0
  V                             : 0.0
UV03 ---------------------------.
  U                             : 0.0
  V                             : 0.0
UV04 ---------------------------.
  U                             : 0.0
  V                             : 0.0
UV05 ---------------------------.
  U                             : 0.0
  V                             : 0.0
UV06 ---------------------------.
  U                             : 0.0
  V                             : 0.0
UV07 ---------------------------.
  U                             : 0.0
  V                             : 0.0
Color --------------------------.
    Red                           : 0.000000
    Green                         : 0.000000
    Blue                          : 0.000000
    Alpha                         : 1.000000
MaterialStartOffset           : 216
BoneCount                     : 2
BoneBinding00 ------------------.
  BoneListStartOffset           : 82372
  Weight                        : 0.2480859976960821
BoneBinding01 ------------------.
  BoneListStartOffset           : 82624
  Weight                        : 0.7519140023039179
BoneBinding02 ------------------.
  BoneListStartOffset           :  0 NULL ==> None
  Weight                        : 0.0
BoneBinding03 ------------------.
  BoneListStartOffset           :  0 NULL ==> None
  Weight                        : 0.0
BoneBinding04 ------------------.
  BoneListStartOffset           :  0 NULL ==> None
  Weight                        : 0.0
BoneBinding05 ------------------.
  BoneListStartOffset           :  0 NULL ==> None
  Weight                        : 0.0
BoneBinding06 ------------------.
  BoneListStartOffset           :  0 NULL ==> None
  Weight                        : 0.0
BoneBinding07 ------------------.
  BoneListStartOffset           :  0 NULL ==> None
  Weight                        : 0.0
Reserved                      : 0
ExtraData ----------------------. 
  DataBlockCount                : 0
  DataBlockStartOffset          : 0
  Pad0                          : ''
  Pad1                          : [ 0 ,  0 ]
--------------------------------------------------------------------------------
IGfVerts [ 148 / 212 ] (37284)
------------------------------.
Point --------------------------.
  X                             : -1.318660
  Y                             : 4.008910
  Z                             : 3.000000
  Weight                        : 1.000000
Normal -------------------------.
  X                             : 0.310709
  Y                             : -0.587023
  Z                             : 0.747520
  Weight                        : 1.000000
ValidUVsCount                 : 2
UV00 ---------------------------.
  U                             : 0.518415093421936
  V                             : -2.3036208152770996
UV01 ---------------------------.
  U                             : 0.518415093421936
  V                             : -2.3036208152770996
UV02 ---------------------------.
  U                             : 0.0
  V                             : 0.0
UV03 ---------------------------.
  U                             : 0.0
  V                             : 0.0
UV04 ---------------------------.
  U                             : 0.0
  V                             : 0.0
UV05 ---------------------------.
  U                             : 0.0
  V                             : 0.0
UV06 ---------------------------.
  U                             : 0.0
  V                             : 0.0
UV07 ---------------------------.
  U                             : 0.0
  V                             : 0.0
Color --------------------------.
    Red                           : 0.000000
    Green                         : 0.000000
    Blue                          : 0.000000
    Alpha                         : 1.000000
MaterialStartOffset           : 216
BoneCount                     : 2
BoneBinding00 ------------------.
  BoneListStartOffset           : 82372
  Weight                        : 0.2534268627072411
BoneBinding01 ------------------.
  BoneListStartOffset           : 82624
  Weight                        : 0.746573137292759
BoneBinding02 ------------------.
  BoneListStartOffset           :  0 NULL ==> None
  Weight                        : 0.0
BoneBinding03 ------------------.
  BoneListStartOffset           :  0 NULL ==> None
  Weight                        : 0.0
BoneBinding04 ------------------.
  BoneListStartOffset           :  0 NULL ==> None
  Weight                        : 0.0
BoneBinding05 ------------------.
  BoneListStartOffset           :  0 NULL ==> None
  Weight                        : 0.0
BoneBinding06 ------------------.
  BoneListStartOffset           :  0 NULL ==> None
  Weight                        : 0.0
BoneBinding07 ------------------.
  BoneListStartOffset           :  0 NULL ==> None
  Weight                        : 0.0
Reserved                      : 0
ExtraData ----------------------. 
  DataBlockCount                : 0
  DataBlockStartOffset          : 0
  Pad0                          : ''
  Pad1                          : [ 0 ,  0 ]
--------------------------------------------------------------------------------
IGfVerts [ 149 / 212 ] (37524)
------------------------------.
Point --------------------------.
  X                             : -1.652277
  Y                             : 3.764639
  Z                             : -3.000000
  Weight                        : 1.000000
Normal -------------------------.
  X                             : 0.481613
  Y                             : -0.436293
  Z                             : -0.760033
  Weight                        : 1.000000
ValidUVsCount                 : 2
UV00 ---------------------------.
  U                             : 0.015863478183746338
  V                             : -2.2335939407348633
UV01 ---------------------------.
  U                             : 0.015863478183746338
  V                             : -2.2335939407348633
UV02 ---------------------------.
  U                             : 0.0
  V                             : 0.0
UV03 ---------------------------.
  U                             : 0.0
  V                             : 0.0
UV04 ---------------------------.
  U                             : 0.0
  V                             : 0.0
UV05 ---------------------------.
  U                             : 0.0
  V                             : 0.0
UV06 ---------------------------.
  U                             : 0.0
  V                             : 0.0
UV07 ---------------------------.
  U                             : 0.0
  V                             : 0.0
Color --------------------------.
    Red                           : 0.000000
    Green                         : 0.000000
    Blue                          : 0.000000
    Alpha                         : 1.000000
MaterialStartOffset           : 216
BoneCount                     : 2
BoneBinding00 ------------------.
  BoneListStartOffset           : 82372
  Weight                        : 0.32015717148509615
BoneBinding01 ------------------.
  BoneListStartOffset           : 82624
  Weight                        : 0.6798428285149039
BoneBinding02 ------------------.
  BoneListStartOffset           :  0 NULL ==> None
  Weight                        : 0.0
BoneBinding03 ------------------.
  BoneListStartOffset           :  0 NULL ==> None
  Weight                        : 0.0
BoneBinding04 ------------------.
  BoneListStartOffset           :  0 NULL ==> None
  Weight                        : 0.0
BoneBinding05 ------------------.
  BoneListStartOffset           :  0 NULL ==> None
  Weight                        : 0.0
BoneBinding06 ------------------.
  BoneListStartOffset           :  0 NULL ==> None
  Weight                        : 0.0
BoneBinding07 ------------------.
  BoneListStartOffset           :  0 NULL ==> None
  Weight                        : 0.0
Reserved                      : 0
ExtraData ----------------------. 
  DataBlockCount                : 0
  DataBlockStartOffset          : 0
  Pad0                          : ''
  Pad1                          : [ 0 ,  0 ]
--------------------------------------------------------------------------------
IGfVerts [ 150 / 212 ] (37764)
------------------------------.
Point --------------------------.
  X                             : -1.817537
  Y                             : 3.476581
  Z                             : -3.000000
  Weight                        : 1.000000
Normal -------------------------.
  X                             : 0.873209
  Y                             : -0.487345
  Z                             : 0.000654
  Weight                        : 1.000000
ValidUVsCount                 : 2
UV00 ---------------------------.
  U                             : 0.015890300273895264
  V                             : -2.177959442138672
UV01 ---------------------------.
  U                             : 0.015890300273895264
  V                             : -2.177959442138672
UV02 ---------------------------.
  U                             : 0.0
  V                             : 0.0
UV03 ---------------------------.
  U                             : 0.0
  V                             : 0.0
UV04 ---------------------------.
  U                             : 0.0
  V                             : 0.0
UV05 ---------------------------.
  U                             : 0.0
  V                             : 0.0
UV06 ---------------------------.
  U                             : 0.0
  V                             : 0.0
UV07 ---------------------------.
  U                             : 0.0
  V                             : 0.0
Color --------------------------.
    Red                           : 0.000000
    Green                         : 0.000000
    Blue                          : 0.000000
    Alpha                         : 1.000000
MaterialStartOffset           : 216
BoneCount                     : 2
BoneBinding00 ------------------.
  BoneListStartOffset           : 82372
  Weight                        : 0.37417564588370406
BoneBinding01 ------------------.
  BoneListStartOffset           : 82624
  Weight                        : 0.6258243541162959
BoneBinding02 ------------------.
  BoneListStartOffset           :  0 NULL ==> None
  Weight                        : 0.0
BoneBinding03 ------------------.
  BoneListStartOffset           :  0 NULL ==> None
  Weight                        : 0.0
BoneBinding04 ------------------.
  BoneListStartOffset           :  0 NULL ==> None
  Weight                        : 0.0
BoneBinding05 ------------------.
  BoneListStartOffset           :  0 NULL ==> None
  Weight                        : 0.0
BoneBinding06 ------------------.
  BoneListStartOffset           :  0 NULL ==> None
  Weight                        : 0.0
BoneBinding07 ------------------.
  BoneListStartOffset           :  0 NULL ==> None
  Weight                        : 0.0
Reserved                      : 0
ExtraData ----------------------. 
  DataBlockCount                : 0
  DataBlockStartOffset          : 0
  Pad0                          : ''
  Pad1                          : [ 0 ,  0 ]
--------------------------------------------------------------------------------
IGfVerts [ 151 / 212 ] (38004)
------------------------------.
Point --------------------------.
  X                             : -1.817535
  Y                             : 3.476582
  Z                             : 3.000000
  Weight                        : 1.000000
Normal -------------------------.
  X                             : 0.873209
  Y                             : -0.487345
  Z                             : 0.000654
  Weight                        : 1.000000
ValidUVsCount                 : 2
UV00 ---------------------------.
  U                             : 0.5184682607650757
  V                             : -2.1789236068725586
UV01 ---------------------------.
  U                             : 0.5184682607650757
  V                             : -2.1789236068725586
UV02 ---------------------------.
  U                             : 0.0
  V                             : 0.0
UV03 ---------------------------.
  U                             : 0.0
  V                             : 0.0
UV04 ---------------------------.
  U                             : 0.0
  V                             : 0.0
UV05 ---------------------------.
  U                             : 0.0
  V                             : 0.0
UV06 ---------------------------.
  U                             : 0.0
  V                             : 0.0
UV07 ---------------------------.
  U                             : 0.0
  V                             : 0.0
Color --------------------------.
    Red                           : 0.000000
    Green                         : 0.000000
    Blue                          : 0.000000
    Alpha                         : 1.000000
MaterialStartOffset           : 216
BoneCount                     : 2
BoneBinding00 ------------------.
  BoneListStartOffset           : 82372
  Weight                        : 0.37417564588370406
BoneBinding01 ------------------.
  BoneListStartOffset           : 82624
  Weight                        : 0.6258243541162959
BoneBinding02 ------------------.
  BoneListStartOffset           :  0 NULL ==> None
  Weight                        : 0.0
BoneBinding03 ------------------.
  BoneListStartOffset           :  0 NULL ==> None
  Weight                        : 0.0
BoneBinding04 ------------------.
  BoneListStartOffset           :  0 NULL ==> None
  Weight                        : 0.0
BoneBinding05 ------------------.
  BoneListStartOffset           :  0 NULL ==> None
  Weight                        : 0.0
BoneBinding06 ------------------.
  BoneListStartOffset           :  0 NULL ==> None
  Weight                        : 0.0
BoneBinding07 ------------------.
  BoneListStartOffset           :  0 NULL ==> None
  Weight                        : 0.0
Reserved                      : 0
ExtraData ----------------------. 
  DataBlockCount                : 0
  DataBlockStartOffset          : 0
  Pad0                          : ''
  Pad1                          : [ 0 ,  0 ]
--------------------------------------------------------------------------------
IGfVerts [ 152 / 212 ] (38244)
------------------------------.
Point --------------------------.
  X                             : -1.684462
  Y                             : 3.723067
  Z                             : 3.000000
  Weight                        : 1.000000
Normal -------------------------.
  X                             : 0.498001
  Y                             : -0.425581
  Z                             : 0.755516
  Weight                        : 1.000000
ValidUVsCount                 : 2
UV00 ---------------------------.
  U                             : 0.5184457302093506
  V                             : -2.22584867477417
UV01 ---------------------------.
  U                             : 0.5184457302093506
  V                             : -2.22584867477417
UV02 ---------------------------.
  U                             : 0.0
  V                             : 0.0
UV03 ---------------------------.
  U                             : 0.0
  V                             : 0.0
UV04 ---------------------------.
  U                             : 0.0
  V                             : 0.0
UV05 ---------------------------.
  U                             : 0.0
  V                             : 0.0
UV06 ---------------------------.
  U                             : 0.0
  V                             : 0.0
UV07 ---------------------------.
  U                             : 0.0
  V                             : 0.0
Color --------------------------.
    Red                           : 0.000000
    Green                         : 0.000000
    Blue                          : 0.000000
    Alpha                         : 1.000000
MaterialStartOffset           : 216
BoneCount                     : 2
BoneBinding00 ------------------.
  BoneListStartOffset           : 82372
  Weight                        : 0.3319178745961503
BoneBinding01 ------------------.
  BoneListStartOffset           : 82624
  Weight                        : 0.6680821254038497
BoneBinding02 ------------------.
  BoneListStartOffset           :  0 NULL ==> None
  Weight                        : 0.0
BoneBinding03 ------------------.
  BoneListStartOffset           :  0 NULL ==> None
  Weight                        : 0.0
BoneBinding04 ------------------.
  BoneListStartOffset           :  0 NULL ==> None
  Weight                        : 0.0
BoneBinding05 ------------------.
  BoneListStartOffset           :  0 NULL ==> None
  Weight                        : 0.0
BoneBinding06 ------------------.
  BoneListStartOffset           :  0 NULL ==> None
  Weight                        : 0.0
BoneBinding07 ------------------.
  BoneListStartOffset           :  0 NULL ==> None
  Weight                        : 0.0
Reserved                      : 0
ExtraData ----------------------. 
  DataBlockCount                : 0
  DataBlockStartOffset          : 0
  Pad0                          : ''
  Pad1                          : [ 0 ,  0 ]
--------------------------------------------------------------------------------
IGfVerts [ 153 / 212 ] (38484)
------------------------------.
Point --------------------------.
  X                             : -1.817535
  Y                             : 3.476582
  Z                             : 3.000000
  Weight                        : 1.000000
Normal -------------------------.
  X                             : -0.026951
  Y                             : -0.999637
  Z                             : 0.000000
  Weight                        : 1.000000
ValidUVsCount                 : 2
UV00 ---------------------------.
  U                             : 0.5184682607650757
  V                             : -2.1789236068725586
UV01 ---------------------------.
  U                             : 0.5184682607650757
  V                             : -2.1789236068725586
UV02 ---------------------------.
  U                             : 0.0
  V                             : 0.0
UV03 ---------------------------.
  U                             : 0.0
  V                             : 0.0
UV04 ---------------------------.
  U                             : 0.0
  V                             : 0.0
UV05 ---------------------------.
  U                             : 0.0
  V                             : 0.0
UV06 ---------------------------.
  U                             : 0.0
  V                             : 0.0
UV07 ---------------------------.
  U                             : 0.0
  V                             : 0.0
Color --------------------------.
    Red                           : 0.000000
    Green                         : 0.000000
    Blue                          : 0.000000
    Alpha                         : 1.000000
MaterialStartOffset           : 216
BoneCount                     : 2
BoneBinding00 ------------------.
  BoneListStartOffset           : 82372
  Weight                        : 0.37417564588370406
BoneBinding01 ------------------.
  BoneListStartOffset           : 82624
  Weight                        : 0.6258243541162959
BoneBinding02 ------------------.
  BoneListStartOffset           :  0 NULL ==> None
  Weight                        : 0.0
BoneBinding03 ------------------.
  BoneListStartOffset           :  0 NULL ==> None
  Weight                        : 0.0
BoneBinding04 ------------------.
  BoneListStartOffset           :  0 NULL ==> None
  Weight                        : 0.0
BoneBinding05 ------------------.
  BoneListStartOffset           :  0 NULL ==> None
  Weight                        : 0.0
BoneBinding06 ------------------.
  BoneListStartOffset           :  0 NULL ==> None
  Weight                        : 0.0
BoneBinding07 ------------------.
  BoneListStartOffset           :  0 NULL ==> None
  Weight                        : 0.0
Reserved                      : 0
ExtraData ----------------------. 
  DataBlockCount                : 0
  DataBlockStartOffset          : 0
  Pad0                          : ''
  Pad1                          : [ 0 ,  0 ]
--------------------------------------------------------------------------------
IGfVerts [ 154 / 212 ] (38724)
------------------------------.
Point --------------------------.
  X                             : -1.817537
  Y                             : 3.476581
  Z                             : -3.000000
  Weight                        : 1.000000
Normal -------------------------.
  X                             : -0.026951
  Y                             : -0.999637
  Z                             : 0.000000
  Weight                        : 1.000000
ValidUVsCount                 : 2
UV00 ---------------------------.
  U                             : 0.015890300273895264
  V                             : -2.177959442138672
UV01 ---------------------------.
  U                             : 0.015890300273895264
  V                             : -2.177959442138672
UV02 ---------------------------.
  U                             : 0.0
  V                             : 0.0
UV03 ---------------------------.
  U                             : 0.0
  V                             : 0.0
UV04 ---------------------------.
  U                             : 0.0
  V                             : 0.0
UV05 ---------------------------.
  U                             : 0.0
  V                             : 0.0
UV06 ---------------------------.
  U                             : 0.0
  V                             : 0.0
UV07 ---------------------------.
  U                             : 0.0
  V                             : 0.0
Color --------------------------.
    Red                           : 0.000000
    Green                         : 0.000000
    Blue                          : 0.000000
    Alpha                         : 1.000000
MaterialStartOffset           : 216
BoneCount                     : 2
BoneBinding00 ------------------.
  BoneListStartOffset           : 82372
  Weight                        : 0.37417564588370406
BoneBinding01 ------------------.
  BoneListStartOffset           : 82624
  Weight                        : 0.6258243541162959
BoneBinding02 ------------------.
  BoneListStartOffset           :  0 NULL ==> None
  Weight                        : 0.0
BoneBinding03 ------------------.
  BoneListStartOffset           :  0 NULL ==> None
  Weight                        : 0.0
BoneBinding04 ------------------.
  BoneListStartOffset           :  0 NULL ==> None
  Weight                        : 0.0
BoneBinding05 ------------------.
  BoneListStartOffset           :  0 NULL ==> None
  Weight                        : 0.0
BoneBinding06 ------------------.
  BoneListStartOffset           :  0 NULL ==> None
  Weight                        : 0.0
BoneBinding07 ------------------.
  BoneListStartOffset           :  0 NULL ==> None
  Weight                        : 0.0
Reserved                      : 0
ExtraData ----------------------. 
  DataBlockCount                : 0
  DataBlockStartOffset          : 0
  Pad0                          : ''
  Pad1                          : [ 0 ,  0 ]
--------------------------------------------------------------------------------
IGfVerts [ 155 / 212 ] (38964)
------------------------------.
Point --------------------------.
  X                             : -6.116800
  Y                             : 3.592492
  Z                             : -3.000000
  Weight                        : 1.000000
Normal -------------------------.
  X                             : -0.026951
  Y                             : -0.999637
  Z                             : 0.000000
  Weight                        : 1.000000
ValidUVsCount                 : 2
UV00 ---------------------------.
  U                             : 0.016235798597335815
  V                             : -1.4574594497680664
UV01 ---------------------------.
  U                             : 0.016235798597335815
  V                             : -1.4574594497680664
UV02 ---------------------------.
  U                             : 0.0
  V                             : 0.0
UV03 ---------------------------.
  U                             : 0.0
  V                             : 0.0
UV04 ---------------------------.
  U                             : 0.0
  V                             : 0.0
UV05 ---------------------------.
  U                             : 0.0
  V                             : 0.0
UV06 ---------------------------.
  U                             : 0.0
  V                             : 0.0
UV07 ---------------------------.
  U                             : 0.0
  V                             : 0.0
Color --------------------------.
    Red                           : 0.000000
    Green                         : 0.000000
    Blue                          : 0.000000
    Alpha                         : 1.000000
MaterialStartOffset           : 216
BoneCount                     : 2
BoneBinding00 ------------------.
  BoneListStartOffset           : 82372
  Weight                        : 0.34592209777480265
BoneBinding01 ------------------.
  BoneListStartOffset           : 82624
  Weight                        : 0.6540779022251973
BoneBinding02 ------------------.
  BoneListStartOffset           :  0 NULL ==> None
  Weight                        : 0.0
BoneBinding03 ------------------.
  BoneListStartOffset           :  0 NULL ==> None
  Weight                        : 0.0
BoneBinding04 ------------------.
  BoneListStartOffset           :  0 NULL ==> None
  Weight                        : 0.0
BoneBinding05 ------------------.
  BoneListStartOffset           :  0 NULL ==> None
  Weight                        : 0.0
BoneBinding06 ------------------.
  BoneListStartOffset           :  0 NULL ==> None
  Weight                        : 0.0
BoneBinding07 ------------------.
  BoneListStartOffset           :  0 NULL ==> None
  Weight                        : 0.0
Reserved                      : 0
ExtraData ----------------------. 
  DataBlockCount                : 0
  DataBlockStartOffset          : 0
  Pad0                          : ''
  Pad1                          : [ 0 ,  0 ]
--------------------------------------------------------------------------------
IGfVerts [ 156 / 212 ] (39204)
------------------------------.
Point --------------------------.
  X                             : -6.116797
  Y                             : 3.592493
  Z                             : 3.000000
  Weight                        : 1.000000
Normal -------------------------.
  X                             : -0.026951
  Y                             : -0.999637
  Z                             : 0.000000
  Weight                        : 1.000000
ValidUVsCount                 : 2
UV00 ---------------------------.
  U                             : 0.5188133716583252
  V                             : -1.4584238529205322
UV01 ---------------------------.
  U                             : 0.5188133716583252
  V                             : -1.4584238529205322
UV02 ---------------------------.
  U                             : 0.0
  V                             : 0.0
UV03 ---------------------------.
  U                             : 0.0
  V                             : 0.0
UV04 ---------------------------.
  U                             : 0.0
  V                             : 0.0
UV05 ---------------------------.
  U                             : 0.0
  V                             : 0.0
UV06 ---------------------------.
  U                             : 0.0
  V                             : 0.0
UV07 ---------------------------.
  U                             : 0.0
  V                             : 0.0
Color --------------------------.
    Red                           : 0.000000
    Green                         : 0.000000
    Blue                          : 0.000000
    Alpha                         : 1.000000
MaterialStartOffset           : 216
BoneCount                     : 2
BoneBinding00 ------------------.
  BoneListStartOffset           : 82372
  Weight                        : 0.3459213774534236
BoneBinding01 ------------------.
  BoneListStartOffset           : 82624
  Weight                        : 0.6540786225465763
BoneBinding02 ------------------.
  BoneListStartOffset           :  0 NULL ==> None
  Weight                        : 0.0
BoneBinding03 ------------------.
  BoneListStartOffset           :  0 NULL ==> None
  Weight                        : 0.0
BoneBinding04 ------------------.
  BoneListStartOffset           :  0 NULL ==> None
  Weight                        : 0.0
BoneBinding05 ------------------.
  BoneListStartOffset           :  0 NULL ==> None
  Weight                        : 0.0
BoneBinding06 ------------------.
  BoneListStartOffset           :  0 NULL ==> None
  Weight                        : 0.0
BoneBinding07 ------------------.
  BoneListStartOffset           :  0 NULL ==> None
  Weight                        : 0.0
Reserved                      : 0
ExtraData ----------------------. 
  DataBlockCount                : 0
  DataBlockStartOffset          : 0
  Pad0                          : ''
  Pad1                          : [ 0 ,  0 ]
--------------------------------------------------------------------------------
IGfVerts [ 157 / 212 ] (39444)
------------------------------.
Point --------------------------.
  X                             : -6.116800
  Y                             : 3.592492
  Z                             : -3.000000
  Weight                        : 1.000000
Normal -------------------------.
  X                             : -0.888215
  Y                             : 0.459428
  Z                             : 0.000914
  Weight                        : 1.000000
ValidUVsCount                 : 2
UV00 ---------------------------.
  U                             : 0.016235798597335815
  V                             : -1.4574594497680664
UV01 ---------------------------.
  U                             : 0.016235798597335815
  V                             : -1.4574594497680664
UV02 ---------------------------.
  U                             : 0.0
  V                             : 0.0
UV03 ---------------------------.
  U                             : 0.0
  V                             : 0.0
UV04 ---------------------------.
  U                             : 0.0
  V                             : 0.0
UV05 ---------------------------.
  U                             : 0.0
  V                             : 0.0
UV06 ---------------------------.
  U                             : 0.0
  V                             : 0.0
UV07 ---------------------------.
  U                             : 0.0
  V                             : 0.0
Color --------------------------.
    Red                           : 0.000000
    Green                         : 0.000000
    Blue                          : 0.000000
    Alpha                         : 1.000000
MaterialStartOffset           : 216
BoneCount                     : 2
BoneBinding00 ------------------.
  BoneListStartOffset           : 82372
  Weight                        : 0.34592209777480265
BoneBinding01 ------------------.
  BoneListStartOffset           : 82624
  Weight                        : 0.6540779022251973
BoneBinding02 ------------------.
  BoneListStartOffset           :  0 NULL ==> None
  Weight                        : 0.0
BoneBinding03 ------------------.
  BoneListStartOffset           :  0 NULL ==> None
  Weight                        : 0.0
BoneBinding04 ------------------.
  BoneListStartOffset           :  0 NULL ==> None
  Weight                        : 0.0
BoneBinding05 ------------------.
  BoneListStartOffset           :  0 NULL ==> None
  Weight                        : 0.0
BoneBinding06 ------------------.
  BoneListStartOffset           :  0 NULL ==> None
  Weight                        : 0.0
BoneBinding07 ------------------.
  BoneListStartOffset           :  0 NULL ==> None
  Weight                        : 0.0
Reserved                      : 0
ExtraData ----------------------. 
  DataBlockCount                : 0
  DataBlockStartOffset          : 0
  Pad0                          : ''
  Pad1                          : [ 0 ,  0 ]
--------------------------------------------------------------------------------
IGfVerts [ 158 / 212 ] (39684)
------------------------------.
Point --------------------------.
  X                             : -6.001873
  Y                             : 3.826607
  Z                             : -3.000000
  Weight                        : 1.000000
Normal -------------------------.
  X                             : -0.609882
  Y                             : 0.405621
  Z                             : -0.680776
  Weight                        : 1.000000
ValidUVsCount                 : 2
UV00 ---------------------------.
  U                             : 0.016256868839263916
  V                             : -1.4137673377990723
UV01 ---------------------------.
  U                             : 0.016256868839263916
  V                             : -1.4137673377990723
UV02 ---------------------------.
  U                             : 0.0
  V                             : 0.0
UV03 ---------------------------.
  U                             : 0.0
  V                             : 0.0
UV04 ---------------------------.
  U                             : 0.0
  V                             : 0.0
UV05 ---------------------------.
  U                             : 0.0
  V                             : 0.0
UV06 ---------------------------.
  U                             : 0.0
  V                             : 0.0
UV07 ---------------------------.
  U                             : 0.0
  V                             : 0.0
Color --------------------------.
    Red                           : 0.000000
    Green                         : 0.000000
    Blue                          : 0.000000
    Alpha                         : 1.000000
MaterialStartOffset           : 216
BoneCount                     : 2
BoneBinding00 ------------------.
  BoneListStartOffset           : 82372
  Weight                        : 0.27809294190223294
BoneBinding01 ------------------.
  BoneListStartOffset           : 82624
  Weight                        : 0.721907058097767
BoneBinding02 ------------------.
  BoneListStartOffset           :  0 NULL ==> None
  Weight                        : 0.0
BoneBinding03 ------------------.
  BoneListStartOffset           :  0 NULL ==> None
  Weight                        : 0.0
BoneBinding04 ------------------.
  BoneListStartOffset           :  0 NULL ==> None
  Weight                        : 0.0
BoneBinding05 ------------------.
  BoneListStartOffset           :  0 NULL ==> None
  Weight                        : 0.0
BoneBinding06 ------------------.
  BoneListStartOffset           :  0 NULL ==> None
  Weight                        : 0.0
BoneBinding07 ------------------.
  BoneListStartOffset           :  0 NULL ==> None
  Weight                        : 0.0
Reserved                      : 0
ExtraData ----------------------. 
  DataBlockCount                : 0
  DataBlockStartOffset          : 0
  Pad0                          : ''
  Pad1                          : [ 0 ,  0 ]
--------------------------------------------------------------------------------
IGfVerts [ 159 / 212 ] (39924)
------------------------------.
Point --------------------------.
  X                             : -5.925895
  Y                             : 3.949639
  Z                             : 3.000000
  Weight                        : 1.000000
Normal -------------------------.
  X                             : -0.592395
  Y                             : 0.439711
  Z                             : 0.675039
  Weight                        : 1.000000
ValidUVsCount                 : 2
UV00 ---------------------------.
  U                             : 0.5188470482826233
  V                             : -1.3905830383300781
UV01 ---------------------------.
  U                             : 0.5188470482826233
  V                             : -1.3905830383300781
UV02 ---------------------------.
  U                             : 0.0
  V                             : 0.0
UV03 ---------------------------.
  U                             : 0.0
  V                             : 0.0
UV04 ---------------------------.
  U                             : 0.0
  V                             : 0.0
UV05 ---------------------------.
  U                             : 0.0
  V                             : 0.0
UV06 ---------------------------.
  U                             : 0.0
  V                             : 0.0
UV07 ---------------------------.
  U                             : 0.0
  V                             : 0.0
Color --------------------------.
    Red                           : 0.000000
    Green                         : 0.000000
    Blue                          : 0.000000
    Alpha                         : 1.000000
MaterialStartOffset           : 216
BoneCount                     : 2
BoneBinding00 ------------------.
  BoneListStartOffset           : 82372
  Weight                        : 0.24417737968625286
BoneBinding01 ------------------.
  BoneListStartOffset           : 82624
  Weight                        : 0.7558226203137471
BoneBinding02 ------------------.
  BoneListStartOffset           :  0 NULL ==> None
  Weight                        : 0.0
BoneBinding03 ------------------.
  BoneListStartOffset           :  0 NULL ==> None
  Weight                        : 0.0
BoneBinding04 ------------------.
  BoneListStartOffset           :  0 NULL ==> None
  Weight                        : 0.0
BoneBinding05 ------------------.
  BoneListStartOffset           :  0 NULL ==> None
  Weight                        : 0.0
BoneBinding06 ------------------.
  BoneListStartOffset           :  0 NULL ==> None
  Weight                        : 0.0
BoneBinding07 ------------------.
  BoneListStartOffset           :  0 NULL ==> None
  Weight                        : 0.0
Reserved                      : 0
ExtraData ----------------------. 
  DataBlockCount                : 0
  DataBlockStartOffset          : 0
  Pad0                          : ''
  Pad1                          : [ 0 ,  0 ]
--------------------------------------------------------------------------------
IGfVerts [ 160 / 212 ] (40164)
------------------------------.
Point --------------------------.
  X                             : -6.116797
  Y                             : 3.592493
  Z                             : 3.000000
  Weight                        : 1.000000
Normal -------------------------.
  X                             : -0.888215
  Y                             : 0.459428
  Z                             : 0.000914
  Weight                        : 1.000000
ValidUVsCount                 : 2
UV00 ---------------------------.
  U                             : 0.5188133716583252
  V                             : -1.4584238529205322
UV01 ---------------------------.
  U                             : 0.5188133716583252
  V                             : -1.4584238529205322
UV02 ---------------------------.
  U                             : 0.0
  V                             : 0.0
UV03 ---------------------------.
  U                             : 0.0
  V                             : 0.0
UV04 ---------------------------.
  U                             : 0.0
  V                             : 0.0
UV05 ---------------------------.
  U                             : 0.0
  V                             : 0.0
UV06 ---------------------------.
  U                             : 0.0
  V                             : 0.0
UV07 ---------------------------.
  U                             : 0.0
  V                             : 0.0
Color --------------------------.
    Red                           : 0.000000
    Green                         : 0.000000
    Blue                          : 0.000000
    Alpha                         : 1.000000
MaterialStartOffset           : 216
BoneCount                     : 2
BoneBinding00 ------------------.
  BoneListStartOffset           : 82372
  Weight                        : 0.3459213774534236
BoneBinding01 ------------------.
  BoneListStartOffset           : 82624
  Weight                        : 0.6540786225465763
BoneBinding02 ------------------.
  BoneListStartOffset           :  0 NULL ==> None
  Weight                        : 0.0
BoneBinding03 ------------------.
  BoneListStartOffset           :  0 NULL ==> None
  Weight                        : 0.0
BoneBinding04 ------------------.
  BoneListStartOffset           :  0 NULL ==> None
  Weight                        : 0.0
BoneBinding05 ------------------.
  BoneListStartOffset           :  0 NULL ==> None
  Weight                        : 0.0
BoneBinding06 ------------------.
  BoneListStartOffset           :  0 NULL ==> None
  Weight                        : 0.0
BoneBinding07 ------------------.
  BoneListStartOffset           :  0 NULL ==> None
  Weight                        : 0.0
Reserved                      : 0
ExtraData ----------------------. 
  DataBlockCount                : 0
  DataBlockStartOffset          : 0
  Pad0                          : ''
  Pad1                          : [ 0 ,  0 ]
--------------------------------------------------------------------------------
IGfVerts [ 161 / 212 ] (40404)
------------------------------.
Point --------------------------.
  X                             : -5.649429
  Y                             : 4.245126
  Z                             : -3.000000
  Weight                        : 1.000000
Normal -------------------------.
  X                             : -0.480300
  Y                             : 0.559862
  Z                             : -0.675131
  Weight                        : 1.000000
ValidUVsCount                 : 2
UV00 ---------------------------.
  U                             : 0.0162925124168396
  V                             : -1.3221056461334229
UV01 ---------------------------.
  U                             : 0.0162925124168396
  V                             : -1.3221056461334229
UV02 ---------------------------.
  U                             : 0.0
  V                             : 0.0
UV03 ---------------------------.
  U                             : 0.0
  V                             : 0.0
UV04 ---------------------------.
  U                             : 0.0
  V                             : 0.0
UV05 ---------------------------.
  U                             : 0.0
  V                             : 0.0
UV06 ---------------------------.
  U                             : 0.0
  V                             : 0.0
UV07 ---------------------------.
  U                             : 0.0
  V                             : 0.0
Color --------------------------.
    Red                           : 0.000000
    Green                         : 0.000000
    Blue                          : 0.000000
    Alpha                         : 1.000000
MaterialStartOffset           : 216
BoneCount                     : 2
BoneBinding00 ------------------.
  BoneListStartOffset           : 82372
  Weight                        : 0.17194002787041696
BoneBinding01 ------------------.
  BoneListStartOffset           : 82624
  Weight                        : 0.828059972129583
BoneBinding02 ------------------.
  BoneListStartOffset           :  0 NULL ==> None
  Weight                        : 0.0
BoneBinding03 ------------------.
  BoneListStartOffset           :  0 NULL ==> None
  Weight                        : 0.0
BoneBinding04 ------------------.
  BoneListStartOffset           :  0 NULL ==> None
  Weight                        : 0.0
BoneBinding05 ------------------.
  BoneListStartOffset           :  0 NULL ==> None
  Weight                        : 0.0
BoneBinding06 ------------------.
  BoneListStartOffset           :  0 NULL ==> None
  Weight                        : 0.0
BoneBinding07 ------------------.
  BoneListStartOffset           :  0 NULL ==> None
  Weight                        : 0.0
Reserved                      : 0
ExtraData ----------------------. 
  DataBlockCount                : 0
  DataBlockStartOffset          : 0
  Pad0                          : ''
  Pad1                          : [ 0 ,  0 ]
--------------------------------------------------------------------------------
IGfVerts [ 162 / 212 ] (40644)
------------------------------.
Point --------------------------.
  X                             : -5.155743
  Y                             : 4.555993
  Z                             : -3.000000
  Weight                        : 1.000000
Normal -------------------------.
  X                             : -0.320780
  Y                             : 0.652943
  Z                             : -0.686056
  Weight                        : 1.000000
ValidUVsCount                 : 2
UV00 ---------------------------.
  U                             : 0.016337335109710693
  V                             : -1.224370002746582
UV01 ---------------------------.
  U                             : 0.016337335109710693
  V                             : -1.224370002746582
UV02 ---------------------------.
  U                             : 0.0
  V                             : 0.0
UV03 ---------------------------.
  U                             : 0.0
  V                             : 0.0
UV04 ---------------------------.
  U                             : 0.0
  V                             : 0.0
UV05 ---------------------------.
  U                             : 0.0
  V                             : 0.0
UV06 ---------------------------.
  U                             : 0.0
  V                             : 0.0
UV07 ---------------------------.
  U                             : 0.0
  V                             : 0.0
Color --------------------------.
    Red                           : 0.000000
    Green                         : 0.000000
    Blue                          : 0.000000
    Alpha                         : 1.000000
MaterialStartOffset           : 216
BoneCount                     : 2
BoneBinding00 ------------------.
  BoneListStartOffset           : 82372
  Weight                        : 0.11218819565302282
BoneBinding01 ------------------.
  BoneListStartOffset           : 82624
  Weight                        : 0.8878118043469772
BoneBinding02 ------------------.
  BoneListStartOffset           :  0 NULL ==> None
  Weight                        : 0.0
BoneBinding03 ------------------.
  BoneListStartOffset           :  0 NULL ==> None
  Weight                        : 0.0
BoneBinding04 ------------------.
  BoneListStartOffset           :  0 NULL ==> None
  Weight                        : 0.0
BoneBinding05 ------------------.
  BoneListStartOffset           :  0 NULL ==> None
  Weight                        : 0.0
BoneBinding06 ------------------.
  BoneListStartOffset           :  0 NULL ==> None
  Weight                        : 0.0
BoneBinding07 ------------------.
  BoneListStartOffset           :  0 NULL ==> None
  Weight                        : 0.0
Reserved                      : 0
ExtraData ----------------------. 
  DataBlockCount                : 0
  DataBlockStartOffset          : 0
  Pad0                          : ''
  Pad1                          : [ 0 ,  0 ]
--------------------------------------------------------------------------------
IGfVerts [ 163 / 212 ] (40884)
------------------------------.
Point --------------------------.
  X                             : -5.122874
  Y                             : 4.571725
  Z                             : 3.000000
  Weight                        : 1.000000
Normal -------------------------.
  X                             : -0.319376
  Y                             : 0.651265
  Z                             : 0.688345
  Weight                        : 1.000000
ValidUVsCount                 : 2
UV00 ---------------------------.
  U                             : 0.5189177989959717
  V                             : -1.2191963195800781
UV01 ---------------------------.
  U                             : 0.5189177989959717
  V                             : -1.2191963195800781
UV02 ---------------------------.
  U                             : 0.0
  V                             : 0.0
UV03 ---------------------------.
  U                             : 0.0
  V                             : 0.0
UV04 ---------------------------.
  U                             : 0.0
  V                             : 0.0
UV05 ---------------------------.
  U                             : 0.0
  V                             : 0.0
UV06 ---------------------------.
  U                             : 0.0
  V                             : 0.0
UV07 ---------------------------.
  U                             : 0.0
  V                             : 0.0
Color --------------------------.
    Red                           : 0.000000
    Green                         : 0.000000
    Blue                          : 0.000000
    Alpha                         : 1.000000
MaterialStartOffset           : 216
BoneCount                     : 2
BoneBinding00 ------------------.
  BoneListStartOffset           : 82372
  Weight                        : 0.10953549940004934
BoneBinding01 ------------------.
  BoneListStartOffset           : 82624
  Weight                        : 0.8904645005999506
BoneBinding02 ------------------.
  BoneListStartOffset           :  0 NULL ==> None
  Weight                        : 0.0
BoneBinding03 ------------------.
  BoneListStartOffset           :  0 NULL ==> None
  Weight                        : 0.0
BoneBinding04 ------------------.
  BoneListStartOffset           :  0 NULL ==> None
  Weight                        : 0.0
BoneBinding05 ------------------.
  BoneListStartOffset           :  0 NULL ==> None
  Weight                        : 0.0
BoneBinding06 ------------------.
  BoneListStartOffset           :  0 NULL ==> None
  Weight                        : 0.0
BoneBinding07 ------------------.
  BoneListStartOffset           :  0 NULL ==> None
  Weight                        : 0.0
Reserved                      : 0
ExtraData ----------------------. 
  DataBlockCount                : 0
  DataBlockStartOffset          : 0
  Pad0                          : ''
  Pad1                          : [ 0 ,  0 ]
--------------------------------------------------------------------------------
IGfVerts [ 164 / 212 ] (41124)
------------------------------.
Point --------------------------.
  X                             : -5.533099
  Y                             : 4.330636
  Z                             : 3.000000
  Weight                        : 1.000000
Normal -------------------------.
  X                             : -0.447279
  Y                             : 0.579333
  Z                             : 0.681356
  Weight                        : 1.000000
ValidUVsCount                 : 2
UV00 ---------------------------.
  U                             : 0.5188820362091064
  V                             : -1.2989087104797363
UV01 ---------------------------.
  U                             : 0.5188820362091064
  V                             : -1.2989087104797363
UV02 ---------------------------.
  U                             : 0.0
  V                             : 0.0
UV03 ---------------------------.
  U                             : 0.0
  V                             : 0.0
UV04 ---------------------------.
  U                             : 0.0
  V                             : 0.0
UV05 ---------------------------.
  U                             : 0.0
  V                             : 0.0
UV06 ---------------------------.
  U                             : 0.0
  V                             : 0.0
UV07 ---------------------------.
  U                             : 0.0
  V                             : 0.0
Color --------------------------.
    Red                           : 0.000000
    Green                         : 0.000000
    Blue                          : 0.000000
    Alpha                         : 1.000000
MaterialStartOffset           : 216
BoneCount                     : 2
BoneBinding00 ------------------.
  BoneListStartOffset           : 82372
  Weight                        : 0.15397367764340597
BoneBinding01 ------------------.
  BoneListStartOffset           : 82624
  Weight                        : 0.846026322356594
BoneBinding02 ------------------.
  BoneListStartOffset           :  0 NULL ==> None
  Weight                        : 0.0
BoneBinding03 ------------------.
  BoneListStartOffset           :  0 NULL ==> None
  Weight                        : 0.0
BoneBinding04 ------------------.
  BoneListStartOffset           :  0 NULL ==> None
  Weight                        : 0.0
BoneBinding05 ------------------.
  BoneListStartOffset           :  0 NULL ==> None
  Weight                        : 0.0
BoneBinding06 ------------------.
  BoneListStartOffset           :  0 NULL ==> None
  Weight                        : 0.0
BoneBinding07 ------------------.
  BoneListStartOffset           :  0 NULL ==> None
  Weight                        : 0.0
Reserved                      : 0
ExtraData ----------------------. 
  DataBlockCount                : 0
  DataBlockStartOffset          : 0
  Pad0                          : ''
  Pad1                          : [ 0 ,  0 ]
--------------------------------------------------------------------------------
IGfVerts [ 165 / 212 ] (41364)
------------------------------.
Point --------------------------.
  X                             : -4.563396
  Y                             : 4.785333
  Z                             : -3.000000
  Weight                        : 1.000000
Normal -------------------------.
  X                             : -0.213294
  Y                             : 0.688955
  Z                             : -0.692679
  Weight                        : 1.000000
ValidUVsCount                 : 2
UV00 ---------------------------.
  U                             : 0.016385704278945923
  V                             : -1.1179585456848145
UV01 ---------------------------.
  U                             : 0.016385704278945923
  V                             : -1.1179585456848145
UV02 ---------------------------.
  U                             : 0.0
  V                             : 0.0
UV03 ---------------------------.
  U                             : 0.0
  V                             : 0.0
UV04 ---------------------------.
  U                             : 0.0
  V                             : 0.0
UV05 ---------------------------.
  U                             : 0.0
  V                             : 0.0
UV06 ---------------------------.
  U                             : 0.0
  V                             : 0.0
UV07 ---------------------------.
  U                             : 0.0
  V                             : 0.0
Color --------------------------.
    Red                           : 0.000000
    Green                         : 0.000000
    Blue                          : 0.000000
    Alpha                         : 1.000000
MaterialStartOffset           : 216
BoneCount                     : 2
BoneBinding00 ------------------.
  BoneListStartOffset           : 82372
  Weight                        : 0.0780995402086783
BoneBinding01 ------------------.
  BoneListStartOffset           : 82624
  Weight                        : 0.9219004597913217
BoneBinding02 ------------------.
  BoneListStartOffset           :  0 NULL ==> None
  Weight                        : 0.0
BoneBinding03 ------------------.
  BoneListStartOffset           :  0 NULL ==> None
  Weight                        : 0.0
BoneBinding04 ------------------.
  BoneListStartOffset           :  0 NULL ==> None
  Weight                        : 0.0
BoneBinding05 ------------------.
  BoneListStartOffset           :  0 NULL ==> None
  Weight                        : 0.0
BoneBinding06 ------------------.
  BoneListStartOffset           :  0 NULL ==> None
  Weight                        : 0.0
BoneBinding07 ------------------.
  BoneListStartOffset           :  0 NULL ==> None
  Weight                        : 0.0
Reserved                      : 0
ExtraData ----------------------. 
  DataBlockCount                : 0
  DataBlockStartOffset          : 0
  Pad0                          : ''
  Pad1                          : [ 0 ,  0 ]
--------------------------------------------------------------------------------
IGfVerts [ 166 / 212 ] (41604)
------------------------------.
Point --------------------------.
  X                             : -4.518306
  Y                             : 4.798959
  Z                             : 3.000000
  Weight                        : 1.000000
Normal -------------------------.
  X                             : -0.212745
  Y                             : 0.688742
  Z                             : 0.693045
  Weight                        : 1.000000
ValidUVsCount                 : 2
UV00 ---------------------------.
  U                             : 0.5189668536186218
  V                             : -1.110997200012207
UV01 ---------------------------.
  U                             : 0.5189668536186218
  V                             : -1.110997200012207
UV02 ---------------------------.
  U                             : 0.0
  V                             : 0.0
UV03 ---------------------------.
  U                             : 0.0
  V                             : 0.0
UV04 ---------------------------.
  U                             : 0.0
  V                             : 0.0
UV05 ---------------------------.
  U                             : 0.0
  V                             : 0.0
UV06 ---------------------------.
  U                             : 0.0
  V                             : 0.0
UV07 ---------------------------.
  U                             : 0.0
  V                             : 0.0
Color --------------------------.
    Red                           : 0.000000
    Green                         : 0.000000
    Blue                          : 0.000000
    Alpha                         : 1.000000
MaterialStartOffset           : 216
BoneCount                     : 2
BoneBinding00 ------------------.
  BoneListStartOffset           : 82372
  Weight                        : 0.07623005599144395
BoneBinding01 ------------------.
  BoneListStartOffset           : 82624
  Weight                        : 0.923769944008556
BoneBinding02 ------------------.
  BoneListStartOffset           :  0 NULL ==> None
  Weight                        : 0.0
BoneBinding03 ------------------.
  BoneListStartOffset           :  0 NULL ==> None
  Weight                        : 0.0
BoneBinding04 ------------------.
  BoneListStartOffset           :  0 NULL ==> None
  Weight                        : 0.0
BoneBinding05 ------------------.
  BoneListStartOffset           :  0 NULL ==> None
  Weight                        : 0.0
BoneBinding06 ------------------.
  BoneListStartOffset           :  0 NULL ==> None
  Weight                        : 0.0
BoneBinding07 ------------------.
  BoneListStartOffset           :  0 NULL ==> None
  Weight                        : 0.0
Reserved                      : 0
ExtraData ----------------------. 
  DataBlockCount                : 0
  DataBlockStartOffset          : 0
  Pad0                          : ''
  Pad1                          : [ 0 ,  0 ]
--------------------------------------------------------------------------------
IGfVerts [ 167 / 212 ] (41844)
------------------------------.
Point --------------------------.
  X                             : -3.810055
  Y                             : 4.968667
  Z                             : -3.000000
  Weight                        : 1.000000
Normal -------------------------.
  X                             : -0.137669
  Y                             : 0.703085
  Z                             : -0.697623
  Weight                        : 1.000000
ValidUVsCount                 : 2
UV00 ---------------------------.
  U                             : 0.0164451003074646
  V                             : -0.9880716800689697
UV01 ---------------------------.
  U                             : 0.0164451003074646
  V                             : -0.9880716800689697
UV02 ---------------------------.
  U                             : 0.0
  V                             : 0.0
UV03 ---------------------------.
  U                             : 0.0
  V                             : 0.0
UV04 ---------------------------.
  U                             : 0.0
  V                             : 0.0
UV05 ---------------------------.
  U                             : 0.0
  V                             : 0.0
UV06 ---------------------------.
  U                             : 0.0
  V                             : 0.0
UV07 ---------------------------.
  U                             : 0.0
  V                             : 0.0
Color --------------------------.
    Red                           : 0.000000
    Green                         : 0.000000
    Blue                          : 0.000000
    Alpha                         : 1.000000
MaterialStartOffset           : 216
BoneCount                     : 2
BoneBinding00 ------------------.
  BoneListStartOffset           : 82372
  Weight                        : 0.055982236839094715
BoneBinding01 ------------------.
  BoneListStartOffset           : 82624
  Weight                        : 0.9440177631609052
BoneBinding02 ------------------.
  BoneListStartOffset           :  0 NULL ==> None
  Weight                        : 0.0
BoneBinding03 ------------------.
  BoneListStartOffset           :  0 NULL ==> None
  Weight                        : 0.0
BoneBinding04 ------------------.
  BoneListStartOffset           :  0 NULL ==> None
  Weight                        : 0.0
BoneBinding05 ------------------.
  BoneListStartOffset           :  0 NULL ==> None
  Weight                        : 0.0
BoneBinding06 ------------------.
  BoneListStartOffset           :  0 NULL ==> None
  Weight                        : 0.0
BoneBinding07 ------------------.
  BoneListStartOffset           :  0 NULL ==> None
  Weight                        : 0.0
Reserved                      : 0
ExtraData ----------------------. 
  DataBlockCount                : 0
  DataBlockStartOffset          : 0
  Pad0                          : ''
  Pad1                          : [ 0 ,  0 ]
--------------------------------------------------------------------------------
IGfVerts [ 168 / 212 ] (42084)
------------------------------.
Point --------------------------.
  X                             : -3.757594
  Y                             : 4.978753
  Z                             : 3.000000
  Weight                        : 1.000000
Normal -------------------------.
  X                             : -0.137303
  Y                             : 0.702963
  Z                             : 0.697806
  Weight                        : 1.000000
ValidUVsCount                 : 2
UV00 ---------------------------.
  U                             : 0.519027054309845
  V                             : -0.9800477027893066
UV01 ---------------------------.
  U                             : 0.519027054309845
  V                             : -0.9800477027893066
UV02 ---------------------------.
  U                             : 0.0
  V                             : 0.0
UV03 ---------------------------.
  U                             : 0.0
  V                             : 0.0
UV04 ---------------------------.
  U                             : 0.0
  V                             : 0.0
UV05 ---------------------------.
  U                             : 0.0
  V                             : 0.0
UV06 ---------------------------.
  U                             : 0.0
  V                             : 0.0
UV07 ---------------------------.
  U                             : 0.0
  V                             : 0.0
Color --------------------------.
    Red                           : 0.000000
    Green                         : 0.000000
    Blue                          : 0.000000
    Alpha                         : 1.000000
MaterialStartOffset           : 216
BoneCount                     : 2
BoneBinding00 ------------------.
  BoneListStartOffset           : 82372
  Weight                        : 0.05493042721383902
BoneBinding01 ------------------.
  BoneListStartOffset           : 82624
  Weight                        : 0.945069572786161
BoneBinding02 ------------------.
  BoneListStartOffset           :  0 NULL ==> None
  Weight                        : 0.0
BoneBinding03 ------------------.
  BoneListStartOffset           :  0 NULL ==> None
  Weight                        : 0.0
BoneBinding04 ------------------.
  BoneListStartOffset           :  0 NULL ==> None
  Weight                        : 0.0
BoneBinding05 ------------------.
  BoneListStartOffset           :  0 NULL ==> None
  Weight                        : 0.0
BoneBinding06 ------------------.
  BoneListStartOffset           :  0 NULL ==> None
  Weight                        : 0.0
BoneBinding07 ------------------.
  BoneListStartOffset           :  0 NULL ==> None
  Weight                        : 0.0
Reserved                      : 0
ExtraData ----------------------. 
  DataBlockCount                : 0
  DataBlockStartOffset          : 0
  Pad0                          : ''
  Pad1                          : [ 0 ,  0 ]
--------------------------------------------------------------------------------
IGfVerts [ 169 / 212 ] (42324)
------------------------------.
Point --------------------------.
  X                             : -2.906681
  Y                             : 5.108438
  Z                             : -3.000001
  Weight                        : 1.000000
Normal -------------------------.
  X                             : -0.080599
  Y                             : 0.711020
  Z                             : -0.698477
  Weight                        : 1.000000
ValidUVsCount                 : 2
UV00 ---------------------------.
  U                             : 0.01651519536972046
  V                             : -0.8349318504333496
UV01 ---------------------------.
  U                             : 0.01651519536972046
  V                             : -0.8349318504333496
UV02 ---------------------------.
  U                             : 0.0
  V                             : 0.0
UV03 ---------------------------.
  U                             : 0.0
  V                             : 0.0
UV04 ---------------------------.
  U                             : 0.0
  V                             : 0.0
UV05 ---------------------------.
  U                             : 0.0
  V                             : 0.0
UV06 ---------------------------.
  U                             : 0.0
  V                             : 0.0
UV07 ---------------------------.
  U                             : 0.0
  V                             : 0.0
Color --------------------------.
    Red                           : 0.000000
    Green                         : 0.000000
    Blue                          : 0.000000
    Alpha                         : 1.000000
MaterialStartOffset           : 216
BoneCount                     : 2
BoneBinding00 ------------------.
  BoneListStartOffset           : 82372
  Weight                        : 0.04254255466397351
BoneBinding01 ------------------.
  BoneListStartOffset           : 82624
  Weight                        : 0.9574574453360265
BoneBinding02 ------------------.
  BoneListStartOffset           :  0 NULL ==> None
  Weight                        : 0.0
BoneBinding03 ------------------.
  BoneListStartOffset           :  0 NULL ==> None
  Weight                        : 0.0
BoneBinding04 ------------------.
  BoneListStartOffset           :  0 NULL ==> None
  Weight                        : 0.0
BoneBinding05 ------------------.
  BoneListStartOffset           :  0 NULL ==> None
  Weight                        : 0.0
BoneBinding06 ------------------.
  BoneListStartOffset           :  0 NULL ==> None
  Weight                        : 0.0
BoneBinding07 ------------------.
  BoneListStartOffset           :  0 NULL ==> None
  Weight                        : 0.0
Reserved                      : 0
ExtraData ----------------------. 
  DataBlockCount                : 0
  DataBlockStartOffset          : 0
  Pad0                          : ''
  Pad1                          : [ 0 ,  0 ]
--------------------------------------------------------------------------------
IGfVerts [ 170 / 212 ] (42564)
------------------------------.
Point --------------------------.
  X                             : -2.841540
  Y                             : 5.115632
  Z                             : 3.000000
  Weight                        : 1.000000
Normal -------------------------.
  X                             : -0.080172
  Y                             : 0.710898
  Z                             : 0.698660
  Weight                        : 1.000000
ValidUVsCount                 : 2
UV00 ---------------------------.
  U                             : 0.519098162651062
  V                             : -0.8248813152313232
UV01 ---------------------------.
  U                             : 0.519098162651062
  V                             : -0.8248813152313232
UV02 ---------------------------.
  U                             : 0.0
  V                             : 0.0
UV03 ---------------------------.
  U                             : 0.0
  V                             : 0.0
UV04 ---------------------------.
  U                             : 0.0
  V                             : 0.0
UV05 ---------------------------.
  U                             : 0.0
  V                             : 0.0
UV06 ---------------------------.
  U                             : 0.0
  V                             : 0.0
UV07 ---------------------------.
  U                             : 0.0
  V                             : 0.0
Color --------------------------.
    Red                           : 0.000000
    Green                         : 0.000000
    Blue                          : 0.000000
    Alpha                         : 1.000000
MaterialStartOffset           : 216
BoneCount                     : 2
BoneBinding00 ------------------.
  BoneListStartOffset           : 82372
  Weight                        : 0.04193720350262466
BoneBinding01 ------------------.
  BoneListStartOffset           : 82624
  Weight                        : 0.9580627964973754
BoneBinding02 ------------------.
  BoneListStartOffset           :  0 NULL ==> None
  Weight                        : 0.0
BoneBinding03 ------------------.
  BoneListStartOffset           :  0 NULL ==> None
  Weight                        : 0.0
BoneBinding04 ------------------.
  BoneListStartOffset           :  0 NULL ==> None
  Weight                        : 0.0
BoneBinding05 ------------------.
  BoneListStartOffset           :  0 NULL ==> None
  Weight                        : 0.0
BoneBinding06 ------------------.
  BoneListStartOffset           :  0 NULL ==> None
  Weight                        : 0.0
BoneBinding07 ------------------.
  BoneListStartOffset           :  0 NULL ==> None
  Weight                        : 0.0
Reserved                      : 0
ExtraData ----------------------. 
  DataBlockCount                : 0
  DataBlockStartOffset          : 0
  Pad0                          : ''
  Pad1                          : [ 0 ,  0 ]
--------------------------------------------------------------------------------
IGfVerts [ 171 / 212 ] (42804)
------------------------------.
Point --------------------------.
  X                             : -1.746410
  Y                             : 5.197045
  Z                             : -3.000000
  Weight                        : 1.000000
Normal -------------------------.
  X                             : -0.036683
  Y                             : 0.711295
  Z                             : -0.701895
  Weight                        : 1.000000
ValidUVsCount                 : 2
UV00 ---------------------------.
  U                             : 0.01660466194152832
  V                             : -0.6399893760681152
UV01 ---------------------------.
  U                             : 0.01660466194152832
  V                             : -0.6399893760681152
UV02 ---------------------------.
  U                             : 0.0
  V                             : 0.0
UV03 ---------------------------.
  U                             : 0.0
  V                             : 0.0
UV04 ---------------------------.
  U                             : 0.0
  V                             : 0.0
UV05 ---------------------------.
  U                             : 0.0
  V                             : 0.0
UV06 ---------------------------.
  U                             : 0.0
  V                             : 0.0
UV07 ---------------------------.
  U                             : 0.0
  V                             : 0.0
Color --------------------------.
    Red                           : 0.000000
    Green                         : 0.000000
    Blue                          : 0.000000
    Alpha                         : 1.000000
MaterialStartOffset           : 216
BoneCount                     : 2
BoneBinding00 ------------------.
  BoneListStartOffset           : 82372
  Weight                        : 0.03630875910543254
BoneBinding01 ------------------.
  BoneListStartOffset           : 82624
  Weight                        : 0.9636912408945675
BoneBinding02 ------------------.
  BoneListStartOffset           :  0 NULL ==> None
  Weight                        : 0.0
BoneBinding03 ------------------.
  BoneListStartOffset           :  0 NULL ==> None
  Weight                        : 0.0
BoneBinding04 ------------------.
  BoneListStartOffset           :  0 NULL ==> None
  Weight                        : 0.0
BoneBinding05 ------------------.
  BoneListStartOffset           :  0 NULL ==> None
  Weight                        : 0.0
BoneBinding06 ------------------.
  BoneListStartOffset           :  0 NULL ==> None
  Weight                        : 0.0
BoneBinding07 ------------------.
  BoneListStartOffset           :  0 NULL ==> None
  Weight                        : 0.0
Reserved                      : 0
ExtraData ----------------------. 
  DataBlockCount                : 0
  DataBlockStartOffset          : 0
  Pad0                          : ''
  Pad1                          : [ 0 ,  0 ]
--------------------------------------------------------------------------------
IGfVerts [ 172 / 212 ] (43044)
------------------------------.
Point --------------------------.
  X                             : -1.665018
  Y                             : 5.200995
  Z                             : 3.000000
  Weight                        : 1.000000
Normal -------------------------.
  X                             : -0.036378
  Y                             : 0.711203
  Z                             : 0.702017
  Weight                        : 1.000000
ValidUVsCount                 : 2
UV00 ---------------------------.
  U                             : 0.5191885828971863
  V                             : -0.6272644996643066
UV01 ---------------------------.
  U                             : 0.5191885828971863
  V                             : -0.6272644996643066
UV02 ---------------------------.
  U                             : 0.0
  V                             : 0.0
UV03 ---------------------------.
  U                             : 0.0
  V                             : 0.0
UV04 ---------------------------.
  U                             : 0.0
  V                             : 0.0
UV05 ---------------------------.
  U                             : 0.0
  V                             : 0.0
UV06 ---------------------------.
  U                             : 0.0
  V                             : 0.0
UV07 ---------------------------.
  U                             : 0.0
  V                             : 0.0
Color --------------------------.
    Red                           : 0.000000
    Green                         : 0.000000
    Blue                          : 0.000000
    Alpha                         : 1.000000
MaterialStartOffset           : 216
BoneCount                     : 2
BoneBinding00 ------------------.
  BoneListStartOffset           : 82372
  Weight                        : 0.03610678217398621
BoneBinding01 ------------------.
  BoneListStartOffset           : 82624
  Weight                        : 0.9638932178260138
BoneBinding02 ------------------.
  BoneListStartOffset           :  0 NULL ==> None
  Weight                        : 0.0
BoneBinding03 ------------------.
  BoneListStartOffset           :  0 NULL ==> None
  Weight                        : 0.0
BoneBinding04 ------------------.
  BoneListStartOffset           :  0 NULL ==> None
  Weight                        : 0.0
BoneBinding05 ------------------.
  BoneListStartOffset           :  0 NULL ==> None
  Weight                        : 0.0
BoneBinding06 ------------------.
  BoneListStartOffset           :  0 NULL ==> None
  Weight                        : 0.0
BoneBinding07 ------------------.
  BoneListStartOffset           :  0 NULL ==> None
  Weight                        : 0.0
Reserved                      : 0
ExtraData ----------------------. 
  DataBlockCount                : 0
  DataBlockStartOffset          : 0
  Pad0                          : ''
  Pad1                          : [ 0 ,  0 ]
--------------------------------------------------------------------------------
IGfVerts [ 173 / 212 ] (43284)
------------------------------.
Point --------------------------.
  X                             : -0.494061
  Y                             : 5.234209
  Z                             : -3.000000
  Weight                        : 1.000000
Normal -------------------------.
  X                             : -0.009033
  Y                             : 0.710593
  Z                             : -0.703513
  Weight                        : 1.000000
ValidUVsCount                 : 2
UV00 ---------------------------.
  U                             : 0.016701161861419678
  V                             : -0.43009650707244873
UV01 ---------------------------.
  U                             : 0.016701161861419678
  V                             : -0.43009650707244873
UV02 ---------------------------.
  U                             : 0.0
  V                             : 0.0
UV03 ---------------------------.
  U                             : 0.0
  V                             : 0.0
UV04 ---------------------------.
  U                             : 0.0
  V                             : 0.0
UV05 ---------------------------.
  U                             : 0.0
  V                             : 0.0
UV06 ---------------------------.
  U                             : 0.0
  V                             : 0.0
UV07 ---------------------------.
  U                             : 0.0
  V                             : 0.0
Color --------------------------.
    Red                           : 0.000000
    Green                         : 0.000000
    Blue                          : 0.000000
    Alpha                         : 1.000000
MaterialStartOffset           : 216
BoneCount                     : 2
BoneBinding00 ------------------.
  BoneListStartOffset           : 82372
  Weight                        : 0.035445678855005915
BoneBinding01 ------------------.
  BoneListStartOffset           : 82624
  Weight                        : 0.9645543211449941
BoneBinding02 ------------------.
  BoneListStartOffset           :  0 NULL ==> None
  Weight                        : 0.0
BoneBinding03 ------------------.
  BoneListStartOffset           :  0 NULL ==> None
  Weight                        : 0.0
BoneBinding04 ------------------.
  BoneListStartOffset           :  0 NULL ==> None
  Weight                        : 0.0
BoneBinding05 ------------------.
  BoneListStartOffset           :  0 NULL ==> None
  Weight                        : 0.0
BoneBinding06 ------------------.
  BoneListStartOffset           :  0 NULL ==> None
  Weight                        : 0.0
BoneBinding07 ------------------.
  BoneListStartOffset           :  0 NULL ==> None
  Weight                        : 0.0
Reserved                      : 0
ExtraData ----------------------. 
  DataBlockCount                : 0
  DataBlockStartOffset          : 0
  Pad0                          : ''
  Pad1                          : [ 0 ,  0 ]
--------------------------------------------------------------------------------
IGfVerts [ 174 / 212 ] (43524)
------------------------------.
Point --------------------------.
  X                             : -0.398776
  Y                             : 5.235308
  Z                             : 3.000000
  Weight                        : 1.000000
Normal -------------------------.
  X                             : -0.008789
  Y                             : 0.710532
  Z                             : 0.703574
  Weight                        : 1.000000
ValidUVsCount                 : 2
UV00 ---------------------------.
  U                             : 0.519286036491394
  V                             : -0.4150576591491699
UV01 ---------------------------.
  U                             : 0.519286036491394
  V                             : -0.4150576591491699
UV02 ---------------------------.
  U                             : 0.0
  V                             : 0.0
UV03 ---------------------------.
  U                             : 0.0
  V                             : 0.0
UV04 ---------------------------.
  U                             : 0.0
  V                             : 0.0
UV05 ---------------------------.
  U                             : 0.0
  V                             : 0.0
UV06 ---------------------------.
  U                             : 0.0
  V                             : 0.0
UV07 ---------------------------.
  U                             : 0.0
  V                             : 0.0
Color --------------------------.
    Red                           : 0.000000
    Green                         : 0.000000
    Blue                          : 0.000000
    Alpha                         : 1.000000
MaterialStartOffset           : 216
BoneCount                     : 2
BoneBinding00 ------------------.
  BoneListStartOffset           : 82372
  Weight                        : 0.035542446908962716
BoneBinding01 ------------------.
  BoneListStartOffset           : 82624
  Weight                        : 0.9644575530910373
BoneBinding02 ------------------.
  BoneListStartOffset           :  0 NULL ==> None
  Weight                        : 0.0
BoneBinding03 ------------------.
  BoneListStartOffset           :  0 NULL ==> None
  Weight                        : 0.0
BoneBinding04 ------------------.
  BoneListStartOffset           :  0 NULL ==> None
  Weight                        : 0.0
BoneBinding05 ------------------.
  BoneListStartOffset           :  0 NULL ==> None
  Weight                        : 0.0
BoneBinding06 ------------------.
  BoneListStartOffset           :  0 NULL ==> None
  Weight                        : 0.0
BoneBinding07 ------------------.
  BoneListStartOffset           :  0 NULL ==> None
  Weight                        : 0.0
Reserved                      : 0
ExtraData ----------------------. 
  DataBlockCount                : 0
  DataBlockStartOffset          : 0
  Pad0                          : ''
  Pad1                          : [ 0 ,  0 ]
--------------------------------------------------------------------------------
IGfVerts [ 175 / 212 ] (43764)
------------------------------.
Point --------------------------.
  X                             : 0.990925
  Y                             : 5.230814
  Z                             : -3.000000
  Weight                        : 1.000000
Normal -------------------------.
  X                             : 0.013367
  Y                             : 0.710440
  Z                             : -0.703604
  Weight                        : 1.000000
ValidUVsCount                 : 2
UV00 ---------------------------.
  U                             : 0.01681545376777649
  V                             : -0.18132221698760986
UV01 ---------------------------.
  U                             : 0.01681545376777649
  V                             : -0.18132221698760986
UV02 ---------------------------.
  U                             : 0.0
  V                             : 0.0
UV03 ---------------------------.
  U                             : 0.0
  V                             : 0.0
UV04 ---------------------------.
  U                             : 0.0
  V                             : 0.0
UV05 ---------------------------.
  U                             : 0.0
  V                             : 0.0
UV06 ---------------------------.
  U                             : 0.0
  V                             : 0.0
UV07 ---------------------------.
  U                             : 0.0
  V                             : 0.0
Color --------------------------.
    Red                           : 0.000000
    Green                         : 0.000000
    Blue                          : 0.000000
    Alpha                         : 1.000000
MaterialStartOffset           : 216
BoneCount                     : 2
BoneBinding00 ------------------.
  BoneListStartOffset           : 82372
  Weight                        : 0.03898465685681465
BoneBinding01 ------------------.
  BoneListStartOffset           : 82624
  Weight                        : 0.9610153431431854
BoneBinding02 ------------------.
  BoneListStartOffset           :  0 NULL ==> None
  Weight                        : 0.0
BoneBinding03 ------------------.
  BoneListStartOffset           :  0 NULL ==> None
  Weight                        : 0.0
BoneBinding04 ------------------.
  BoneListStartOffset           :  0 NULL ==> None
  Weight                        : 0.0
BoneBinding05 ------------------.
  BoneListStartOffset           :  0 NULL ==> None
  Weight                        : 0.0
BoneBinding06 ------------------.
  BoneListStartOffset           :  0 NULL ==> None
  Weight                        : 0.0
BoneBinding07 ------------------.
  BoneListStartOffset           :  0 NULL ==> None
  Weight                        : 0.0
Reserved                      : 0
ExtraData ----------------------. 
  DataBlockCount                : 0
  DataBlockStartOffset          : 0
  Pad0                          : ''
  Pad1                          : [ 0 ,  0 ]
--------------------------------------------------------------------------------
IGfVerts [ 176 / 212 ] (44004)
------------------------------.
Point --------------------------.
  X                             : 1.087286
  Y                             : 5.229081
  Z                             : 3.000000
  Weight                        : 1.000000
Normal -------------------------.
  X                             : 0.013581
  Y                             : 0.710501
  Z                             : 0.703513
  Weight                        : 1.000000
ValidUVsCount                 : 2
UV00 ---------------------------.
  U                             : 0.5194003582000732
  V                             : -0.16610217094421387
UV01 ---------------------------.
  U                             : 0.5194003582000732
  V                             : -0.16610217094421387
UV02 ---------------------------.
  U                             : 0.0
  V                             : 0.0
UV03 ---------------------------.
  U                             : 0.0
  V                             : 0.0
UV04 ---------------------------.
  U                             : 0.0
  V                             : 0.0
UV05 ---------------------------.
  U                             : 0.0
  V                             : 0.0
UV06 ---------------------------.
  U                             : 0.0
  V                             : 0.0
UV07 ---------------------------.
  U                             : 0.0
  V                             : 0.0
Color --------------------------.
    Red                           : 0.000000
    Green                         : 0.000000
    Blue                          : 0.000000
    Alpha                         : 1.000000
MaterialStartOffset           : 216
BoneCount                     : 2
BoneBinding00 ------------------.
  BoneListStartOffset           : 82372
  Weight                        : 0.03937358825983287
BoneBinding01 ------------------.
  BoneListStartOffset           : 82624
  Weight                        : 0.9606264117401672
BoneBinding02 ------------------.
  BoneListStartOffset           :  0 NULL ==> None
  Weight                        : 0.0
BoneBinding03 ------------------.
  BoneListStartOffset           :  0 NULL ==> None
  Weight                        : 0.0
BoneBinding04 ------------------.
  BoneListStartOffset           :  0 NULL ==> None
  Weight                        : 0.0
BoneBinding05 ------------------.
  BoneListStartOffset           :  0 NULL ==> None
  Weight                        : 0.0
BoneBinding06 ------------------.
  BoneListStartOffset           :  0 NULL ==> None
  Weight                        : 0.0
BoneBinding07 ------------------.
  BoneListStartOffset           :  0 NULL ==> None
  Weight                        : 0.0
Reserved                      : 0
ExtraData ----------------------. 
  DataBlockCount                : 0
  DataBlockStartOffset          : 0
  Pad0                          : ''
  Pad1                          : [ 0 ,  0 ]
--------------------------------------------------------------------------------
IGfVerts [ 177 / 212 ] (44244)
------------------------------.
Point --------------------------.
  X                             : 2.256001
  Y                             : 5.188502
  Z                             : -3.000000
  Weight                        : 1.000000
Normal -------------------------.
  X                             : 0.040315
  Y                             : 0.710807
  Z                             : -0.702200
  Weight                        : 1.000000
ValidUVsCount                 : 2
UV00 ---------------------------.
  U                             : 0.01691281795501709
  V                             : 0.030729055404663086
UV01 ---------------------------.
  U                             : 0.01691281795501709
  V                             : 0.030729055404663086
UV02 ---------------------------.
  U                             : 0.0
  V                             : 0.0
UV03 ---------------------------.
  U                             : 0.0
  V                             : 0.0
UV04 ---------------------------.
  U                             : 0.0
  V                             : 0.0
UV05 ---------------------------.
  U                             : 0.0
  V                             : 0.0
UV06 ---------------------------.
  U                             : 0.0
  V                             : 0.0
UV07 ---------------------------.
  U                             : 0.0
  V                             : 0.0
Color --------------------------.
    Red                           : 0.000000
    Green                         : 0.000000
    Blue                          : 0.000000
    Alpha                         : 1.000000
MaterialStartOffset           : 216
BoneCount                     : 2
BoneBinding00 ------------------.
  BoneListStartOffset           : 82372
  Weight                        : 0.04632464441649403
BoneBinding01 ------------------.
  BoneListStartOffset           : 82624
  Weight                        : 0.953675355583506
BoneBinding02 ------------------.
  BoneListStartOffset           :  0 NULL ==> None
  Weight                        : 0.0
BoneBinding03 ------------------.
  BoneListStartOffset           :  0 NULL ==> None
  Weight                        : 0.0
BoneBinding04 ------------------.
  BoneListStartOffset           :  0 NULL ==> None
  Weight                        : 0.0
BoneBinding05 ------------------.
  BoneListStartOffset           :  0 NULL ==> None
  Weight                        : 0.0
BoneBinding06 ------------------.
  BoneListStartOffset           :  0 NULL ==> None
  Weight                        : 0.0
BoneBinding07 ------------------.
  BoneListStartOffset           :  0 NULL ==> None
  Weight                        : 0.0
Reserved                      : 0
ExtraData ----------------------. 
  DataBlockCount                : 0
  DataBlockStartOffset          : 0
  Pad0                          : ''
  Pad1                          : [ 0 ,  0 ]
--------------------------------------------------------------------------------
IGfVerts [ 178 / 212 ] (44484)
------------------------------.
Point --------------------------.
  X                             : 2.336568
  Y                             : 5.184068
  Z                             : 3.000000
  Weight                        : 1.000000
Normal -------------------------.
  X                             : 0.040590
  Y                             : 0.710929
  Z                             : 0.702078
  Weight                        : 1.000000
ValidUVsCount                 : 2
UV00 ---------------------------.
  U                             : 0.5194964408874512
  V                             : 0.04332113265991211
UV01 ---------------------------.
  U                             : 0.5194964408874512
  V                             : 0.04332113265991211
UV02 ---------------------------.
  U                             : 0.0
  V                             : 0.0
UV03 ---------------------------.
  U                             : 0.0
  V                             : 0.0
UV04 ---------------------------.
  U                             : 0.0
  V                             : 0.0
UV05 ---------------------------.
  U                             : 0.0
  V                             : 0.0
UV06 ---------------------------.
  U                             : 0.0
  V                             : 0.0
UV07 ---------------------------.
  U                             : 0.0
  V                             : 0.0
Color --------------------------.
    Red                           : 0.000000
    Green                         : 0.000000
    Blue                          : 0.000000
    Alpha                         : 1.000000
MaterialStartOffset           : 216
BoneCount                     : 2
BoneBinding00 ------------------.
  BoneListStartOffset           : 82372
  Weight                        : 0.047009332490556846
BoneBinding01 ------------------.
  BoneListStartOffset           : 82624
  Weight                        : 0.9529906675094432
BoneBinding02 ------------------.
  BoneListStartOffset           :  0 NULL ==> None
  Weight                        : 0.0
BoneBinding03 ------------------.
  BoneListStartOffset           :  0 NULL ==> None
  Weight                        : 0.0
BoneBinding04 ------------------.
  BoneListStartOffset           :  0 NULL ==> None
  Weight                        : 0.0
BoneBinding05 ------------------.
  BoneListStartOffset           :  0 NULL ==> None
  Weight                        : 0.0
BoneBinding06 ------------------.
  BoneListStartOffset           :  0 NULL ==> None
  Weight                        : 0.0
BoneBinding07 ------------------.
  BoneListStartOffset           :  0 NULL ==> None
  Weight                        : 0.0
Reserved                      : 0
ExtraData ----------------------. 
  DataBlockCount                : 0
  DataBlockStartOffset          : 0
  Pad0                          : ''
  Pad1                          : [ 0 ,  0 ]
--------------------------------------------------------------------------------
IGfVerts [ 179 / 212 ] (44724)
------------------------------.
Point --------------------------.
  X                             : 3.289219
  Y                             : 5.108586
  Z                             : -3.000000
  Weight                        : 1.000000
Normal -------------------------.
  X                             : 0.079409
  Y                             : 0.709769
  Z                             : -0.699912
  Weight                        : 1.000000
ValidUVsCount                 : 2
UV00 ---------------------------.
  U                             : 0.016992628574371338
  V                             : 0.20433712005615234
UV01 ---------------------------.
  U                             : 0.016992628574371338
  V                             : 0.20433712005615234
UV02 ---------------------------.
  U                             : 0.0
  V                             : 0.0
UV03 ---------------------------.
  U                             : 0.0
  V                             : 0.0
UV04 ---------------------------.
  U                             : 0.0
  V                             : 0.0
UV05 ---------------------------.
  U                             : 0.0
  V                             : 0.0
UV06 ---------------------------.
  U                             : 0.0
  V                             : 0.0
UV07 ---------------------------.
  U                             : 0.0
  V                             : 0.0
Color --------------------------.
    Red                           : 0.000000
    Green                         : 0.000000
    Blue                          : 0.000000
    Alpha                         : 1.000000
MaterialStartOffset           : 216
BoneCount                     : 2
BoneBinding00 ------------------.
  BoneListStartOffset           : 82372
  Weight                        : 0.058397608617765044
BoneBinding01 ------------------.
  BoneListStartOffset           : 82624
  Weight                        : 0.941602391382235
BoneBinding02 ------------------.
  BoneListStartOffset           :  0 NULL ==> None
  Weight                        : 0.0
BoneBinding03 ------------------.
  BoneListStartOffset           :  0 NULL ==> None
  Weight                        : 0.0
BoneBinding04 ------------------.
  BoneListStartOffset           :  0 NULL ==> None
  Weight                        : 0.0
BoneBinding05 ------------------.
  BoneListStartOffset           :  0 NULL ==> None
  Weight                        : 0.0
BoneBinding06 ------------------.
  BoneListStartOffset           :  0 NULL ==> None
  Weight                        : 0.0
BoneBinding07 ------------------.
  BoneListStartOffset           :  0 NULL ==> None
  Weight                        : 0.0
Reserved                      : 0
ExtraData ----------------------. 
  DataBlockCount                : 0
  DataBlockStartOffset          : 0
  Pad0                          : ''
  Pad1                          : [ 0 ,  0 ]
--------------------------------------------------------------------------------
IGfVerts [ 180 / 212 ] (44964)
------------------------------.
Point --------------------------.
  X                             : 3.351934
  Y                             : 5.101705
  Z                             : 3.000000
  Weight                        : 1.000000
Normal -------------------------.
  X                             : 0.079745
  Y                             : 0.709891
  Z                             : 0.699728
  Weight                        : 1.000000
ValidUVsCount                 : 2
UV00 ---------------------------.
  U                             : 0.5195751190185547
  V                             : 0.21397876739501953
UV01 ---------------------------.
  U                             : 0.5195751190185547
  V                             : 0.21397876739501953
UV02 ---------------------------.
  U                             : 0.0
  V                             : 0.0
UV03 ---------------------------.
  U                             : 0.0
  V                             : 0.0
UV04 ---------------------------.
  U                             : 0.0
  V                             : 0.0
UV05 ---------------------------.
  U                             : 0.0
  V                             : 0.0
UV06 ---------------------------.
  U                             : 0.0
  V                             : 0.0
UV07 ---------------------------.
  U                             : 0.0
  V                             : 0.0
Color --------------------------.
    Red                           : 0.000000
    Green                         : 0.000000
    Blue                          : 0.000000
    Alpha                         : 1.000000
MaterialStartOffset           : 216
BoneCount                     : 2
BoneBinding00 ------------------.
  BoneListStartOffset           : 82372
  Weight                        : 0.05948233737913667
BoneBinding01 ------------------.
  BoneListStartOffset           : 82624
  Weight                        : 0.9405176626208633
BoneBinding02 ------------------.
  BoneListStartOffset           :  0 NULL ==> None
  Weight                        : 0.0
BoneBinding03 ------------------.
  BoneListStartOffset           :  0 NULL ==> None
  Weight                        : 0.0
BoneBinding04 ------------------.
  BoneListStartOffset           :  0 NULL ==> None
  Weight                        : 0.0
BoneBinding05 ------------------.
  BoneListStartOffset           :  0 NULL ==> None
  Weight                        : 0.0
BoneBinding06 ------------------.
  BoneListStartOffset           :  0 NULL ==> None
  Weight                        : 0.0
BoneBinding07 ------------------.
  BoneListStartOffset           :  0 NULL ==> None
  Weight                        : 0.0
Reserved                      : 0
ExtraData ----------------------. 
  DataBlockCount                : 0
  DataBlockStartOffset          : 0
  Pad0                          : ''
  Pad1                          : [ 0 ,  0 ]
--------------------------------------------------------------------------------
IGfVerts [ 181 / 212 ] (45204)
------------------------------.
Point --------------------------.
  X                             : 4.117954
  Y                             : 4.990350
  Z                             : -3.000000
  Weight                        : 1.000000
Normal -------------------------.
  X                             : 0.131077
  Y                             : 0.703726
  Z                             : -0.698264
  Weight                        : 1.000000
ValidUVsCount                 : 2
UV00 ---------------------------.
  U                             : 0.017056763172149658
  V                             : 0.3445779085159302
UV01 ---------------------------.
  U                             : 0.017056763172149658
  V                             : 0.3445779085159302
UV02 ---------------------------.
  U                             : 0.0
  V                             : 0.0
UV03 ---------------------------.
  U                             : 0.0
  V                             : 0.0
UV04 ---------------------------.
  U                             : 0.0
  V                             : 0.0
UV05 ---------------------------.
  U                             : 0.0
  V                             : 0.0
UV06 ---------------------------.
  U                             : 0.0
  V                             : 0.0
UV07 ---------------------------.
  U                             : 0.0
  V                             : 0.0
Color --------------------------.
    Red                           : 0.000000
    Green                         : 0.000000
    Blue                          : 0.000000
    Alpha                         : 1.000000
MaterialStartOffset           : 216
BoneCount                     : 2
BoneBinding00 ------------------.
  BoneListStartOffset           : 82372
  Weight                        : 0.07644023035047527
BoneBinding01 ------------------.
  BoneListStartOffset           : 82624
  Weight                        : 0.9235597696495247
BoneBinding02 ------------------.
  BoneListStartOffset           :  0 NULL ==> None
  Weight                        : 0.0
BoneBinding03 ------------------.
  BoneListStartOffset           :  0 NULL ==> None
  Weight                        : 0.0
BoneBinding04 ------------------.
  BoneListStartOffset           :  0 NULL ==> None
  Weight                        : 0.0
BoneBinding05 ------------------.
  BoneListStartOffset           :  0 NULL ==> None
  Weight                        : 0.0
BoneBinding06 ------------------.
  BoneListStartOffset           :  0 NULL ==> None
  Weight                        : 0.0
BoneBinding07 ------------------.
  BoneListStartOffset           :  0 NULL ==> None
  Weight                        : 0.0
Reserved                      : 0
ExtraData ----------------------. 
  DataBlockCount                : 0
  DataBlockStartOffset          : 0
  Pad0                          : ''
  Pad1                          : [ 0 ,  0 ]
--------------------------------------------------------------------------------
IGfVerts [ 182 / 212 ] (45444)
------------------------------.
Point --------------------------.
  X                             : 4.171926
  Y                             : 4.980401
  Z                             : 3.000000
  Weight                        : 1.000000
Normal -------------------------.
  X                             : 0.131443
  Y                             : 0.703818
  Z                             : 0.698080
  Weight                        : 1.000000
ValidUVsCount                 : 2
UV00 ---------------------------.
  U                             : 0.5196387767791748
  V                             : 0.3528444766998291
UV01 ---------------------------.
  U                             : 0.5196387767791748
  V                             : 0.3528444766998291
UV02 ---------------------------.
  U                             : 0.0
  V                             : 0.0
UV03 ---------------------------.
  U                             : 0.0
  V                             : 0.0
UV04 ---------------------------.
  U                             : 0.0
  V                             : 0.0
UV05 ---------------------------.
  U                             : 0.0
  V                             : 0.0
UV06 ---------------------------.
  U                             : 0.0
  V                             : 0.0
UV07 ---------------------------.
  U                             : 0.0
  V                             : 0.0
Color --------------------------.
    Red                           : 0.000000
    Green                         : 0.000000
    Blue                          : 0.000000
    Alpha                         : 1.000000
MaterialStartOffset           : 216
BoneCount                     : 2
BoneBinding00 ------------------.
  BoneListStartOffset           : 82372
  Weight                        : 0.07808365932944533
BoneBinding01 ------------------.
  BoneListStartOffset           : 82624
  Weight                        : 0.9219163406705546
BoneBinding02 ------------------.
  BoneListStartOffset           :  0 NULL ==> None
  Weight                        : 0.0
BoneBinding03 ------------------.
  BoneListStartOffset           :  0 NULL ==> None
  Weight                        : 0.0
BoneBinding04 ------------------.
  BoneListStartOffset           :  0 NULL ==> None
  Weight                        : 0.0
BoneBinding05 ------------------.
  BoneListStartOffset           :  0 NULL ==> None
  Weight                        : 0.0
BoneBinding06 ------------------.
  BoneListStartOffset           :  0 NULL ==> None
  Weight                        : 0.0
BoneBinding07 ------------------.
  BoneListStartOffset           :  0 NULL ==> None
  Weight                        : 0.0
Reserved                      : 0
ExtraData ----------------------. 
  DataBlockCount                : 0
  DataBlockStartOffset          : 0
  Pad0                          : ''
  Pad1                          : [ 0 ,  0 ]
--------------------------------------------------------------------------------
IGfVerts [ 183 / 212 ] (45684)
------------------------------.
Point --------------------------.
  X                             : 4.824650
  Y                             : 4.831368
  Z                             : -3.000001
  Weight                        : 1.000000
Normal -------------------------.
  X                             : 0.196295
  Y                             : 0.690786
  Z                             : -0.695883
  Weight                        : 1.000000
ValidUVsCount                 : 2
UV00 ---------------------------.
  U                             : 0.017112284898757935
  V                             : 0.46592581272125244
UV01 ---------------------------.
  U                             : 0.017112284898757935
  V                             : 0.46592581272125244
UV02 ---------------------------.
  U                             : 0.0
  V                             : 0.0
UV03 ---------------------------.
  U                             : 0.0
  V                             : 0.0
UV04 ---------------------------.
  U                             : 0.0
  V                             : 0.0
UV05 ---------------------------.
  U                             : 0.0
  V                             : 0.0
UV06 ---------------------------.
  U                             : 0.0
  V                             : 0.0
UV07 ---------------------------.
  U                             : 0.0
  V                             : 0.0
Color --------------------------.
    Red                           : 0.000000
    Green                         : 0.000000
    Blue                          : 0.000000
    Alpha                         : 1.000000
MaterialStartOffset           : 216
BoneCount                     : 2
BoneBinding00 ------------------.
  BoneListStartOffset           : 82372
  Weight                        : 0.10316333705519905
BoneBinding01 ------------------.
  BoneListStartOffset           : 82624
  Weight                        : 0.8968366629448009
BoneBinding02 ------------------.
  BoneListStartOffset           :  0 NULL ==> None
  Weight                        : 0.0
BoneBinding03 ------------------.
  BoneListStartOffset           :  0 NULL ==> None
  Weight                        : 0.0
BoneBinding04 ------------------.
  BoneListStartOffset           :  0 NULL ==> None
  Weight                        : 0.0
BoneBinding05 ------------------.
  BoneListStartOffset           :  0 NULL ==> None
  Weight                        : 0.0
BoneBinding06 ------------------.
  BoneListStartOffset           :  0 NULL ==> None
  Weight                        : 0.0
BoneBinding07 ------------------.
  BoneListStartOffset           :  0 NULL ==> None
  Weight                        : 0.0
Reserved                      : 0
ExtraData ----------------------. 
  DataBlockCount                : 0
  DataBlockStartOffset          : 0
  Pad0                          : ''
  Pad1                          : [ 0 ,  0 ]
--------------------------------------------------------------------------------
IGfVerts [ 184 / 212 ] (45924)
------------------------------.
Point --------------------------.
  X                             : 4.870107
  Y                             : 4.818521
  Z                             : 3.000000
  Weight                        : 1.000000
Normal -------------------------.
  X                             : 0.196844
  Y                             : 0.691366
  Z                             : 0.695120
  Weight                        : 1.000000
ValidUVsCount                 : 2
UV00 ---------------------------.
  U                             : 0.5196936130523682
  V                             : 0.4729102849960327
UV01 ---------------------------.
  U                             : 0.5196936130523682
  V                             : 0.4729102849960327
UV02 ---------------------------.
  U                             : 0.0
  V                             : 0.0
UV03 ---------------------------.
  U                             : 0.0
  V                             : 0.0
UV04 ---------------------------.
  U                             : 0.0
  V                             : 0.0
UV05 ---------------------------.
  U                             : 0.0
  V                             : 0.0
UV06 ---------------------------.
  U                             : 0.0
  V                             : 0.0
UV07 ---------------------------.
  U                             : 0.0
  V                             : 0.0
Color --------------------------.
    Red                           : 0.000000
    Green                         : 0.000000
    Blue                          : 0.000000
    Alpha                         : 1.000000
MaterialStartOffset           : 216
BoneCount                     : 2
BoneBinding00 ------------------.
  BoneListStartOffset           : 82372
  Weight                        : 0.10539307341252453
BoneBinding01 ------------------.
  BoneListStartOffset           : 82624
  Weight                        : 0.8946069265874754
BoneBinding02 ------------------.
  BoneListStartOffset           :  0 NULL ==> None
  Weight                        : 0.0
BoneBinding03 ------------------.
  BoneListStartOffset           :  0 NULL ==> None
  Weight                        : 0.0
BoneBinding04 ------------------.
  BoneListStartOffset           :  0 NULL ==> None
  Weight                        : 0.0
BoneBinding05 ------------------.
  BoneListStartOffset           :  0 NULL ==> None
  Weight                        : 0.0
BoneBinding06 ------------------.
  BoneListStartOffset           :  0 NULL ==> None
  Weight                        : 0.0
BoneBinding07 ------------------.
  BoneListStartOffset           :  0 NULL ==> None
  Weight                        : 0.0
Reserved                      : 0
ExtraData ----------------------. 
  DataBlockCount                : 0
  DataBlockStartOffset          : 0
  Pad0                          : ''
  Pad1                          : [ 0 ,  0 ]
--------------------------------------------------------------------------------
IGfVerts [ 185 / 212 ] (46164)
------------------------------.
Point --------------------------.
  X                             : 5.345860
  Y                             : 4.657174
  Z                             : -3.000000
  Weight                        : 1.000000
Normal -------------------------.
  X                             : 0.272073
  Y                             : 0.667013
  Z                             : -0.693564
  Weight                        : 1.000000
ValidUVsCount                 : 2
UV00 ---------------------------.
  U                             : 0.0171545147895813
  V                             : 0.5579896569252014
UV01 ---------------------------.
  U                             : 0.0171545147895813
  V                             : 0.5579896569252014
UV02 ---------------------------.
  U                             : 0.0
  V                             : 0.0
UV03 ---------------------------.
  U                             : 0.0
  V                             : 0.0
UV04 ---------------------------.
  U                             : 0.0
  V                             : 0.0
UV05 ---------------------------.
  U                             : 0.0
  V                             : 0.0
UV06 ---------------------------.
  U                             : 0.0
  V                             : 0.0
UV07 ---------------------------.
  U                             : 0.0
  V                             : 0.0
Color --------------------------.
    Red                           : 0.000000
    Green                         : 0.000000
    Blue                          : 0.000000
    Alpha                         : 1.000000
MaterialStartOffset           : 216
BoneCount                     : 2
BoneBinding00 ------------------.
  BoneListStartOffset           : 82372
  Weight                        : 0.13620183227555188
BoneBinding01 ------------------.
  BoneListStartOffset           : 82624
  Weight                        : 0.8637981677244482
BoneBinding02 ------------------.
  BoneListStartOffset           :  0 NULL ==> None
  Weight                        : 0.0
BoneBinding03 ------------------.
  BoneListStartOffset           :  0 NULL ==> None
  Weight                        : 0.0
BoneBinding04 ------------------.
  BoneListStartOffset           :  0 NULL ==> None
  Weight                        : 0.0
BoneBinding05 ------------------.
  BoneListStartOffset           :  0 NULL ==> None
  Weight                        : 0.0
BoneBinding06 ------------------.
  BoneListStartOffset           :  0 NULL ==> None
  Weight                        : 0.0
BoneBinding07 ------------------.
  BoneListStartOffset           :  0 NULL ==> None
  Weight                        : 0.0
Reserved                      : 0
ExtraData ----------------------. 
  DataBlockCount                : 0
  DataBlockStartOffset          : 0
  Pad0                          : ''
  Pad1                          : [ 0 ,  0 ]
--------------------------------------------------------------------------------
IGfVerts [ 186 / 212 ] (46404)
------------------------------.
Point --------------------------.
  X                             : 5.449498
  Y                             : 4.616082
  Z                             : 2.999999
  Weight                        : 1.000000
Normal -------------------------.
  X                             : 0.289376
  Y                             : 0.663137
  Z                             : 0.690237
  Weight                        : 1.000000
ValidUVsCount                 : 2
UV00 ---------------------------.
  U                             : 0.5197407007217407
  V                             : 0.5757285952568054
UV01 ---------------------------.
  U                             : 0.5197407007217407
  V                             : 0.5757285952568054
UV02 ---------------------------.
  U                             : 0.0
  V                             : 0.0
UV03 ---------------------------.
  U                             : 0.0
  V                             : 0.0
UV04 ---------------------------.
  U                             : 0.0
  V                             : 0.0
UV05 ---------------------------.
  U                             : 0.0
  V                             : 0.0
UV06 ---------------------------.
  U                             : 0.0
  V                             : 0.0
UV07 ---------------------------.
  U                             : 0.0
  V                             : 0.0
Color --------------------------.
    Red                           : 0.000000
    Green                         : 0.000000
    Blue                          : 0.000000
    Alpha                         : 1.000000
MaterialStartOffset           : 216
BoneCount                     : 2
BoneBinding00 ------------------.
  BoneListStartOffset           : 82372
  Weight                        : 0.14456123894859624
BoneBinding01 ------------------.
  BoneListStartOffset           : 82624
  Weight                        : 0.8554387610514038
BoneBinding02 ------------------.
  BoneListStartOffset           :  0 NULL ==> None
  Weight                        : 0.0
BoneBinding03 ------------------.
  BoneListStartOffset           :  0 NULL ==> None
  Weight                        : 0.0
BoneBinding04 ------------------.
  BoneListStartOffset           :  0 NULL ==> None
  Weight                        : 0.0
BoneBinding05 ------------------.
  BoneListStartOffset           :  0 NULL ==> None
  Weight                        : 0.0
BoneBinding06 ------------------.
  BoneListStartOffset           :  0 NULL ==> None
  Weight                        : 0.0
BoneBinding07 ------------------.
  BoneListStartOffset           :  0 NULL ==> None
  Weight                        : 0.0
Reserved                      : 0
ExtraData ----------------------. 
  DataBlockCount                : 0
  DataBlockStartOffset          : 0
  Pad0                          : ''
  Pad1                          : [ 0 ,  0 ]
--------------------------------------------------------------------------------
IGfVerts [ 187 / 212 ] (46644)
------------------------------.
Point --------------------------.
  X                             : 6.309120
  Y                             : 3.929032
  Z                             : -3.000000
  Weight                        : 1.000000
Normal -------------------------.
  X                             : 0.709067
  Y                             : 0.255013
  Z                             : -0.657369
  Weight                        : 1.000000
ValidUVsCount                 : 2
UV00 ---------------------------.
  U                             : 0.01725107431411743
  V                             : 0.7649021148681641
UV01 ---------------------------.
  U                             : 0.01725107431411743
  V                             : 0.7649021148681641
UV02 ---------------------------.
  U                             : 0.0
  V                             : 0.0
UV03 ---------------------------.
  U                             : 0.0
  V                             : 0.0
UV04 ---------------------------.
  U                             : 0.0
  V                             : 0.0
UV05 ---------------------------.
  U                             : 0.0
  V                             : 0.0
UV06 ---------------------------.
  U                             : 0.0
  V                             : 0.0
UV07 ---------------------------.
  U                             : 0.0
  V                             : 0.0
Color --------------------------.
    Red                           : 0.000000
    Green                         : 0.000000
    Blue                          : 0.000000
    Alpha                         : 1.000000
MaterialStartOffset           : 216
BoneCount                     : 2
BoneBinding00 ------------------.
  BoneListStartOffset           : 82372
  Weight                        : 0.31754646194289143
BoneBinding01 ------------------.
  BoneListStartOffset           : 82624
  Weight                        : 0.6824535380571085
BoneBinding02 ------------------.
  BoneListStartOffset           :  0 NULL ==> None
  Weight                        : 0.0
BoneBinding03 ------------------.
  BoneListStartOffset           :  0 NULL ==> None
  Weight                        : 0.0
BoneBinding04 ------------------.
  BoneListStartOffset           :  0 NULL ==> None
  Weight                        : 0.0
BoneBinding05 ------------------.
  BoneListStartOffset           :  0 NULL ==> None
  Weight                        : 0.0
BoneBinding06 ------------------.
  BoneListStartOffset           :  0 NULL ==> None
  Weight                        : 0.0
BoneBinding07 ------------------.
  BoneListStartOffset           :  0 NULL ==> None
  Weight                        : 0.0
Reserved                      : 0
ExtraData ----------------------. 
  DataBlockCount                : 0
  DataBlockStartOffset          : 0
  Pad0                          : ''
  Pad1                          : [ 0 ,  0 ]
--------------------------------------------------------------------------------
IGfVerts [ 188 / 212 ] (46884)
------------------------------.
Point --------------------------.
  X                             : 6.336990
  Y                             : 3.656819
  Z                             : -3.000000
  Weight                        : 1.000000
Normal -------------------------.
  X                             : 0.748161
  Y                             : -0.108737
  Z                             : -0.654530
  Weight                        : 1.000000
ValidUVsCount                 : 2
UV00 ---------------------------.
  U                             : 0.01726725697517395
  V                             : 0.8107434511184692
UV01 ---------------------------.
  U                             : 0.01726725697517395
  V                             : 0.8107434511184692
UV02 ---------------------------.
  U                             : 0.0
  V                             : 0.0
UV03 ---------------------------.
  U                             : 0.0
  V                             : 0.0
UV04 ---------------------------.
  U                             : 0.0
  V                             : 0.0
UV05 ---------------------------.
  U                             : 0.0
  V                             : 0.0
UV06 ---------------------------.
  U                             : 0.0
  V                             : 0.0
UV07 ---------------------------.
  U                             : 0.0
  V                             : 0.0
Color --------------------------.
    Red                           : 0.000000
    Green                         : 0.000000
    Blue                          : 0.000000
    Alpha                         : 1.000000
MaterialStartOffset           : 216
BoneCount                     : 2
BoneBinding00 ------------------.
  BoneListStartOffset           : 82372
  Weight                        : 0.3888630690914913
BoneBinding01 ------------------.
  BoneListStartOffset           : 82624
  Weight                        : 0.6111369309085087
BoneBinding02 ------------------.
  BoneListStartOffset           :  0 NULL ==> None
  Weight                        : 0.0
BoneBinding03 ------------------.
  BoneListStartOffset           :  0 NULL ==> None
  Weight                        : 0.0
BoneBinding04 ------------------.
  BoneListStartOffset           :  0 NULL ==> None
  Weight                        : 0.0
BoneBinding05 ------------------.
  BoneListStartOffset           :  0 NULL ==> None
  Weight                        : 0.0
BoneBinding06 ------------------.
  BoneListStartOffset           :  0 NULL ==> None
  Weight                        : 0.0
BoneBinding07 ------------------.
  BoneListStartOffset           :  0 NULL ==> None
  Weight                        : 0.0
Reserved                      : 0
ExtraData ----------------------. 
  DataBlockCount                : 0
  DataBlockStartOffset          : 0
  Pad0                          : ''
  Pad1                          : [ 0 ,  0 ]
--------------------------------------------------------------------------------
IGfVerts [ 189 / 212 ] (47124)
------------------------------.
Point --------------------------.
  X                             : 6.335304
  Y                             : 3.656934
  Z                             : 3.000000
  Weight                        : 1.000000
Normal -------------------------.
  X                             : 0.748650
  Y                             : -0.108798
  Z                             : 0.653951
  Weight                        : 1.000000
ValidUVsCount                 : 2
UV00 ---------------------------.
  U                             : 0.5198451280593872
  V                             : 0.8099805116653442
UV01 ---------------------------.
  U                             : 0.5198451280593872
  V                             : 0.8099805116653442
UV02 ---------------------------.
  U                             : 0.0
  V                             : 0.0
UV03 ---------------------------.
  U                             : 0.0
  V                             : 0.0
UV04 ---------------------------.
  U                             : 0.0
  V                             : 0.0
UV05 ---------------------------.
  U                             : 0.0
  V                             : 0.0
UV06 ---------------------------.
  U                             : 0.0
  V                             : 0.0
UV07 ---------------------------.
  U                             : 0.0
  V                             : 0.0
Color --------------------------.
    Red                           : 0.000000
    Green                         : 0.000000
    Blue                          : 0.000000
    Alpha                         : 1.000000
MaterialStartOffset           : 216
BoneCount                     : 2
BoneBinding00 ------------------.
  BoneListStartOffset           : 82372
  Weight                        : 0.3888464142216001
BoneBinding01 ------------------.
  BoneListStartOffset           : 82624
  Weight                        : 0.6111535857784
BoneBinding02 ------------------.
  BoneListStartOffset           :  0 NULL ==> None
  Weight                        : 0.0
BoneBinding03 ------------------.
  BoneListStartOffset           :  0 NULL ==> None
  Weight                        : 0.0
BoneBinding04 ------------------.
  BoneListStartOffset           :  0 NULL ==> None
  Weight                        : 0.0
BoneBinding05 ------------------.
  BoneListStartOffset           :  0 NULL ==> None
  Weight                        : 0.0
BoneBinding06 ------------------.
  BoneListStartOffset           :  0 NULL ==> None
  Weight                        : 0.0
BoneBinding07 ------------------.
  BoneListStartOffset           :  0 NULL ==> None
  Weight                        : 0.0
Reserved                      : 0
ExtraData ----------------------. 
  DataBlockCount                : 0
  DataBlockStartOffset          : 0
  Pad0                          : ''
  Pad1                          : [ 0 ,  0 ]
--------------------------------------------------------------------------------
IGfVerts [ 190 / 212 ] (47364)
------------------------------.
Point --------------------------.
  X                             : 6.295863
  Y                             : 3.980016
  Z                             : 3.000000
  Weight                        : 1.000000
Normal -------------------------.
  X                             : 0.694235
  Y                             : 0.319468
  Z                             : 0.644917
  Weight                        : 1.000000
ValidUVsCount                 : 2
UV00 ---------------------------.
  U                             : 0.5198260545730591
  V                             : 0.7554529905319214
UV01 ---------------------------.
  U                             : 0.5198260545730591
  V                             : 0.7554529905319214
UV02 ---------------------------.
  U                             : 0.0
  V                             : 0.0
UV03 ---------------------------.
  U                             : 0.0
  V                             : 0.0
UV04 ---------------------------.
  U                             : 0.0
  V                             : 0.0
UV05 ---------------------------.
  U                             : 0.0
  V                             : 0.0
UV06 ---------------------------.
  U                             : 0.0
  V                             : 0.0
UV07 ---------------------------.
  U                             : 0.0
  V                             : 0.0
Color --------------------------.
    Red                           : 0.000000
    Green                         : 0.000000
    Blue                          : 0.000000
    Alpha                         : 1.000000
MaterialStartOffset           : 216
BoneCount                     : 2
BoneBinding00 ------------------.
  BoneListStartOffset           : 82372
  Weight                        : 0.3034898609447982
BoneBinding01 ------------------.
  BoneListStartOffset           : 82624
  Weight                        : 0.6965101390552019
BoneBinding02 ------------------.
  BoneListStartOffset           :  0 NULL ==> None
  Weight                        : 0.0
BoneBinding03 ------------------.
  BoneListStartOffset           :  0 NULL ==> None
  Weight                        : 0.0
BoneBinding04 ------------------.
  BoneListStartOffset           :  0 NULL ==> None
  Weight                        : 0.0
BoneBinding05 ------------------.
  BoneListStartOffset           :  0 NULL ==> None
  Weight                        : 0.0
BoneBinding06 ------------------.
  BoneListStartOffset           :  0 NULL ==> None
  Weight                        : 0.0
BoneBinding07 ------------------.
  BoneListStartOffset           :  0 NULL ==> None
  Weight                        : 0.0
Reserved                      : 0
ExtraData ----------------------. 
  DataBlockCount                : 0
  DataBlockStartOffset          : 0
  Pad0                          : ''
  Pad1                          : [ 0 ,  0 ]
--------------------------------------------------------------------------------
IGfVerts [ 191 / 212 ] (47604)
------------------------------.
Point --------------------------.
  X                             : 5.833012
  Y                             : 4.424111
  Z                             : -3.000000
  Weight                        : 1.000000
Normal -------------------------.
  X                             : 0.389019
  Y                             : 0.618549
  Z                             : -0.682669
  Weight                        : 1.000000
ValidUVsCount                 : 2
UV00 ---------------------------.
  U                             : 0.017194628715515137
  V                             : 0.6484593749046326
UV01 ---------------------------.
  U                             : 0.017194628715515137
  V                             : 0.6484593749046326
UV02 ---------------------------.
  U                             : 0.0
  V                             : 0.0
UV03 ---------------------------.
  U                             : 0.0
  V                             : 0.0
UV04 ---------------------------.
  U                             : 0.0
  V                             : 0.0
UV05 ---------------------------.
  U                             : 0.0
  V                             : 0.0
UV06 ---------------------------.
  U                             : 0.0
  V                             : 0.0
UV07 ---------------------------.
  U                             : 0.0
  V                             : 0.0
Color --------------------------.
    Red                           : 0.000000
    Green                         : 0.000000
    Blue                          : 0.000000
    Alpha                         : 1.000000
MaterialStartOffset           : 216
BoneCount                     : 2
BoneBinding00 ------------------.
  BoneListStartOffset           : 82372
  Weight                        : 0.1871867108729205
BoneBinding01 ------------------.
  BoneListStartOffset           : 82624
  Weight                        : 0.8128132891270795
BoneBinding02 ------------------.
  BoneListStartOffset           :  0 NULL ==> None
  Weight                        : 0.0
BoneBinding03 ------------------.
  BoneListStartOffset           :  0 NULL ==> None
  Weight                        : 0.0
BoneBinding04 ------------------.
  BoneListStartOffset           :  0 NULL ==> None
  Weight                        : 0.0
BoneBinding05 ------------------.
  BoneListStartOffset           :  0 NULL ==> None
  Weight                        : 0.0
BoneBinding06 ------------------.
  BoneListStartOffset           :  0 NULL ==> None
  Weight                        : 0.0
BoneBinding07 ------------------.
  BoneListStartOffset           :  0 NULL ==> None
  Weight                        : 0.0
Reserved                      : 0
ExtraData ----------------------. 
  DataBlockCount                : 0
  DataBlockStartOffset          : 0
  Pad0                          : ''
  Pad1                          : [ 0 ,  0 ]
--------------------------------------------------------------------------------
IGfVerts [ 192 / 212 ] (47844)
------------------------------.
Point --------------------------.
  X                             : 5.956563
  Y                             : 4.343019
  Z                             : 2.999999
  Weight                        : 1.000000
Normal -------------------------.
  X                             : 0.450850
  Y                             : 0.585742
  Z                             : 0.673482
  Weight                        : 1.000000
ValidUVsCount                 : 2
UV00 ---------------------------.
  U                             : 0.5197846293449402
  V                             : 0.6722106337547302
UV01 ---------------------------.
  U                             : 0.5197846293449402
  V                             : 0.6722106337547302
UV02 ---------------------------.
  U                             : 0.0
  V                             : 0.0
UV03 ---------------------------.
  U                             : 0.0
  V                             : 0.0
UV04 ---------------------------.
  U                             : 0.0
  V                             : 0.0
UV05 ---------------------------.
  U                             : 0.0
  V                             : 0.0
UV06 ---------------------------.
  U                             : 0.0
  V                             : 0.0
UV07 ---------------------------.
  U                             : 0.0
  V                             : 0.0
Color --------------------------.
    Red                           : 0.000000
    Green                         : 0.000000
    Blue                          : 0.000000
    Alpha                         : 1.000000
MaterialStartOffset           : 216
BoneCount                     : 2
BoneBinding00 ------------------.
  BoneListStartOffset           : 82372
  Weight                        : 0.20686375129250226
BoneBinding01 ------------------.
  BoneListStartOffset           : 82624
  Weight                        : 0.7931362487074978
BoneBinding02 ------------------.
  BoneListStartOffset           :  0 NULL ==> None
  Weight                        : 0.0
BoneBinding03 ------------------.
  BoneListStartOffset           :  0 NULL ==> None
  Weight                        : 0.0
BoneBinding04 ------------------.
  BoneListStartOffset           :  0 NULL ==> None
  Weight                        : 0.0
BoneBinding05 ------------------.
  BoneListStartOffset           :  0 NULL ==> None
  Weight                        : 0.0
BoneBinding06 ------------------.
  BoneListStartOffset           :  0 NULL ==> None
  Weight                        : 0.0
BoneBinding07 ------------------.
  BoneListStartOffset           :  0 NULL ==> None
  Weight                        : 0.0
Reserved                      : 0
ExtraData ----------------------. 
  DataBlockCount                : 0
  DataBlockStartOffset          : 0
  Pad0                          : ''
  Pad1                          : [ 0 ,  0 ]
--------------------------------------------------------------------------------
IGfVerts [ 193 / 212 ] (48084)
------------------------------.
Point --------------------------.
  X                             : 6.153400
  Y                             : 4.166451
  Z                             : -3.000000
  Weight                        : 1.000000
Normal -------------------------.
  X                             : 0.546556
  Y                             : 0.496200
  Z                             : -0.674520
  Weight                        : 1.000000
ValidUVsCount                 : 2
UV00 ---------------------------.
  U                             : 0.017225325107574463
  V                             : 0.7173364162445068
UV01 ---------------------------.
  U                             : 0.017225325107574463
  V                             : 0.7173364162445068
UV02 ---------------------------.
  U                             : 0.0
  V                             : 0.0
UV03 ---------------------------.
  U                             : 0.0
  V                             : 0.0
UV04 ---------------------------.
  U                             : 0.0
  V                             : 0.0
UV05 ---------------------------.
  U                             : 0.0
  V                             : 0.0
UV06 ---------------------------.
  U                             : 0.0
  V                             : 0.0
UV07 ---------------------------.
  U                             : 0.0
  V                             : 0.0
Color --------------------------.
    Red                           : 0.000000
    Green                         : 0.000000
    Blue                          : 0.000000
    Alpha                         : 1.000000
MaterialStartOffset           : 216
BoneCount                     : 2
BoneBinding00 ------------------.
  BoneListStartOffset           : 82372
  Weight                        : 0.25253671408805795
BoneBinding01 ------------------.
  BoneListStartOffset           : 82624
  Weight                        : 0.7474632859119421
BoneBinding02 ------------------.
  BoneListStartOffset           :  0 NULL ==> None
  Weight                        : 0.0
BoneBinding03 ------------------.
  BoneListStartOffset           :  0 NULL ==> None
  Weight                        : 0.0
BoneBinding04 ------------------.
  BoneListStartOffset           :  0 NULL ==> None
  Weight                        : 0.0
BoneBinding05 ------------------.
  BoneListStartOffset           :  0 NULL ==> None
  Weight                        : 0.0
BoneBinding06 ------------------.
  BoneListStartOffset           :  0 NULL ==> None
  Weight                        : 0.0
BoneBinding07 ------------------.
  BoneListStartOffset           :  0 NULL ==> None
  Weight                        : 0.0
Reserved                      : 0
ExtraData ----------------------. 
  DataBlockCount                : 0
  DataBlockStartOffset          : 0
  Pad0                          : ''
  Pad1                          : [ 0 ,  0 ]
--------------------------------------------------------------------------------
IGfVerts [ 194 / 212 ] (48324)
------------------------------.
Point --------------------------.
  X                             : 6.205133
  Y                             : 3.351807
  Z                             : -3.000000
  Weight                        : 1.000000
Normal -------------------------.
  X                             : 0.603778
  Y                             : -0.447035
  Z                             : -0.659963
  Weight                        : 1.000000
ValidUVsCount                 : 2
UV00 ---------------------------.
  U                             : 0.017290949821472168
  V                             : 0.8664112091064453
UV01 ---------------------------.
  U                             : 0.017290949821472168
  V                             : 0.8664112091064453
UV02 ---------------------------.
  U                             : 0.0
  V                             : 0.0
UV03 ---------------------------.
  U                             : 0.0
  V                             : 0.0
UV04 ---------------------------.
  U                             : 0.0
  V                             : 0.0
UV05 ---------------------------.
  U                             : 0.0
  V                             : 0.0
UV06 ---------------------------.
  U                             : 0.0
  V                             : 0.0
UV07 ---------------------------.
  U                             : 0.0
  V                             : 0.0
Color --------------------------.
    Red                           : 0.000000
    Green                         : 0.000000
    Blue                          : 0.000000
    Alpha                         : 1.000000
MaterialStartOffset           : 216
BoneCount                     : 2
BoneBinding00 ------------------.
  BoneListStartOffset           : 82372
  Weight                        : 0.4532527241073492
BoneBinding01 ------------------.
  BoneListStartOffset           : 82624
  Weight                        : 0.5467472758926508
BoneBinding02 ------------------.
  BoneListStartOffset           :  0 NULL ==> None
  Weight                        : 0.0
BoneBinding03 ------------------.
  BoneListStartOffset           :  0 NULL ==> None
  Weight                        : 0.0
BoneBinding04 ------------------.
  BoneListStartOffset           :  0 NULL ==> None
  Weight                        : 0.0
BoneBinding05 ------------------.
  BoneListStartOffset           :  0 NULL ==> None
  Weight                        : 0.0
BoneBinding06 ------------------.
  BoneListStartOffset           :  0 NULL ==> None
  Weight                        : 0.0
BoneBinding07 ------------------.
  BoneListStartOffset           :  0 NULL ==> None
  Weight                        : 0.0
Reserved                      : 0
ExtraData ----------------------. 
  DataBlockCount                : 0
  DataBlockStartOffset          : 0
  Pad0                          : ''
  Pad1                          : [ 0 ,  0 ]
--------------------------------------------------------------------------------
IGfVerts [ 195 / 212 ] (48564)
------------------------------.
Point --------------------------.
  X                             : 6.208247
  Y                             : 3.351716
  Z                             : 2.999999
  Weight                        : 1.000000
Normal -------------------------.
  X                             : 0.606464
  Y                             : -0.448927
  Z                             : 0.656209
  Weight                        : 1.000000
ValidUVsCount                 : 2
UV00 ---------------------------.
  U                             : 0.5198684930801392
  V                             : 0.865365743637085
UV01 ---------------------------.
  U                             : 0.5198684930801392
  V                             : 0.865365743637085
UV02 ---------------------------.
  U                             : 0.0
  V                             : 0.0
UV03 ---------------------------.
  U                             : 0.0
  V                             : 0.0
UV04 ---------------------------.
  U                             : 0.0
  V                             : 0.0
UV05 ---------------------------.
  U                             : 0.0
  V                             : 0.0
UV06 ---------------------------.
  U                             : 0.0
  V                             : 0.0
UV07 ---------------------------.
  U                             : 0.0
  V                             : 0.0
Color --------------------------.
    Red                           : 0.000000
    Green                         : 0.000000
    Blue                          : 0.000000
    Alpha                         : 1.000000
MaterialStartOffset           : 216
BoneCount                     : 2
BoneBinding00 ------------------.
  BoneListStartOffset           : 82372
  Weight                        : 0.4530471122928952
BoneBinding01 ------------------.
  BoneListStartOffset           : 82624
  Weight                        : 0.5469528877071048
BoneBinding02 ------------------.
  BoneListStartOffset           :  0 NULL ==> None
  Weight                        : 0.0
BoneBinding03 ------------------.
  BoneListStartOffset           :  0 NULL ==> None
  Weight                        : 0.0
BoneBinding04 ------------------.
  BoneListStartOffset           :  0 NULL ==> None
  Weight                        : 0.0
BoneBinding05 ------------------.
  BoneListStartOffset           :  0 NULL ==> None
  Weight                        : 0.0
BoneBinding06 ------------------.
  BoneListStartOffset           :  0 NULL ==> None
  Weight                        : 0.0
BoneBinding07 ------------------.
  BoneListStartOffset           :  0 NULL ==> None
  Weight                        : 0.0
Reserved                      : 0
ExtraData ----------------------. 
  DataBlockCount                : 0
  DataBlockStartOffset          : 0
  Pad0                          : ''
  Pad1                          : [ 0 ,  0 ]
--------------------------------------------------------------------------------
IGfVerts [ 196 / 212 ] (48804)
------------------------------.
Point --------------------------.
  X                             : 5.734695
  Y                             : 2.951485
  Z                             : -3.000000
  Weight                        : 1.000000
Normal -------------------------.
  X                             : 0.392529
  Y                             : -0.621754
  Z                             : -0.677694
  Weight                        : 1.000000
ValidUVsCount                 : 2
UV00 ---------------------------.
  U                             : 0.01732492446899414
  V                             : 0.9698941111564636
UV01 ---------------------------.
  U                             : 0.01732492446899414
  V                             : 0.9698941111564636
UV02 ---------------------------.
  U                             : 0.0
  V                             : 0.0
UV03 ---------------------------.
  U                             : 0.0
  V                             : 0.0
UV04 ---------------------------.
  U                             : 0.0
  V                             : 0.0
UV05 ---------------------------.
  U                             : 0.0
  V                             : 0.0
UV06 ---------------------------.
  U                             : 0.0
  V                             : 0.0
UV07 ---------------------------.
  U                             : 0.0
  V                             : 0.0
Color --------------------------.
    Red                           : 0.000000
    Green                         : 0.000000
    Blue                          : 0.000000
    Alpha                         : 1.000000
MaterialStartOffset           : 216
BoneCount                     : 2
BoneBinding00 ------------------.
  BoneListStartOffset           : 82372
  Weight                        : 0.5205314858042824
BoneBinding01 ------------------.
  BoneListStartOffset           : 82624
  Weight                        : 0.47946851419571757
BoneBinding02 ------------------.
  BoneListStartOffset           :  0 NULL ==> None
  Weight                        : 0.0
BoneBinding03 ------------------.
  BoneListStartOffset           :  0 NULL ==> None
  Weight                        : 0.0
BoneBinding04 ------------------.
  BoneListStartOffset           :  0 NULL ==> None
  Weight                        : 0.0
BoneBinding05 ------------------.
  BoneListStartOffset           :  0 NULL ==> None
  Weight                        : 0.0
BoneBinding06 ------------------.
  BoneListStartOffset           :  0 NULL ==> None
  Weight                        : 0.0
BoneBinding07 ------------------.
  BoneListStartOffset           :  0 NULL ==> None
  Weight                        : 0.0
Reserved                      : 0
ExtraData ----------------------. 
  DataBlockCount                : 0
  DataBlockStartOffset          : 0
  Pad0                          : ''
  Pad1                          : [ 0 ,  0 ]
--------------------------------------------------------------------------------
IGfVerts [ 197 / 212 ] (49044)
------------------------------.
Point --------------------------.
  X                             : 5.694802
  Y                             : 2.927529
  Z                             : 2.999999
  Weight                        : 1.000000
Normal -------------------------.
  X                             : 0.391430
  Y                             : -0.621845
  Z                             : 0.678274
  Weight                        : 1.000000
ValidUVsCount                 : 2
UV00 ---------------------------.
  U                             : 0.5199053287506104
  V                             : 0.9769378900527954
UV01 ---------------------------.
  U                             : 0.5199053287506104
  V                             : 0.9769378900527954
UV02 ---------------------------.
  U                             : 0.0
  V                             : 0.0
UV03 ---------------------------.
  U                             : 0.0
  V                             : 0.0
UV04 ---------------------------.
  U                             : 0.0
  V                             : 0.0
UV05 ---------------------------.
  U                             : 0.0
  V                             : 0.0
UV06 ---------------------------.
  U                             : 0.0
  V                             : 0.0
UV07 ---------------------------.
  U                             : 0.0
  V                             : 0.0
Color --------------------------.
    Red                           : 0.000000
    Green                         : 0.000000
    Blue                          : 0.000000
    Alpha                         : 1.000000
MaterialStartOffset           : 216
BoneCount                     : 2
BoneBinding00 ------------------.
  BoneListStartOffset           : 82372
  Weight                        : 0.5260904497157334
BoneBinding01 ------------------.
  BoneListStartOffset           : 82624
  Weight                        : 0.47390955028426657
BoneBinding02 ------------------.
  BoneListStartOffset           :  0 NULL ==> None
  Weight                        : 0.0
BoneBinding03 ------------------.
  BoneListStartOffset           :  0 NULL ==> None
  Weight                        : 0.0
BoneBinding04 ------------------.
  BoneListStartOffset           :  0 NULL ==> None
  Weight                        : 0.0
BoneBinding05 ------------------.
  BoneListStartOffset           :  0 NULL ==> None
  Weight                        : 0.0
BoneBinding06 ------------------.
  BoneListStartOffset           :  0 NULL ==> None
  Weight                        : 0.0
BoneBinding07 ------------------.
  BoneListStartOffset           :  0 NULL ==> None
  Weight                        : 0.0
Reserved                      : 0
ExtraData ----------------------. 
  DataBlockCount                : 0
  DataBlockStartOffset          : 0
  Pad0                          : ''
  Pad1                          : [ 0 ,  0 ]
--------------------------------------------------------------------------------
IGfVerts [ 198 / 212 ] (49284)
------------------------------.
Point --------------------------.
  X                             : 4.967930
  Y                             : 2.596932
  Z                             : -3.000000
  Weight                        : 1.000000
Normal -------------------------.
  X                             : 0.260811
  Y                             : -0.670888
  Z                             : -0.694143
  Weight                        : 1.000000
ValidUVsCount                 : 2
UV00 ---------------------------.
  U                             : 0.017374694347381592
  V                             : 1.1114155054092407
UV01 ---------------------------.
  U                             : 0.017374694347381592
  V                             : 1.1114155054092407
UV02 ---------------------------.
  U                             : 0.0
  V                             : 0.0
UV03 ---------------------------.
  U                             : 0.0
  V                             : 0.0
UV04 ---------------------------.
  U                             : 0.0
  V                             : 0.0
UV05 ---------------------------.
  U                             : 0.0
  V                             : 0.0
UV06 ---------------------------.
  U                             : 0.0
  V                             : 0.0
UV07 ---------------------------.
  U                             : 0.0
  V                             : 0.0
Color --------------------------.
    Red                           : 0.000000
    Green                         : 0.000000
    Blue                          : 0.000000
    Alpha                         : 1.000000
MaterialStartOffset           : 216
BoneCount                     : 2
BoneBinding00 ------------------.
  BoneListStartOffset           : 82372
  Weight                        : 0.580892471948962
BoneBinding01 ------------------.
  BoneListStartOffset           : 82624
  Weight                        : 0.41910752805103796
BoneBinding02 ------------------.
  BoneListStartOffset           :  0 NULL ==> None
  Weight                        : 0.0
BoneBinding03 ------------------.
  BoneListStartOffset           :  0 NULL ==> None
  Weight                        : 0.0
BoneBinding04 ------------------.
  BoneListStartOffset           :  0 NULL ==> None
  Weight                        : 0.0
BoneBinding05 ------------------.
  BoneListStartOffset           :  0 NULL ==> None
  Weight                        : 0.0
BoneBinding06 ------------------.
  BoneListStartOffset           :  0 NULL ==> None
  Weight                        : 0.0
BoneBinding07 ------------------.
  BoneListStartOffset           :  0 NULL ==> None
  Weight                        : 0.0
Reserved                      : 0
ExtraData ----------------------. 
  DataBlockCount                : 0
  DataBlockStartOffset          : 0
  Pad0                          : ''
  Pad1                          : [ 0 ,  0 ]
--------------------------------------------------------------------------------
IGfVerts [ 199 / 212 ] (49524)
------------------------------.
Point --------------------------.
  X                             : 4.910985
  Y                             : 2.575692
  Z                             : 3.000000
  Weight                        : 1.000000
Normal -------------------------.
  X                             : 0.260079
  Y                             : -0.670492
  Z                             : 0.694815
  Weight                        : 1.000000
ValidUVsCount                 : 2
UV00 ---------------------------.
  U                             : 0.5199559926986694
  V                             : 1.1208688020706177
UV01 ---------------------------.
  U                             : 0.5199559926986694
  V                             : 1.1208688020706177
UV02 ---------------------------.
  U                             : 0.0
  V                             : 0.0
UV03 ---------------------------.
  U                             : 0.0
  V                             : 0.0
UV04 ---------------------------.
  U                             : 0.0
  V                             : 0.0
UV05 ---------------------------.
  U                             : 0.0
  V                             : 0.0
UV06 ---------------------------.
  U                             : 0.0
  V                             : 0.0
UV07 ---------------------------.
  U                             : 0.0
  V                             : 0.0
Color --------------------------.
    Red                           : 0.000000
    Green                         : 0.000000
    Blue                          : 0.000000
    Alpha                         : 1.000000
MaterialStartOffset           : 216
BoneCount                     : 2
BoneBinding00 ------------------.
  BoneListStartOffset           : 82372
  Weight                        : 0.5860437875662927
BoneBinding01 ------------------.
  BoneListStartOffset           : 82624
  Weight                        : 0.41395621243370734
BoneBinding02 ------------------.
  BoneListStartOffset           :  0 NULL ==> None
  Weight                        : 0.0
BoneBinding03 ------------------.
  BoneListStartOffset           :  0 NULL ==> None
  Weight                        : 0.0
BoneBinding04 ------------------.
  BoneListStartOffset           :  0 NULL ==> None
  Weight                        : 0.0
BoneBinding05 ------------------.
  BoneListStartOffset           :  0 NULL ==> None
  Weight                        : 0.0
BoneBinding06 ------------------.
  BoneListStartOffset           :  0 NULL ==> None
  Weight                        : 0.0
BoneBinding07 ------------------.
  BoneListStartOffset           :  0 NULL ==> None
  Weight                        : 0.0
Reserved                      : 0
ExtraData ----------------------. 
  DataBlockCount                : 0
  DataBlockStartOffset          : 0
  Pad0                          : ''
  Pad1                          : [ 0 ,  0 ]
--------------------------------------------------------------------------------
IGfVerts [ 200 / 212 ] (49764)
------------------------------.
Point --------------------------.
  X                             : 4.016605
  Y                             : 2.285927
  Z                             : -3.000000
  Weight                        : 1.000000
Normal -------------------------.
  X                             : 0.200903
  Y                             : -0.684591
  Z                             : -0.700674
  Weight                        : 1.000000
ValidUVsCount                 : 2
UV00 ---------------------------.
  U                             : 0.017434656620025635
  V                             : 1.279086947441101
UV01 ---------------------------.
  U                             : 0.017434656620025635
  V                             : 1.279086947441101
UV02 ---------------------------.
  U                             : 0.0
  V                             : 0.0
UV03 ---------------------------.
  U                             : 0.0
  V                             : 0.0
UV04 ---------------------------.
  U                             : 0.0
  V                             : 0.0
UV05 ---------------------------.
  U                             : 0.0
  V                             : 0.0
UV06 ---------------------------.
  U                             : 0.0
  V                             : 0.0
UV07 ---------------------------.
  U                             : 0.0
  V                             : 0.0
Color --------------------------.
    Red                           : 0.000000
    Green                         : 0.000000
    Blue                          : 0.000000
    Alpha                         : 1.000000
MaterialStartOffset           : 216
BoneCount                     : 2
BoneBinding00 ------------------.
  BoneListStartOffset           : 82372
  Weight                        : 0.6397478837512198
BoneBinding01 ------------------.
  BoneListStartOffset           : 82624
  Weight                        : 0.3602521162487802
BoneBinding02 ------------------.
  BoneListStartOffset           :  0 NULL ==> None
  Weight                        : 0.0
BoneBinding03 ------------------.
  BoneListStartOffset           :  0 NULL ==> None
  Weight                        : 0.0
BoneBinding04 ------------------.
  BoneListStartOffset           :  0 NULL ==> None
  Weight                        : 0.0
BoneBinding05 ------------------.
  BoneListStartOffset           :  0 NULL ==> None
  Weight                        : 0.0
BoneBinding06 ------------------.
  BoneListStartOffset           :  0 NULL ==> None
  Weight                        : 0.0
BoneBinding07 ------------------.
  BoneListStartOffset           :  0 NULL ==> None
  Weight                        : 0.0
Reserved                      : 0
ExtraData ----------------------. 
  DataBlockCount                : 0
  DataBlockStartOffset          : 0
  Pad0                          : ''
  Pad1                          : [ 0 ,  0 ]
--------------------------------------------------------------------------------
IGfVerts [ 201 / 212 ] (50004)
------------------------------.
Point --------------------------.
  X                             : 3.938421
  Y                             : 2.263375
  Z                             : 3.000000
  Weight                        : 1.000000
Normal -------------------------.
  X                             : 0.200476
  Y                             : -0.684408
  Z                             : 0.700949
  Weight                        : 1.000000
ValidUVsCount                 : 2
UV00 ---------------------------.
  U                             : 0.5200173854827881
  V                             : 1.2919937372207642
UV01 ---------------------------.
  U                             : 0.5200173854827881
  V                             : 1.2919937372207642
UV02 ---------------------------.
  U                             : 0.0
  V                             : 0.0
UV03 ---------------------------.
  U                             : 0.0
  V                             : 0.0
UV04 ---------------------------.
  U                             : 0.0
  V                             : 0.0
UV05 ---------------------------.
  U                             : 0.0
  V                             : 0.0
UV06 ---------------------------.
  U                             : 0.0
  V                             : 0.0
UV07 ---------------------------.
  U                             : 0.0
  V                             : 0.0
Color --------------------------.
    Red                           : 0.000000
    Green                         : 0.000000
    Blue                          : 0.000000
    Alpha                         : 1.000000
MaterialStartOffset           : 216
BoneCount                     : 2
BoneBinding00 ------------------.
  BoneListStartOffset           : 82372
  Weight                        : 0.6466504157683306
BoneBinding01 ------------------.
  BoneListStartOffset           : 82624
  Weight                        : 0.3533495842316694
BoneBinding02 ------------------.
  BoneListStartOffset           :  0 NULL ==> None
  Weight                        : 0.0
BoneBinding03 ------------------.
  BoneListStartOffset           :  0 NULL ==> None
  Weight                        : 0.0
BoneBinding04 ------------------.
  BoneListStartOffset           :  0 NULL ==> None
  Weight                        : 0.0
BoneBinding05 ------------------.
  BoneListStartOffset           :  0 NULL ==> None
  Weight                        : 0.0
BoneBinding06 ------------------.
  BoneListStartOffset           :  0 NULL ==> None
  Weight                        : 0.0
BoneBinding07 ------------------.
  BoneListStartOffset           :  0 NULL ==> None
  Weight                        : 0.0
Reserved                      : 0
ExtraData ----------------------. 
  DataBlockCount                : 0
  DataBlockStartOffset          : 0
  Pad0                          : ''
  Pad1                          : [ 0 ,  0 ]
--------------------------------------------------------------------------------
IGfVerts [ 202 / 212 ] (50244)
------------------------------.
Point --------------------------.
  X                             : 2.855900
  Y                             : 1.979195
  Z                             : -3.000000
  Weight                        : 1.000000
Normal -------------------------.
  X                             : 0.172338
  Y                             : -0.688681
  Z                             : -0.704245
  Weight                        : 1.000000
ValidUVsCount                 : 2
UV00 ---------------------------.
  U                             : 0.017506957054138184
  V                             : 1.480210542678833
UV01 ---------------------------.
  U                             : 0.017506957054138184
  V                             : 1.480210542678833
UV02 ---------------------------.
  U                             : 0.0
  V                             : 0.0
UV03 ---------------------------.
  U                             : 0.0
  V                             : 0.0
UV04 ---------------------------.
  U                             : 0.0
  V                             : 0.0
UV05 ---------------------------.
  U                             : 0.0
  V                             : 0.0
UV06 ---------------------------.
  U                             : 0.0
  V                             : 0.0
UV07 ---------------------------.
  U                             : 0.0
  V                             : 0.0
Color --------------------------.
    Red                           : 0.000000
    Green                         : 0.000000
    Blue                          : 0.000000
    Alpha                         : 1.000000
MaterialStartOffset           : 216
BoneCount                     : 2
BoneBinding00 ------------------.
  BoneListStartOffset           : 82372
  Weight                        : 0.7079108582647531
BoneBinding01 ------------------.
  BoneListStartOffset           : 82624
  Weight                        : 0.2920891417352469
BoneBinding02 ------------------.
  BoneListStartOffset           :  0 NULL ==> None
  Weight                        : 0.0
BoneBinding03 ------------------.
  BoneListStartOffset           :  0 NULL ==> None
  Weight                        : 0.0
BoneBinding04 ------------------.
  BoneListStartOffset           :  0 NULL ==> None
  Weight                        : 0.0
BoneBinding05 ------------------.
  BoneListStartOffset           :  0 NULL ==> None
  Weight                        : 0.0
BoneBinding06 ------------------.
  BoneListStartOffset           :  0 NULL ==> None
  Weight                        : 0.0
BoneBinding07 ------------------.
  BoneListStartOffset           :  0 NULL ==> None
  Weight                        : 0.0
Reserved                      : 0
ExtraData ----------------------. 
  DataBlockCount                : 0
  DataBlockStartOffset          : 0
  Pad0                          : ''
  Pad1                          : [ 0 ,  0 ]
--------------------------------------------------------------------------------
IGfVerts [ 203 / 212 ] (50484)
------------------------------.
Point --------------------------.
  X                             : 2.807928
  Y                             : 1.967721
  Z                             : 2.999999
  Weight                        : 1.000000
Normal -------------------------.
  X                             : 0.171758
  Y                             : -0.688681
  Z                             : 0.704398
  Weight                        : 1.000000
ValidUVsCount                 : 2
UV00 ---------------------------.
  U                             : 0.5200875997543335
  V                             : 1.4877502918243408
UV01 ---------------------------.
  U                             : 0.5200875997543335
  V                             : 1.4877502918243408
UV02 ---------------------------.
  U                             : 0.0
  V                             : 0.0
UV03 ---------------------------.
  U                             : 0.0
  V                             : 0.0
UV04 ---------------------------.
  U                             : 0.0
  V                             : 0.0
UV05 ---------------------------.
  U                             : 0.0
  V                             : 0.0
UV06 ---------------------------.
  U                             : 0.0
  V                             : 0.0
UV07 ---------------------------.
  U                             : 0.0
  V                             : 0.0
Color --------------------------.
    Red                           : 0.000000
    Green                         : 0.000000
    Blue                          : 0.000000
    Alpha                         : 1.000000
MaterialStartOffset           : 216
BoneCount                     : 2
BoneBinding00 ------------------.
  BoneListStartOffset           : 82372
  Weight                        : 0.7116170117876529
BoneBinding01 ------------------.
  BoneListStartOffset           : 82624
  Weight                        : 0.28838298821234704
BoneBinding02 ------------------.
  BoneListStartOffset           :  0 NULL ==> None
  Weight                        : 0.0
BoneBinding03 ------------------.
  BoneListStartOffset           :  0 NULL ==> None
  Weight                        : 0.0
BoneBinding04 ------------------.
  BoneListStartOffset           :  0 NULL ==> None
  Weight                        : 0.0
BoneBinding05 ------------------.
  BoneListStartOffset           :  0 NULL ==> None
  Weight                        : 0.0
BoneBinding06 ------------------.
  BoneListStartOffset           :  0 NULL ==> None
  Weight                        : 0.0
BoneBinding07 ------------------.
  BoneListStartOffset           :  0 NULL ==> None
  Weight                        : 0.0
Reserved                      : 0
ExtraData ----------------------. 
  DataBlockCount                : 0
  DataBlockStartOffset          : 0
  Pad0                          : ''
  Pad1                          : [ 0 ,  0 ]
--------------------------------------------------------------------------------
IGfVerts [ 204 / 212 ] (50724)
------------------------------.
Point --------------------------.
  X                             : -0.260226
  Y                             : 1.165429
  Z                             : -3.000000
  Weight                        : 1.000000
Normal -------------------------.
  X                             : 0.000116
  Y                             : 1.000000
  Z                             : -0.000121
  Weight                        : 1.000000
ValidUVsCount                 : 2
UV00 ---------------------------.
  U                             : 0.01770341396331787
  V                             : 2.020003318786621
UV01 ---------------------------.
  U                             : 0.01770341396331787
  V                             : 2.020003318786621
UV02 ---------------------------.
  U                             : 0.0
  V                             : 0.0
UV03 ---------------------------.
  U                             : 0.0
  V                             : 0.0
UV04 ---------------------------.
  U                             : 0.0
  V                             : 0.0
UV05 ---------------------------.
  U                             : 0.0
  V                             : 0.0
UV06 ---------------------------.
  U                             : 0.0
  V                             : 0.0
UV07 ---------------------------.
  U                             : 0.0
  V                             : 0.0
Color --------------------------.
    Red                           : 0.000000
    Green                         : 0.000000
    Blue                          : 0.000000
    Alpha                         : 1.000000
MaterialStartOffset           : 216
BoneCount                     : 2
BoneBinding00 ------------------.
  BoneListStartOffset           : 82372
  Weight                        : 0.907321542894979
BoneBinding01 ------------------.
  BoneListStartOffset           : 82624
  Weight                        : 0.09267845710502097
BoneBinding02 ------------------.
  BoneListStartOffset           :  0 NULL ==> None
  Weight                        : 0.0
BoneBinding03 ------------------.
  BoneListStartOffset           :  0 NULL ==> None
  Weight                        : 0.0
BoneBinding04 ------------------.
  BoneListStartOffset           :  0 NULL ==> None
  Weight                        : 0.0
BoneBinding05 ------------------.
  BoneListStartOffset           :  0 NULL ==> None
  Weight                        : 0.0
BoneBinding06 ------------------.
  BoneListStartOffset           :  0 NULL ==> None
  Weight                        : 0.0
BoneBinding07 ------------------.
  BoneListStartOffset           :  0 NULL ==> None
  Weight                        : 0.0
Reserved                      : 0
ExtraData ----------------------. 
  DataBlockCount                : 0
  DataBlockStartOffset          : 0
  Pad0                          : ''
  Pad1                          : [ 0 ,  0 ]
--------------------------------------------------------------------------------
IGfVerts [ 205 / 212 ] (50964)
------------------------------.
Point --------------------------.
  X                             : 6.443791
  Y                             : 1.165376
  Z                             : -3.000000
  Weight                        : 1.000000
Normal -------------------------.
  X                             : 0.000116
  Y                             : 1.000000
  Z                             : -0.000121
  Weight                        : 1.000000
ValidUVsCount                 : 2
UV00 ---------------------------.
  U                             : 0.01612985134124756
  V                             : 3.1430962085723877
UV01 ---------------------------.
  U                             : 0.01612985134124756
  V                             : 3.1430962085723877
UV02 ---------------------------.
  U                             : 0.0
  V                             : 0.0
UV03 ---------------------------.
  U                             : 0.0
  V                             : 0.0
UV04 ---------------------------.
  U                             : 0.0
  V                             : 0.0
UV05 ---------------------------.
  U                             : 0.0
  V                             : 0.0
UV06 ---------------------------.
  U                             : 0.0
  V                             : 0.0
UV07 ---------------------------.
  U                             : 0.0
  V                             : 0.0
Color --------------------------.
    Red                           : 0.000000
    Green                         : 0.000000
    Blue                          : 0.000000
    Alpha                         : 1.000000
MaterialStartOffset           : 216
BoneCount                     : 2
BoneBinding00 ------------------.
  BoneListStartOffset           : 82372
  Weight                        : 0.9072746724627769
BoneBinding01 ------------------.
  BoneListStartOffset           : 82624
  Weight                        : 0.09272532753722304
BoneBinding02 ------------------.
  BoneListStartOffset           :  0 NULL ==> None
  Weight                        : 0.0
BoneBinding03 ------------------.
  BoneListStartOffset           :  0 NULL ==> None
  Weight                        : 0.0
BoneBinding04 ------------------.
  BoneListStartOffset           :  0 NULL ==> None
  Weight                        : 0.0
BoneBinding05 ------------------.
  BoneListStartOffset           :  0 NULL ==> None
  Weight                        : 0.0
BoneBinding06 ------------------.
  BoneListStartOffset           :  0 NULL ==> None
  Weight                        : 0.0
BoneBinding07 ------------------.
  BoneListStartOffset           :  0 NULL ==> None
  Weight                        : 0.0
Reserved                      : 0
ExtraData ----------------------. 
  DataBlockCount                : 0
  DataBlockStartOffset          : 0
  Pad0                          : ''
  Pad1                          : [ 0 ,  0 ]
--------------------------------------------------------------------------------
IGfVerts [ 206 / 212 ] (51204)
------------------------------.
Point --------------------------.
  X                             : 6.443794
  Y                             : 1.165377
  Z                             : 3.000000
  Weight                        : 1.000000
Normal -------------------------.
  X                             : 0.000116
  Y                             : 1.000000
  Z                             : -0.000121
  Weight                        : 1.000000
ValidUVsCount                 : 2
UV00 ---------------------------.
  U                             : 0.5187056064605713
  V                             : 3.1459131240844727
UV01 ---------------------------.
  U                             : 0.5187056064605713
  V                             : 3.1459131240844727
UV02 ---------------------------.
  U                             : 0.0
  V                             : 0.0
UV03 ---------------------------.
  U                             : 0.0
  V                             : 0.0
UV04 ---------------------------.
  U                             : 0.0
  V                             : 0.0
UV05 ---------------------------.
  U                             : 0.0
  V                             : 0.0
UV06 ---------------------------.
  U                             : 0.0
  V                             : 0.0
UV07 ---------------------------.
  U                             : 0.0
  V                             : 0.0
Color --------------------------.
    Red                           : 0.000000
    Green                         : 0.000000
    Blue                          : 0.000000
    Alpha                         : 1.000000
MaterialStartOffset           : 216
BoneCount                     : 2
BoneBinding00 ------------------.
  BoneListStartOffset           : 82372
  Weight                        : 0.9072728997284606
BoneBinding01 ------------------.
  BoneListStartOffset           : 82624
  Weight                        : 0.09272710027153935
BoneBinding02 ------------------.
  BoneListStartOffset           :  0 NULL ==> None
  Weight                        : 0.0
BoneBinding03 ------------------.
  BoneListStartOffset           :  0 NULL ==> None
  Weight                        : 0.0
BoneBinding04 ------------------.
  BoneListStartOffset           :  0 NULL ==> None
  Weight                        : 0.0
BoneBinding05 ------------------.
  BoneListStartOffset           :  0 NULL ==> None
  Weight                        : 0.0
BoneBinding06 ------------------.
  BoneListStartOffset           :  0 NULL ==> None
  Weight                        : 0.0
BoneBinding07 ------------------.
  BoneListStartOffset           :  0 NULL ==> None
  Weight                        : 0.0
Reserved                      : 0
ExtraData ----------------------. 
  DataBlockCount                : 0
  DataBlockStartOffset          : 0
  Pad0                          : ''
  Pad1                          : [ 0 ,  0 ]
--------------------------------------------------------------------------------
IGfVerts [ 207 / 212 ] (51444)
------------------------------.
Point --------------------------.
  X                             : -0.271329
  Y                             : 1.166876
  Z                             : 3.000000
  Weight                        : 1.000000
Normal -------------------------.
  X                             : 0.000116
  Y                             : 1.000000
  Z                             : -0.000121
  Weight                        : 1.000000
ValidUVsCount                 : 2
UV00 ---------------------------.
  U                             : 0.5202820301055908
  V                             : 2.0209603309631348
UV01 ---------------------------.
  U                             : 0.5202820301055908
  V                             : 2.0209603309631348
UV02 ---------------------------.
  U                             : 0.0
  V                             : 0.0
UV03 ---------------------------.
  U                             : 0.0
  V                             : 0.0
UV04 ---------------------------.
  U                             : 0.0
  V                             : 0.0
UV05 ---------------------------.
  U                             : 0.0
  V                             : 0.0
UV06 ---------------------------.
  U                             : 0.0
  V                             : 0.0
UV07 ---------------------------.
  U                             : 0.0
  V                             : 0.0
Color --------------------------.
    Red                           : 0.000000
    Green                         : 0.000000
    Blue                          : 0.000000
    Alpha                         : 1.000000
MaterialStartOffset           : 216
BoneCount                     : 2
BoneBinding00 ------------------.
  BoneListStartOffset           : 82372
  Weight                        : 0.9077978479025542
BoneBinding01 ------------------.
  BoneListStartOffset           : 82624
  Weight                        : 0.09220215209744576
BoneBinding02 ------------------.
  BoneListStartOffset           :  0 NULL ==> None
  Weight                        : 0.0
BoneBinding03 ------------------.
  BoneListStartOffset           :  0 NULL ==> None
  Weight                        : 0.0
BoneBinding04 ------------------.
  BoneListStartOffset           :  0 NULL ==> None
  Weight                        : 0.0
BoneBinding05 ------------------.
  BoneListStartOffset           :  0 NULL ==> None
  Weight                        : 0.0
BoneBinding06 ------------------.
  BoneListStartOffset           :  0 NULL ==> None
  Weight                        : 0.0
BoneBinding07 ------------------.
  BoneListStartOffset           :  0 NULL ==> None
  Weight                        : 0.0
Reserved                      : 0
ExtraData ----------------------. 
  DataBlockCount                : 0
  DataBlockStartOffset          : 0
  Pad0                          : ''
  Pad1                          : [ 0 ,  0 ]
--------------------------------------------------------------------------------
IGfVerts [ 208 / 212 ] (51684)
------------------------------.
Point --------------------------.
  X                             : 0.982000
  Y                             : 1.536508
  Z                             : 3.000000
  Weight                        : 1.000000
Normal -------------------------.
  X                             : 0.179479
  Y                             : -0.677663
  Z                             : 0.713096
  Weight                        : 1.000000
ValidUVsCount                 : 2
UV00 ---------------------------.
  U                             : 0.5202004909515381
  V                             : 1.8020551204681396
UV01 ---------------------------.
  U                             : 0.5202004909515381
  V                             : 1.8020551204681396
UV02 ---------------------------.
  U                             : 0.0
  V                             : 0.0
UV03 ---------------------------.
  U                             : 0.0
  V                             : 0.0
UV04 ---------------------------.
  U                             : 0.0
  V                             : 0.0
UV05 ---------------------------.
  U                             : 0.0
  V                             : 0.0
UV06 ---------------------------.
  U                             : 0.0
  V                             : 0.0
UV07 ---------------------------.
  U                             : 0.0
  V                             : 0.0
Color --------------------------.
    Red                           : 0.000000
    Green                         : 0.000000
    Blue                          : 0.000000
    Alpha                         : 1.000000
MaterialStartOffset           : 216
BoneCount                     : 2
BoneBinding00 ------------------.
  BoneListStartOffset           : 82372
  Weight                        : 0.8323004655756883
BoneBinding01 ------------------.
  BoneListStartOffset           : 82624
  Weight                        : 0.16769953442431168
BoneBinding02 ------------------.
  BoneListStartOffset           :  0 NULL ==> None
  Weight                        : 0.0
BoneBinding03 ------------------.
  BoneListStartOffset           :  0 NULL ==> None
  Weight                        : 0.0
BoneBinding04 ------------------.
  BoneListStartOffset           :  0 NULL ==> None
  Weight                        : 0.0
BoneBinding05 ------------------.
  BoneListStartOffset           :  0 NULL ==> None
  Weight                        : 0.0
BoneBinding06 ------------------.
  BoneListStartOffset           :  0 NULL ==> None
  Weight                        : 0.0
BoneBinding07 ------------------.
  BoneListStartOffset           :  0 NULL ==> None
  Weight                        : 0.0
Reserved                      : 0
ExtraData ----------------------. 
  DataBlockCount                : 0
  DataBlockStartOffset          : 0
  Pad0                          : ''
  Pad1                          : [ 0 ,  0 ]
--------------------------------------------------------------------------------
IGfVerts [ 209 / 212 ] (51924)
------------------------------.
Point --------------------------.
  X                             : 0.779850
  Y                             : 1.485344
  Z                             : -3.000000
  Weight                        : 1.000000
Normal -------------------------.
  X                             : 0.183874
  Y                             : -0.675222
  Z                             : -0.714286
  Weight                        : 1.000000
ValidUVsCount                 : 2
UV00 ---------------------------.
  U                             : 0.017635464668273926
  V                             : 1.837707281112671
UV01 ---------------------------.
  U                             : 0.017635464668273926
  V                             : 1.837707281112671
UV02 ---------------------------.
  U                             : 0.0
  V                             : 0.0
UV03 ---------------------------.
  U                             : 0.0
  V                             : 0.0
UV04 ---------------------------.
  U                             : 0.0
  V                             : 0.0
UV05 ---------------------------.
  U                             : 0.0
  V                             : 0.0
UV06 ---------------------------.
  U                             : 0.0
  V                             : 0.0
UV07 ---------------------------.
  U                             : 0.0
  V                             : 0.0
Color --------------------------.
    Red                           : 0.000000
    Green                         : 0.000000
    Blue                          : 0.000000
    Alpha                         : 1.000000
MaterialStartOffset           : 216
BoneCount                     : 2
BoneBinding00 ------------------.
  BoneListStartOffset           : 82372
  Weight                        : 0.8399174121671305
BoneBinding01 ------------------.
  BoneListStartOffset           : 82624
  Weight                        : 0.16008258783286958
BoneBinding02 ------------------.
  BoneListStartOffset           :  0 NULL ==> None
  Weight                        : 0.0
BoneBinding03 ------------------.
  BoneListStartOffset           :  0 NULL ==> None
  Weight                        : 0.0
BoneBinding04 ------------------.
  BoneListStartOffset           :  0 NULL ==> None
  Weight                        : 0.0
BoneBinding05 ------------------.
  BoneListStartOffset           :  0 NULL ==> None
  Weight                        : 0.0
BoneBinding06 ------------------.
  BoneListStartOffset           :  0 NULL ==> None
  Weight                        : 0.0
BoneBinding07 ------------------.
  BoneListStartOffset           :  0 NULL ==> None
  Weight                        : 0.0
Reserved                      : 0
ExtraData ----------------------. 
  DataBlockCount                : 0
  DataBlockStartOffset          : 0
  Pad0                          : ''
  Pad1                          : [ 0 ,  0 ]
--------------------------------------------------------------------------------
IGfVerts [ 210 / 212 ] (52164)
------------------------------.
Point --------------------------.
  X                             : -0.271329
  Y                             : 1.166876
  Z                             : 3.000000
  Weight                        : 1.000000
Normal -------------------------.
  X                             : 0.074190
  Y                             : 0.010712
  Z                             : 0.997162
  Weight                        : 1.000000
ValidUVsCount                 : 2
UV00 ---------------------------.
  U                             : 0.5202820301055908
  V                             : 2.0209603309631348
UV01 ---------------------------.
  U                             : 0.5202820301055908
  V                             : 2.0209603309631348
UV02 ---------------------------.
  U                             : 0.0
  V                             : 0.0
UV03 ---------------------------.
  U                             : 0.0
  V                             : 0.0
UV04 ---------------------------.
  U                             : 0.0
  V                             : 0.0
UV05 ---------------------------.
  U                             : 0.0
  V                             : 0.0
UV06 ---------------------------.
  U                             : 0.0
  V                             : 0.0
UV07 ---------------------------.
  U                             : 0.0
  V                             : 0.0
Color --------------------------.
    Red                           : 0.000000
    Green                         : 0.000000
    Blue                          : 0.000000
    Alpha                         : 1.000000
MaterialStartOffset           : 216
BoneCount                     : 2
BoneBinding00 ------------------.
  BoneListStartOffset           : 82372
  Weight                        : 0.9077978479025542
BoneBinding01 ------------------.
  BoneListStartOffset           : 82624
  Weight                        : 0.09220215209744576
BoneBinding02 ------------------.
  BoneListStartOffset           :  0 NULL ==> None
  Weight                        : 0.0
BoneBinding03 ------------------.
  BoneListStartOffset           :  0 NULL ==> None
  Weight                        : 0.0
BoneBinding04 ------------------.
  BoneListStartOffset           :  0 NULL ==> None
  Weight                        : 0.0
BoneBinding05 ------------------.
  BoneListStartOffset           :  0 NULL ==> None
  Weight                        : 0.0
BoneBinding06 ------------------.
  BoneListStartOffset           :  0 NULL ==> None
  Weight                        : 0.0
BoneBinding07 ------------------.
  BoneListStartOffset           :  0 NULL ==> None
  Weight                        : 0.0
Reserved                      : 0
ExtraData ----------------------. 
  DataBlockCount                : 0
  DataBlockStartOffset          : 0
  Pad0                          : ''
  Pad1                          : [ 0 ,  0 ]
--------------------------------------------------------------------------------
IGfVerts [ 211 / 212 ] (52404)
------------------------------.
Point --------------------------.
  X                             : 0.802578
  Y                             : 4.232565
  Z                             : -3.000000
  Weight                        : 1.000000
Normal -------------------------.
  X                             : -0.070559
  Y                             : -0.691855
  Z                             : -0.718558
  Weight                        : 1.000000
ValidUVsCount                 : 2
UV00 ---------------------------.
  U                             : 0.0156744122505188
  V                             : -2.6631603240966797
UV01 ---------------------------.
  U                             : 0.0156744122505188
  V                             : -2.6631603240966797
UV02 ---------------------------.
  U                             : 0.0
  V                             : 0.0
UV03 ---------------------------.
  U                             : 0.0
  V                             : 0.0
UV04 ---------------------------.
  U                             : 0.0
  V                             : 0.0
UV05 ---------------------------.
  U                             : 0.0
  V                             : 0.0
UV06 ---------------------------.
  U                             : 0.0
  V                             : 0.0
UV07 ---------------------------.
  U                             : 0.0
  V                             : 0.0
Color --------------------------.
    Red                           : 0.000000
    Green                         : 0.000000
    Blue                          : 0.000000
    Alpha                         : 1.000000
MaterialStartOffset           : 216
BoneCount                     : 2
BoneBinding00 ------------------.
  BoneListStartOffset           : 82372
  Weight                        : 0.20705167462114452
BoneBinding01 ------------------.
  BoneListStartOffset           : 82624
  Weight                        : 0.7929483253788555
BoneBinding02 ------------------.
  BoneListStartOffset           :  0 NULL ==> None
  Weight                        : 0.0
BoneBinding03 ------------------.
  BoneListStartOffset           :  0 NULL ==> None
  Weight                        : 0.0
BoneBinding04 ------------------.
  BoneListStartOffset           :  0 NULL ==> None
  Weight                        : 0.0
BoneBinding05 ------------------.
  BoneListStartOffset           :  0 NULL ==> None
  Weight                        : 0.0
BoneBinding06 ------------------.
  BoneListStartOffset           :  0 NULL ==> None
  Weight                        : 0.0
BoneBinding07 ------------------.
  BoneListStartOffset           :  0 NULL ==> None
  Weight                        : 0.0
Reserved                      : 0
ExtraData ----------------------. 
  DataBlockCount                : 0
  DataBlockStartOffset          : 0
  Pad0                          : ''
  Pad1                          : [ 0 ,  0 ]
--------------------------------------------------------------------------------
IGfVerts [ 212 / 212 ] (52644)
------------------------------.
Point --------------------------.
  X                             : -0.260226
  Y                             : 1.165429
  Z                             : -3.000000
  Weight                        : 1.000000
Normal -------------------------.
  X                             : 0.293995
  Y                             : -0.955807
  Z                             : 0.000775
  Weight                        : 1.000000
ValidUVsCount                 : 2
UV00 ---------------------------.
  U                             : 0.01770341396331787
  V                             : 2.020003318786621
UV01 ---------------------------.
  U                             : 0.01770341396331787
  V                             : 2.020003318786621
UV02 ---------------------------.
  U                             : 0.0
  V                             : 0.0
UV03 ---------------------------.
  U                             : 0.0
  V                             : 0.0
UV04 ---------------------------.
  U                             : 0.0
  V                             : 0.0
UV05 ---------------------------.
  U                             : 0.0
  V                             : 0.0
UV06 ---------------------------.
  U                             : 0.0
  V                             : 0.0
UV07 ---------------------------.
  U                             : 0.0
  V                             : 0.0
Color --------------------------.
    Red                           : 0.000000
    Green                         : 0.000000
    Blue                          : 0.000000
    Alpha                         : 1.000000
MaterialStartOffset           : 216
BoneCount                     : 2
BoneBinding00 ------------------.
  BoneListStartOffset           : 82372
  Weight                        : 0.907321542894979
BoneBinding01 ------------------.
  BoneListStartOffset           : 82624
  Weight                        : 0.09267845710502097
BoneBinding02 ------------------.
  BoneListStartOffset           :  0 NULL ==> None
  Weight                        : 0.0
BoneBinding03 ------------------.
  BoneListStartOffset           :  0 NULL ==> None
  Weight                        : 0.0
BoneBinding04 ------------------.
  BoneListStartOffset           :  0 NULL ==> None
  Weight                        : 0.0
BoneBinding05 ------------------.
  BoneListStartOffset           :  0 NULL ==> None
  Weight                        : 0.0
BoneBinding06 ------------------.
  BoneListStartOffset           :  0 NULL ==> None
  Weight                        : 0.0
BoneBinding07 ------------------.
  BoneListStartOffset           :  0 NULL ==> None
  Weight                        : 0.0
Reserved                      : 0
ExtraData ----------------------. 
  DataBlockCount                : 0
  DataBlockStartOffset          : 0
  Pad0                          : ''
  Pad1                          : [ 0 ,  0 ]
================================================================================
IGfTriangles                  : [ 316 ]
--------------------------------------------------------------------------------
IGfTriangles [ 1 / 316 ] (52884)
------------------------------.
Vertex0                       : 2004
Vertex1                       : 2244
Vertex2                       : 2484
Normal -------------------------.
  X                             : -0.000000
  Y                             : 0.000005
  Z                             : -1.000000
  Weight                        : 1.000000
HiddenEdges                   : 0
MaterialStartOffset           : 216
SMGroup                       : 0
TagID                         : 0
ExtraData ----------------------. 
  DataBlockCount                : 0
  DataBlockStartOffset          : 0
  Pad0                          : ''
  Pad1                          : [ 0 ,  0 ]
--------------------------------------------------------------------------------
IGfTriangles [ 2 / 316 ] (52976)
------------------------------.
Vertex0                       : 2004
Vertex1                       : 2244
Vertex2                       : 2484
Normal -------------------------.
  X                             : -0.000000
  Y                             : 0.000005
  Z                             : -1.000000
  Weight                        : 1.000000
HiddenEdges                   : 0
MaterialStartOffset           : 216
SMGroup                       : 0
TagID                         : 0
ExtraData ----------------------. 
  DataBlockCount                : 0
  DataBlockStartOffset          : 0
  Pad0                          : ''
  Pad1                          : [ 0 ,  0 ]
--------------------------------------------------------------------------------
IGfTriangles [ 3 / 316 ] (53068)
------------------------------.
Vertex0                       : 2004
Vertex1                       : 2724
Vertex2                       : 2244
Normal -------------------------.
  X                             : -0.000000
  Y                             : -0.000006
  Z                             : -1.000000
  Weight                        : 1.000000
HiddenEdges                   : 0
MaterialStartOffset           : 216
SMGroup                       : 0
TagID                         : 0
ExtraData ----------------------. 
  DataBlockCount                : 0
  DataBlockStartOffset          : 0
  Pad0                          : ''
  Pad1                          : [ 0 ,  0 ]
--------------------------------------------------------------------------------
IGfTriangles [ 4 / 316 ] (53160)
------------------------------.
Vertex0                       : 2004
Vertex1                       : 2724
Vertex2                       : 2244
Normal -------------------------.
  X                             : -0.000000
  Y                             : -0.000006
  Z                             : -1.000000
  Weight                        : 1.000000
HiddenEdges                   : 0
MaterialStartOffset           : 216
SMGroup                       : 0
TagID                         : 0
ExtraData ----------------------. 
  DataBlockCount                : 0
  DataBlockStartOffset          : 0
  Pad0                          : ''
  Pad1                          : [ 0 ,  0 ]
--------------------------------------------------------------------------------
IGfTriangles [ 5 / 316 ] (53252)
------------------------------.
Vertex0                       : 2964
Vertex1                       : 2724
Vertex2                       : 2004
Normal -------------------------.
  X                             : 0.000000
  Y                             : 0.000005
  Z                             : -1.000000
  Weight                        : 1.000000
HiddenEdges                   : 0
MaterialStartOffset           : 216
SMGroup                       : 0
TagID                         : 0
ExtraData ----------------------. 
  DataBlockCount                : 0
  DataBlockStartOffset          : 0
  Pad0                          : ''
  Pad1                          : [ 0 ,  0 ]
--------------------------------------------------------------------------------
IGfTriangles [ 6 / 316 ] (53344)
------------------------------.
Vertex0                       : 2964
Vertex1                       : 2724
Vertex2                       : 2004
Normal -------------------------.
  X                             : 0.000000
  Y                             : 0.000005
  Z                             : -1.000000
  Weight                        : 1.000000
HiddenEdges                   : 0
MaterialStartOffset           : 216
SMGroup                       : 0
TagID                         : 0
ExtraData ----------------------. 
  DataBlockCount                : 0
  DataBlockStartOffset          : 0
  Pad0                          : ''
  Pad1                          : [ 0 ,  0 ]
--------------------------------------------------------------------------------
IGfTriangles [ 7 / 316 ] (53436)
------------------------------.
Vertex0                       : 2964
Vertex1                       : 3204
Vertex2                       : 2724
Normal -------------------------.
  X                             : 0.000000
  Y                             : 0.000003
  Z                             : -1.000000
  Weight                        : 1.000000
HiddenEdges                   : 0
MaterialStartOffset           : 216
SMGroup                       : 0
TagID                         : 0
ExtraData ----------------------. 
  DataBlockCount                : 0
  DataBlockStartOffset          : 0
  Pad0                          : ''
  Pad1                          : [ 0 ,  0 ]
--------------------------------------------------------------------------------
IGfTriangles [ 8 / 316 ] (53528)
------------------------------.
Vertex0                       : 2964
Vertex1                       : 3204
Vertex2                       : 2724
Normal -------------------------.
  X                             : 0.000000
  Y                             : 0.000003
  Z                             : -1.000000
  Weight                        : 1.000000
HiddenEdges                   : 0
MaterialStartOffset           : 216
SMGroup                       : 0
TagID                         : 0
ExtraData ----------------------. 
  DataBlockCount                : 0
  DataBlockStartOffset          : 0
  Pad0                          : ''
  Pad1                          : [ 0 ,  0 ]
--------------------------------------------------------------------------------
IGfTriangles [ 9 / 316 ] (53620)
------------------------------.
Vertex0                       : 2964
Vertex1                       : 3444
Vertex2                       : 3204
Normal -------------------------.
  X                             : 0.000000
  Y                             : -0.000002
  Z                             : -1.000000
  Weight                        : 1.000000
HiddenEdges                   : 0
MaterialStartOffset           : 216
SMGroup                       : 0
TagID                         : 0
ExtraData ----------------------. 
  DataBlockCount                : 0
  DataBlockStartOffset          : 0
  Pad0                          : ''
  Pad1                          : [ 0 ,  0 ]
--------------------------------------------------------------------------------
IGfTriangles [ 10 / 316 ] (53712)
------------------------------.
Vertex0                       : 2964
Vertex1                       : 3444
Vertex2                       : 3204
Normal -------------------------.
  X                             : 0.000000
  Y                             : -0.000002
  Z                             : -1.000000
  Weight                        : 1.000000
HiddenEdges                   : 0
MaterialStartOffset           : 216
SMGroup                       : 0
TagID                         : 0
ExtraData ----------------------. 
  DataBlockCount                : 0
  DataBlockStartOffset          : 0
  Pad0                          : ''
  Pad1                          : [ 0 ,  0 ]
--------------------------------------------------------------------------------
IGfTriangles [ 11 / 316 ] (53804)
------------------------------.
Vertex0                       : 3684
Vertex1                       : 3444
Vertex2                       : 2964
Normal -------------------------.
  X                             : 0.000000
  Y                             : -0.000004
  Z                             : -1.000000
  Weight                        : 1.000000
HiddenEdges                   : 0
MaterialStartOffset           : 216
SMGroup                       : 0
TagID                         : 0
ExtraData ----------------------. 
  DataBlockCount                : 0
  DataBlockStartOffset          : 0
  Pad0                          : ''
  Pad1                          : [ 0 ,  0 ]
--------------------------------------------------------------------------------
IGfTriangles [ 12 / 316 ] (53896)
------------------------------.
Vertex0                       : 3684
Vertex1                       : 3444
Vertex2                       : 2964
Normal -------------------------.
  X                             : 0.000000
  Y                             : -0.000004
  Z                             : -1.000000
  Weight                        : 1.000000
HiddenEdges                   : 0
MaterialStartOffset           : 216
SMGroup                       : 0
TagID                         : 0
ExtraData ----------------------. 
  DataBlockCount                : 0
  DataBlockStartOffset          : 0
  Pad0                          : ''
  Pad1                          : [ 0 ,  0 ]
--------------------------------------------------------------------------------
IGfTriangles [ 13 / 316 ] (53988)
------------------------------.
Vertex0                       : 3684
Vertex1                       : 3924
Vertex2                       : 3444
Normal -------------------------.
  X                             : -0.000000
  Y                             : 0.000003
  Z                             : -1.000000
  Weight                        : 1.000000
HiddenEdges                   : 0
MaterialStartOffset           : 216
SMGroup                       : 0
TagID                         : 0
ExtraData ----------------------. 
  DataBlockCount                : 0
  DataBlockStartOffset          : 0
  Pad0                          : ''
  Pad1                          : [ 0 ,  0 ]
--------------------------------------------------------------------------------
IGfTriangles [ 14 / 316 ] (54080)
------------------------------.
Vertex0                       : 3684
Vertex1                       : 3924
Vertex2                       : 3444
Normal -------------------------.
  X                             : -0.000000
  Y                             : 0.000003
  Z                             : -1.000000
  Weight                        : 1.000000
HiddenEdges                   : 0
MaterialStartOffset           : 216
SMGroup                       : 0
TagID                         : 0
ExtraData ----------------------. 
  DataBlockCount                : 0
  DataBlockStartOffset          : 0
  Pad0                          : ''
  Pad1                          : [ 0 ,  0 ]
--------------------------------------------------------------------------------
IGfTriangles [ 15 / 316 ] (54172)
------------------------------.
Vertex0                       : 4164
Vertex1                       : 3924
Vertex2                       : 3684
Normal -------------------------.
  X                             : -0.000000
  Y                             : 0.000001
  Z                             : -1.000000
  Weight                        : 1.000000
HiddenEdges                   : 0
MaterialStartOffset           : 216
SMGroup                       : 0
TagID                         : 0
ExtraData ----------------------. 
  DataBlockCount                : 0
  DataBlockStartOffset          : 0
  Pad0                          : ''
  Pad1                          : [ 0 ,  0 ]
--------------------------------------------------------------------------------
IGfTriangles [ 16 / 316 ] (54264)
------------------------------.
Vertex0                       : 4164
Vertex1                       : 3924
Vertex2                       : 3684
Normal -------------------------.
  X                             : -0.000000
  Y                             : 0.000001
  Z                             : -1.000000
  Weight                        : 1.000000
HiddenEdges                   : 0
MaterialStartOffset           : 216
SMGroup                       : 0
TagID                         : 0
ExtraData ----------------------. 
  DataBlockCount                : 0
  DataBlockStartOffset          : 0
  Pad0                          : ''
  Pad1                          : [ 0 ,  0 ]
--------------------------------------------------------------------------------
IGfTriangles [ 17 / 316 ] (54356)
------------------------------.
Vertex0                       : 4164
Vertex1                       : 4404
Vertex2                       : 3924
Normal -------------------------.
  X                             : -0.000000
  Y                             : -0.000000
  Z                             : -1.000000
  Weight                        : 1.000000
HiddenEdges                   : 0
MaterialStartOffset           : 216
SMGroup                       : 0
TagID                         : 0
ExtraData ----------------------. 
  DataBlockCount                : 0
  DataBlockStartOffset          : 0
  Pad0                          : ''
  Pad1                          : [ 0 ,  0 ]
--------------------------------------------------------------------------------
IGfTriangles [ 18 / 316 ] (54448)
------------------------------.
Vertex0                       : 4164
Vertex1                       : 4404
Vertex2                       : 3924
Normal -------------------------.
  X                             : -0.000000
  Y                             : -0.000000
  Z                             : -1.000000
  Weight                        : 1.000000
HiddenEdges                   : 0
MaterialStartOffset           : 216
SMGroup                       : 0
TagID                         : 0
ExtraData ----------------------. 
  DataBlockCount                : 0
  DataBlockStartOffset          : 0
  Pad0                          : ''
  Pad1                          : [ 0 ,  0 ]
--------------------------------------------------------------------------------
IGfTriangles [ 19 / 316 ] (54540)
------------------------------.
Vertex0                       : 4644
Vertex1                       : 4404
Vertex2                       : 4164
Normal -------------------------.
  X                             : -0.000000
  Y                             : -0.000001
  Z                             : -1.000000
  Weight                        : 1.000000
HiddenEdges                   : 0
MaterialStartOffset           : 216
SMGroup                       : 0
TagID                         : 0
ExtraData ----------------------. 
  DataBlockCount                : 0
  DataBlockStartOffset          : 0
  Pad0                          : ''
  Pad1                          : [ 0 ,  0 ]
--------------------------------------------------------------------------------
IGfTriangles [ 20 / 316 ] (54632)
------------------------------.
Vertex0                       : 4644
Vertex1                       : 4404
Vertex2                       : 4164
Normal -------------------------.
  X                             : -0.000000
  Y                             : -0.000001
  Z                             : -1.000000
  Weight                        : 1.000000
HiddenEdges                   : 0
MaterialStartOffset           : 216
SMGroup                       : 0
TagID                         : 0
ExtraData ----------------------. 
  DataBlockCount                : 0
  DataBlockStartOffset          : 0
  Pad0                          : ''
  Pad1                          : [ 0 ,  0 ]
--------------------------------------------------------------------------------
IGfTriangles [ 21 / 316 ] (54724)
------------------------------.
Vertex0                       : 4644
Vertex1                       : 4884
Vertex2                       : 4404
Normal -------------------------.
  X                             : -0.000000
  Y                             : -0.000000
  Z                             : -1.000000
  Weight                        : 1.000000
HiddenEdges                   : 0
MaterialStartOffset           : 216
SMGroup                       : 0
TagID                         : 0
ExtraData ----------------------. 
  DataBlockCount                : 0
  DataBlockStartOffset          : 0
  Pad0                          : ''
  Pad1                          : [ 0 ,  0 ]
--------------------------------------------------------------------------------
IGfTriangles [ 22 / 316 ] (54816)
------------------------------.
Vertex0                       : 4644
Vertex1                       : 4884
Vertex2                       : 4404
Normal -------------------------.
  X                             : -0.000000
  Y                             : -0.000000
  Z                             : -1.000000
  Weight                        : 1.000000
HiddenEdges                   : 0
MaterialStartOffset           : 216
SMGroup                       : 0
TagID                         : 0
ExtraData ----------------------. 
  DataBlockCount                : 0
  DataBlockStartOffset          : 0
  Pad0                          : ''
  Pad1                          : [ 0 ,  0 ]
--------------------------------------------------------------------------------
IGfTriangles [ 23 / 316 ] (54908)
------------------------------.
Vertex0                       : 5124
Vertex1                       : 4884
Vertex2                       : 4644
Normal -------------------------.
  X                             : -0.000000
  Y                             : -0.000001
  Z                             : -1.000000
  Weight                        : 1.000000
HiddenEdges                   : 0
MaterialStartOffset           : 216
SMGroup                       : 0
TagID                         : 0
ExtraData ----------------------. 
  DataBlockCount                : 0
  DataBlockStartOffset          : 0
  Pad0                          : ''
  Pad1                          : [ 0 ,  0 ]
--------------------------------------------------------------------------------
IGfTriangles [ 24 / 316 ] (55000)
------------------------------.
Vertex0                       : 5124
Vertex1                       : 4884
Vertex2                       : 4644
Normal -------------------------.
  X                             : -0.000000
  Y                             : -0.000001
  Z                             : -1.000000
  Weight                        : 1.000000
HiddenEdges                   : 0
MaterialStartOffset           : 216
SMGroup                       : 0
TagID                         : 0
ExtraData ----------------------. 
  DataBlockCount                : 0
  DataBlockStartOffset          : 0
  Pad0                          : ''
  Pad1                          : [ 0 ,  0 ]
--------------------------------------------------------------------------------
IGfTriangles [ 25 / 316 ] (55092)
------------------------------.
Vertex0                       : 5124
Vertex1                       : 5364
Vertex2                       : 4884
Normal -------------------------.
  X                             : -0.000000
  Y                             : -0.000002
  Z                             : -1.000000
  Weight                        : 1.000000
HiddenEdges                   : 0
MaterialStartOffset           : 216
SMGroup                       : 0
TagID                         : 0
ExtraData ----------------------. 
  DataBlockCount                : 0
  DataBlockStartOffset          : 0
  Pad0                          : ''
  Pad1                          : [ 0 ,  0 ]
--------------------------------------------------------------------------------
IGfTriangles [ 26 / 316 ] (55184)
------------------------------.
Vertex0                       : 5124
Vertex1                       : 5364
Vertex2                       : 4884
Normal -------------------------.
  X                             : -0.000000
  Y                             : -0.000002
  Z                             : -1.000000
  Weight                        : 1.000000
HiddenEdges                   : 0
MaterialStartOffset           : 216
SMGroup                       : 0
TagID                         : 0
ExtraData ----------------------. 
  DataBlockCount                : 0
  DataBlockStartOffset          : 0
  Pad0                          : ''
  Pad1                          : [ 0 ,  0 ]
--------------------------------------------------------------------------------
IGfTriangles [ 27 / 316 ] (55276)
------------------------------.
Vertex0                       : 5364
Vertex1                       : 5604
Vertex2                       : 4884
Normal -------------------------.
  X                             : -0.000000
  Y                             : -0.000001
  Z                             : -1.000000
  Weight                        : 1.000000
HiddenEdges                   : 0
MaterialStartOffset           : 216
SMGroup                       : 0
TagID                         : 0
ExtraData ----------------------. 
  DataBlockCount                : 0
  DataBlockStartOffset          : 0
  Pad0                          : ''
  Pad1                          : [ 0 ,  0 ]
--------------------------------------------------------------------------------
IGfTriangles [ 28 / 316 ] (55368)
------------------------------.
Vertex0                       : 5364
Vertex1                       : 5604
Vertex2                       : 4884
Normal -------------------------.
  X                             : -0.000000
  Y                             : -0.000001
  Z                             : -1.000000
  Weight                        : 1.000000
HiddenEdges                   : 0
MaterialStartOffset           : 216
SMGroup                       : 0
TagID                         : 0
ExtraData ----------------------. 
  DataBlockCount                : 0
  DataBlockStartOffset          : 0
  Pad0                          : ''
  Pad1                          : [ 0 ,  0 ]
--------------------------------------------------------------------------------
IGfTriangles [ 29 / 316 ] (55460)
------------------------------.
Vertex0                       : 5124
Vertex1                       : 5844
Vertex2                       : 5364
Normal -------------------------.
  X                             : -0.000000
  Y                             : 0.000014
  Z                             : -1.000000
  Weight                        : 1.000000
HiddenEdges                   : 0
MaterialStartOffset           : 216
SMGroup                       : 0
TagID                         : 0
ExtraData ----------------------. 
  DataBlockCount                : 0
  DataBlockStartOffset          : 0
  Pad0                          : ''
  Pad1                          : [ 0 ,  0 ]
--------------------------------------------------------------------------------
IGfTriangles [ 30 / 316 ] (55552)
------------------------------.
Vertex0                       : 5124
Vertex1                       : 5844
Vertex2                       : 5364
Normal -------------------------.
  X                             : -0.000000
  Y                             : 0.000014
  Z                             : -1.000000
  Weight                        : 1.000000
HiddenEdges                   : 0
MaterialStartOffset           : 216
SMGroup                       : 0
TagID                         : 0
ExtraData ----------------------. 
  DataBlockCount                : 0
  DataBlockStartOffset          : 0
  Pad0                          : ''
  Pad1                          : [ 0 ,  0 ]
--------------------------------------------------------------------------------
IGfTriangles [ 31 / 316 ] (55644)
------------------------------.
Vertex0                       : 6084
Vertex1                       : 5604
Vertex2                       : 5364
Normal -------------------------.
  X                             : 0.000000
  Y                             : 0.000013
  Z                             : -1.000000
  Weight                        : 1.000000
HiddenEdges                   : 0
MaterialStartOffset           : 216
SMGroup                       : 0
TagID                         : 0
ExtraData ----------------------. 
  DataBlockCount                : 0
  DataBlockStartOffset          : 0
  Pad0                          : ''
  Pad1                          : [ 0 ,  0 ]
--------------------------------------------------------------------------------
IGfTriangles [ 32 / 316 ] (55736)
------------------------------.
Vertex0                       : 6084
Vertex1                       : 5604
Vertex2                       : 5364
Normal -------------------------.
  X                             : 0.000000
  Y                             : 0.000013
  Z                             : -1.000000
  Weight                        : 1.000000
HiddenEdges                   : 0
MaterialStartOffset           : 216
SMGroup                       : 0
TagID                         : 0
ExtraData ----------------------. 
  DataBlockCount                : 0
  DataBlockStartOffset          : 0
  Pad0                          : ''
  Pad1                          : [ 0 ,  0 ]
--------------------------------------------------------------------------------
IGfTriangles [ 33 / 316 ] (55828)
------------------------------.
Vertex0                       : 6324
Vertex1                       : 5604
Vertex2                       : 6084
Normal -------------------------.
  X                             : -0.000000
  Y                             : -0.000003
  Z                             : -1.000000
  Weight                        : 1.000000
HiddenEdges                   : 0
MaterialStartOffset           : 216
SMGroup                       : 0
TagID                         : 0
ExtraData ----------------------. 
  DataBlockCount                : 0
  DataBlockStartOffset          : 0
  Pad0                          : ''
  Pad1                          : [ 0 ,  0 ]
--------------------------------------------------------------------------------
IGfTriangles [ 34 / 316 ] (55920)
------------------------------.
Vertex0                       : 6324
Vertex1                       : 5604
Vertex2                       : 6084
Normal -------------------------.
  X                             : -0.000000
  Y                             : -0.000003
  Z                             : -1.000000
  Weight                        : 1.000000
HiddenEdges                   : 0
MaterialStartOffset           : 216
SMGroup                       : 0
TagID                         : 0
ExtraData ----------------------. 
  DataBlockCount                : 0
  DataBlockStartOffset          : 0
  Pad0                          : ''
  Pad1                          : [ 0 ,  0 ]
--------------------------------------------------------------------------------
IGfTriangles [ 35 / 316 ] (56012)
------------------------------.
Vertex0                       : 5124
Vertex1                       : 6564
Vertex2                       : 5844
Normal -------------------------.
  X                             : -0.000000
  Y                             : 0.000000
  Z                             : -1.000000
  Weight                        : 1.000000
HiddenEdges                   : 0
MaterialStartOffset           : 216
SMGroup                       : 0
TagID                         : 0
ExtraData ----------------------. 
  DataBlockCount                : 0
  DataBlockStartOffset          : 0
  Pad0                          : ''
  Pad1                          : [ 0 ,  0 ]
--------------------------------------------------------------------------------
IGfTriangles [ 36 / 316 ] (56104)
------------------------------.
Vertex0                       : 5124
Vertex1                       : 6564
Vertex2                       : 5844
Normal -------------------------.
  X                             : -0.000000
  Y                             : 0.000000
  Z                             : -1.000000
  Weight                        : 1.000000
HiddenEdges                   : 0
MaterialStartOffset           : 216
SMGroup                       : 0
TagID                         : 0
ExtraData ----------------------. 
  DataBlockCount                : 0
  DataBlockStartOffset          : 0
  Pad0                          : ''
  Pad1                          : [ 0 ,  0 ]
--------------------------------------------------------------------------------
IGfTriangles [ 37 / 316 ] (56196)
------------------------------.
Vertex0                       : 5124
Vertex1                       : 6804
Vertex2                       : 6564
Normal -------------------------.
  X                             : -0.000000
  Y                             : 0.000000
  Z                             : -1.000000
  Weight                        : 1.000000
HiddenEdges                   : 0
MaterialStartOffset           : 216
SMGroup                       : 0
TagID                         : 0
ExtraData ----------------------. 
  DataBlockCount                : 0
  DataBlockStartOffset          : 0
  Pad0                          : ''
  Pad1                          : [ 0 ,  0 ]
--------------------------------------------------------------------------------
IGfTriangles [ 38 / 316 ] (56288)
------------------------------.
Vertex0                       : 5124
Vertex1                       : 6804
Vertex2                       : 6564
Normal -------------------------.
  X                             : -0.000000
  Y                             : 0.000000
  Z                             : -1.000000
  Weight                        : 1.000000
HiddenEdges                   : 0
MaterialStartOffset           : 216
SMGroup                       : 0
TagID                         : 0
ExtraData ----------------------. 
  DataBlockCount                : 0
  DataBlockStartOffset          : 0
  Pad0                          : ''
  Pad1                          : [ 0 ,  0 ]
--------------------------------------------------------------------------------
IGfTriangles [ 39 / 316 ] (56380)
------------------------------.
Vertex0                       : 6324
Vertex1                       : 7044
Vertex2                       : 5604
Normal -------------------------.
  X                             : -0.000000
  Y                             : -0.000000
  Z                             : -1.000000
  Weight                        : 1.000000
HiddenEdges                   : 0
MaterialStartOffset           : 216
SMGroup                       : 0
TagID                         : 0
ExtraData ----------------------. 
  DataBlockCount                : 0
  DataBlockStartOffset          : 0
  Pad0                          : ''
  Pad1                          : [ 0 ,  0 ]
--------------------------------------------------------------------------------
IGfTriangles [ 40 / 316 ] (56472)
------------------------------.
Vertex0                       : 6324
Vertex1                       : 7044
Vertex2                       : 5604
Normal -------------------------.
  X                             : -0.000000
  Y                             : -0.000000
  Z                             : -1.000000
  Weight                        : 1.000000
HiddenEdges                   : 0
MaterialStartOffset           : 216
SMGroup                       : 0
TagID                         : 0
ExtraData ----------------------. 
  DataBlockCount                : 0
  DataBlockStartOffset          : 0
  Pad0                          : ''
  Pad1                          : [ 0 ,  0 ]
--------------------------------------------------------------------------------
IGfTriangles [ 41 / 316 ] (56564)
------------------------------.
Vertex0                       : 7284
Vertex1                       : 7044
Vertex2                       : 6324
Normal -------------------------.
  X                             : 0.000000
  Y                             : 0.000003
  Z                             : -1.000000
  Weight                        : 1.000000
HiddenEdges                   : 0
MaterialStartOffset           : 216
SMGroup                       : 0
TagID                         : 0
ExtraData ----------------------. 
  DataBlockCount                : 0
  DataBlockStartOffset          : 0
  Pad0                          : ''
  Pad1                          : [ 0 ,  0 ]
--------------------------------------------------------------------------------
IGfTriangles [ 42 / 316 ] (56656)
------------------------------.
Vertex0                       : 7284
Vertex1                       : 7044
Vertex2                       : 6324
Normal -------------------------.
  X                             : 0.000000
  Y                             : 0.000003
  Z                             : -1.000000
  Weight                        : 1.000000
HiddenEdges                   : 0
MaterialStartOffset           : 216
SMGroup                       : 0
TagID                         : 0
ExtraData ----------------------. 
  DataBlockCount                : 0
  DataBlockStartOffset          : 0
  Pad0                          : ''
  Pad1                          : [ 0 ,  0 ]
--------------------------------------------------------------------------------
IGfTriangles [ 43 / 316 ] (56748)
------------------------------.
Vertex0                       : 7524
Vertex1                       : 6804
Vertex2                       : 5124
Normal -------------------------.
  X                             : -0.000000
  Y                             : 0.000001
  Z                             : -1.000000
  Weight                        : 1.000000
HiddenEdges                   : 0
MaterialStartOffset           : 216
SMGroup                       : 0
TagID                         : 0
ExtraData ----------------------. 
  DataBlockCount                : 0
  DataBlockStartOffset          : 0
  Pad0                          : ''
  Pad1                          : [ 0 ,  0 ]
--------------------------------------------------------------------------------
IGfTriangles [ 44 / 316 ] (56840)
------------------------------.
Vertex0                       : 7524
Vertex1                       : 6804
Vertex2                       : 5124
Normal -------------------------.
  X                             : -0.000000
  Y                             : 0.000001
  Z                             : -1.000000
  Weight                        : 1.000000
HiddenEdges                   : 0
MaterialStartOffset           : 216
SMGroup                       : 0
TagID                         : 0
ExtraData ----------------------. 
  DataBlockCount                : 0
  DataBlockStartOffset          : 0
  Pad0                          : ''
  Pad1                          : [ 0 ,  0 ]
--------------------------------------------------------------------------------
IGfTriangles [ 45 / 316 ] (56932)
------------------------------.
Vertex0                       : 7524
Vertex1                       : 7764
Vertex2                       : 6804
Normal -------------------------.
  X                             : 0.000000
  Y                             : -0.000001
  Z                             : -1.000000
  Weight                        : 1.000000
HiddenEdges                   : 0
MaterialStartOffset           : 216
SMGroup                       : 0
TagID                         : 0
ExtraData ----------------------. 
  DataBlockCount                : 0
  DataBlockStartOffset          : 0
  Pad0                          : ''
  Pad1                          : [ 0 ,  0 ]
--------------------------------------------------------------------------------
IGfTriangles [ 46 / 316 ] (57024)
------------------------------.
Vertex0                       : 7524
Vertex1                       : 7764
Vertex2                       : 6804
Normal -------------------------.
  X                             : 0.000000
  Y                             : -0.000001
  Z                             : -1.000000
  Weight                        : 1.000000
HiddenEdges                   : 0
MaterialStartOffset           : 216
SMGroup                       : 0
TagID                         : 0
ExtraData ----------------------. 
  DataBlockCount                : 0
  DataBlockStartOffset          : 0
  Pad0                          : ''
  Pad1                          : [ 0 ,  0 ]
--------------------------------------------------------------------------------
IGfTriangles [ 47 / 316 ] (57116)
------------------------------.
Vertex0                       : 8004
Vertex1                       : 7044
Vertex2                       : 7284
Normal -------------------------.
  X                             : 0.000000
  Y                             : -0.000001
  Z                             : -1.000000
  Weight                        : 1.000000
HiddenEdges                   : 0
MaterialStartOffset           : 216
SMGroup                       : 0
TagID                         : 0
ExtraData ----------------------. 
  DataBlockCount                : 0
  DataBlockStartOffset          : 0
  Pad0                          : ''
  Pad1                          : [ 0 ,  0 ]
--------------------------------------------------------------------------------
IGfTriangles [ 48 / 316 ] (57208)
------------------------------.
Vertex0                       : 8004
Vertex1                       : 7044
Vertex2                       : 7284
Normal -------------------------.
  X                             : 0.000000
  Y                             : -0.000001
  Z                             : -1.000000
  Weight                        : 1.000000
HiddenEdges                   : 0
MaterialStartOffset           : 216
SMGroup                       : 0
TagID                         : 0
ExtraData ----------------------. 
  DataBlockCount                : 0
  DataBlockStartOffset          : 0
  Pad0                          : ''
  Pad1                          : [ 0 ,  0 ]
--------------------------------------------------------------------------------
IGfTriangles [ 49 / 316 ] (57300)
------------------------------.
Vertex0                       : 8004
Vertex1                       : 8244
Vertex2                       : 7044
Normal -------------------------.
  X                             : -0.000000
  Y                             : 0.000001
  Z                             : -1.000000
  Weight                        : 1.000000
HiddenEdges                   : 0
MaterialStartOffset           : 216
SMGroup                       : 0
TagID                         : 0
ExtraData ----------------------. 
  DataBlockCount                : 0
  DataBlockStartOffset          : 0
  Pad0                          : ''
  Pad1                          : [ 0 ,  0 ]
--------------------------------------------------------------------------------
IGfTriangles [ 50 / 316 ] (57392)
------------------------------.
Vertex0                       : 8004
Vertex1                       : 8244
Vertex2                       : 7044
Normal -------------------------.
  X                             : -0.000000
  Y                             : 0.000001
  Z                             : -1.000000
  Weight                        : 1.000000
HiddenEdges                   : 0
MaterialStartOffset           : 216
SMGroup                       : 0
TagID                         : 0
ExtraData ----------------------. 
  DataBlockCount                : 0
  DataBlockStartOffset          : 0
  Pad0                          : ''
  Pad1                          : [ 0 ,  0 ]
--------------------------------------------------------------------------------
IGfTriangles [ 51 / 316 ] (57484)
------------------------------.
Vertex0                       : 8484
Vertex1                       : 8244
Vertex2                       : 8004
Normal -------------------------.
  X                             : -0.000000
  Y                             : -0.000001
  Z                             : -1.000000
  Weight                        : 1.000000
HiddenEdges                   : 0
MaterialStartOffset           : 216
SMGroup                       : 0
TagID                         : 0
ExtraData ----------------------. 
  DataBlockCount                : 0
  DataBlockStartOffset          : 0
  Pad0                          : ''
  Pad1                          : [ 0 ,  0 ]
--------------------------------------------------------------------------------
IGfTriangles [ 52 / 316 ] (57576)
------------------------------.
Vertex0                       : 8484
Vertex1                       : 8244
Vertex2                       : 8004
Normal -------------------------.
  X                             : -0.000000
  Y                             : -0.000001
  Z                             : -1.000000
  Weight                        : 1.000000
HiddenEdges                   : 0
MaterialStartOffset           : 216
SMGroup                       : 0
TagID                         : 0
ExtraData ----------------------. 
  DataBlockCount                : 0
  DataBlockStartOffset          : 0
  Pad0                          : ''
  Pad1                          : [ 0 ,  0 ]
--------------------------------------------------------------------------------
IGfTriangles [ 53 / 316 ] (57668)
------------------------------.
Vertex0                       : 8724
Vertex1                       : 7764
Vertex2                       : 7524
Normal -------------------------.
  X                             : 0.000000
  Y                             : -0.000001
  Z                             : -1.000000
  Weight                        : 1.000000
HiddenEdges                   : 0
MaterialStartOffset           : 216
SMGroup                       : 0
TagID                         : 0
ExtraData ----------------------. 
  DataBlockCount                : 0
  DataBlockStartOffset          : 0
  Pad0                          : ''
  Pad1                          : [ 0 ,  0 ]
--------------------------------------------------------------------------------
IGfTriangles [ 54 / 316 ] (57760)
------------------------------.
Vertex0                       : 8724
Vertex1                       : 7764
Vertex2                       : 7524
Normal -------------------------.
  X                             : 0.000000
  Y                             : -0.000001
  Z                             : -1.000000
  Weight                        : 1.000000
HiddenEdges                   : 0
MaterialStartOffset           : 216
SMGroup                       : 0
TagID                         : 0
ExtraData ----------------------. 
  DataBlockCount                : 0
  DataBlockStartOffset          : 0
  Pad0                          : ''
  Pad1                          : [ 0 ,  0 ]
--------------------------------------------------------------------------------
IGfTriangles [ 55 / 316 ] (57852)
------------------------------.
Vertex0                       : 8964
Vertex1                       : 7764
Vertex2                       : 8724
Normal -------------------------.
  X                             : -0.000000
  Y                             : 0.000001
  Z                             : -1.000000
  Weight                        : 1.000000
HiddenEdges                   : 0
MaterialStartOffset           : 216
SMGroup                       : 0
TagID                         : 0
ExtraData ----------------------. 
  DataBlockCount                : 0
  DataBlockStartOffset          : 0
  Pad0                          : ''
  Pad1                          : [ 0 ,  0 ]
--------------------------------------------------------------------------------
IGfTriangles [ 56 / 316 ] (57944)
------------------------------.
Vertex0                       : 8964
Vertex1                       : 7764
Vertex2                       : 8724
Normal -------------------------.
  X                             : -0.000000
  Y                             : 0.000001
  Z                             : -1.000000
  Weight                        : 1.000000
HiddenEdges                   : 0
MaterialStartOffset           : 216
SMGroup                       : 0
TagID                         : 0
ExtraData ----------------------. 
  DataBlockCount                : 0
  DataBlockStartOffset          : 0
  Pad0                          : ''
  Pad1                          : [ 0 ,  0 ]
--------------------------------------------------------------------------------
IGfTriangles [ 57 / 316 ] (58036)
------------------------------.
Vertex0                       : 8484
Vertex1                       : 9204
Vertex2                       : 8244
Normal -------------------------.
  X                             : -0.000000
  Y                             : -0.000000
  Z                             : -1.000000
  Weight                        : 1.000000
HiddenEdges                   : 0
MaterialStartOffset           : 216
SMGroup                       : 0
TagID                         : 0
ExtraData ----------------------. 
  DataBlockCount                : 0
  DataBlockStartOffset          : 0
  Pad0                          : ''
  Pad1                          : [ 0 ,  0 ]
--------------------------------------------------------------------------------
IGfTriangles [ 58 / 316 ] (58128)
------------------------------.
Vertex0                       : 8484
Vertex1                       : 9204
Vertex2                       : 8244
Normal -------------------------.
  X                             : -0.000000
  Y                             : -0.000000
  Z                             : -1.000000
  Weight                        : 1.000000
HiddenEdges                   : 0
MaterialStartOffset           : 216
SMGroup                       : 0
TagID                         : 0
ExtraData ----------------------. 
  DataBlockCount                : 0
  DataBlockStartOffset          : 0
  Pad0                          : ''
  Pad1                          : [ 0 ,  0 ]
--------------------------------------------------------------------------------
IGfTriangles [ 59 / 316 ] (58220)
------------------------------.
Vertex0                       : 9444
Vertex1                       : 9204
Vertex2                       : 8484
Normal -------------------------.
  X                             : -0.000000
  Y                             : -0.000001
  Z                             : -1.000000
  Weight                        : 1.000000
HiddenEdges                   : 0
MaterialStartOffset           : 216
SMGroup                       : 0
TagID                         : 0
ExtraData ----------------------. 
  DataBlockCount                : 0
  DataBlockStartOffset          : 0
  Pad0                          : ''
  Pad1                          : [ 0 ,  0 ]
--------------------------------------------------------------------------------
IGfTriangles [ 60 / 316 ] (58312)
------------------------------.
Vertex0                       : 9444
Vertex1                       : 9204
Vertex2                       : 8484
Normal -------------------------.
  X                             : -0.000000
  Y                             : -0.000001
  Z                             : -1.000000
  Weight                        : 1.000000
HiddenEdges                   : 0
MaterialStartOffset           : 216
SMGroup                       : 0
TagID                         : 0
ExtraData ----------------------. 
  DataBlockCount                : 0
  DataBlockStartOffset          : 0
  Pad0                          : ''
  Pad1                          : [ 0 ,  0 ]
--------------------------------------------------------------------------------
IGfTriangles [ 61 / 316 ] (58404)
------------------------------.
Vertex0                       : 9684
Vertex1                       : 9924
Vertex2                       : 10164
Normal -------------------------.
  X                             : 1.000000
  Y                             : -0.000001
  Z                             : -0.000000
  Weight                        : 1.000000
HiddenEdges                   : 4
MaterialStartOffset           : 216
SMGroup                       : 0
TagID                         : 0
ExtraData ----------------------. 
  DataBlockCount                : 0
  DataBlockStartOffset          : 0
  Pad0                          : ''
  Pad1                          : [ 0 ,  0 ]
--------------------------------------------------------------------------------
IGfTriangles [ 62 / 316 ] (58496)
------------------------------.
Vertex0                       : 9684
Vertex1                       : 10164
Vertex2                       : 10404
Normal -------------------------.
  X                             : 1.000000
  Y                             : -0.000001
  Z                             : -0.000000
  Weight                        : 1.000000
HiddenEdges                   : 1
MaterialStartOffset           : 216
SMGroup                       : 0
TagID                         : 0
ExtraData ----------------------. 
  DataBlockCount                : 0
  DataBlockStartOffset          : 0
  Pad0                          : ''
  Pad1                          : [ 0 ,  0 ]
--------------------------------------------------------------------------------
IGfTriangles [ 63 / 316 ] (58588)
------------------------------.
Vertex0                       : 10644
Vertex1                       : 9204
Vertex2                       : 9444
Normal -------------------------.
  X                             : -0.000000
  Y                             : 0.000001
  Z                             : -1.000000
  Weight                        : 1.000000
HiddenEdges                   : 0
MaterialStartOffset           : 216
SMGroup                       : 0
TagID                         : 0
ExtraData ----------------------. 
  DataBlockCount                : 0
  DataBlockStartOffset          : 0
  Pad0                          : ''
  Pad1                          : [ 0 ,  0 ]
--------------------------------------------------------------------------------
IGfTriangles [ 64 / 316 ] (58680)
------------------------------.
Vertex0                       : 10644
Vertex1                       : 9204
Vertex2                       : 9444
Normal -------------------------.
  X                             : -0.000000
  Y                             : 0.000001
  Z                             : -1.000000
  Weight                        : 1.000000
HiddenEdges                   : 0
MaterialStartOffset           : 216
SMGroup                       : 0
TagID                         : 0
ExtraData ----------------------. 
  DataBlockCount                : 0
  DataBlockStartOffset          : 0
  Pad0                          : ''
  Pad1                          : [ 0 ,  0 ]
--------------------------------------------------------------------------------
IGfTriangles [ 65 / 316 ] (58772)
------------------------------.
Vertex0                       : 10644
Vertex1                       : 10884
Vertex2                       : 9204
Normal -------------------------.
  X                             : -0.000000
  Y                             : 0.000000
  Z                             : -1.000000
  Weight                        : 1.000000
HiddenEdges                   : 0
MaterialStartOffset           : 216
SMGroup                       : 0
TagID                         : 0
ExtraData ----------------------. 
  DataBlockCount                : 0
  DataBlockStartOffset          : 0
  Pad0                          : ''
  Pad1                          : [ 0 ,  0 ]
--------------------------------------------------------------------------------
IGfTriangles [ 66 / 316 ] (58864)
------------------------------.
Vertex0                       : 10644
Vertex1                       : 10884
Vertex2                       : 9204
Normal -------------------------.
  X                             : -0.000000
  Y                             : 0.000000
  Z                             : -1.000000
  Weight                        : 1.000000
HiddenEdges                   : 0
MaterialStartOffset           : 216
SMGroup                       : 0
TagID                         : 0
ExtraData ----------------------. 
  DataBlockCount                : 0
  DataBlockStartOffset          : 0
  Pad0                          : ''
  Pad1                          : [ 0 ,  0 ]
--------------------------------------------------------------------------------
IGfTriangles [ 67 / 316 ] (58956)
------------------------------.
Vertex0                       : 11124
Vertex1                       : 10884
Vertex2                       : 10644
Normal -------------------------.
  X                             : -0.000000
  Y                             : 0.000001
  Z                             : -1.000000
  Weight                        : 1.000000
HiddenEdges                   : 0
MaterialStartOffset           : 216
SMGroup                       : 0
TagID                         : 0
ExtraData ----------------------. 
  DataBlockCount                : 0
  DataBlockStartOffset          : 0
  Pad0                          : ''
  Pad1                          : [ 0 ,  0 ]
--------------------------------------------------------------------------------
IGfTriangles [ 68 / 316 ] (59048)
------------------------------.
Vertex0                       : 11124
Vertex1                       : 10884
Vertex2                       : 10644
Normal -------------------------.
  X                             : -0.000000
  Y                             : 0.000001
  Z                             : -1.000000
  Weight                        : 1.000000
HiddenEdges                   : 0
MaterialStartOffset           : 216
SMGroup                       : 0
TagID                         : 0
ExtraData ----------------------. 
  DataBlockCount                : 0
  DataBlockStartOffset          : 0
  Pad0                          : ''
  Pad1                          : [ 0 ,  0 ]
--------------------------------------------------------------------------------
IGfTriangles [ 69 / 316 ] (59140)
------------------------------.
Vertex0                       : 11124
Vertex1                       : 11364
Vertex2                       : 10884
Normal -------------------------.
  X                             : -0.000000
  Y                             : 0.000000
  Z                             : -1.000000
  Weight                        : 1.000000
HiddenEdges                   : 0
MaterialStartOffset           : 216
SMGroup                       : 0
TagID                         : 0
ExtraData ----------------------. 
  DataBlockCount                : 0
  DataBlockStartOffset          : 0
  Pad0                          : ''
  Pad1                          : [ 0 ,  0 ]
--------------------------------------------------------------------------------
IGfTriangles [ 70 / 316 ] (59232)
------------------------------.
Vertex0                       : 11124
Vertex1                       : 11364
Vertex2                       : 10884
Normal -------------------------.
  X                             : -0.000000
  Y                             : 0.000000
  Z                             : -1.000000
  Weight                        : 1.000000
HiddenEdges                   : 0
MaterialStartOffset           : 216
SMGroup                       : 0
TagID                         : 0
ExtraData ----------------------. 
  DataBlockCount                : 0
  DataBlockStartOffset          : 0
  Pad0                          : ''
  Pad1                          : [ 0 ,  0 ]
--------------------------------------------------------------------------------
IGfTriangles [ 71 / 316 ] (59324)
------------------------------.
Vertex0                       : 11604
Vertex1                       : 11364
Vertex2                       : 11124
Normal -------------------------.
  X                             : -0.000000
  Y                             : 0.000000
  Z                             : -1.000000
  Weight                        : 1.000000
HiddenEdges                   : 0
MaterialStartOffset           : 216
SMGroup                       : 0
TagID                         : 0
ExtraData ----------------------. 
  DataBlockCount                : 0
  DataBlockStartOffset          : 0
  Pad0                          : ''
  Pad1                          : [ 0 ,  0 ]
--------------------------------------------------------------------------------
IGfTriangles [ 72 / 316 ] (59416)
------------------------------.
Vertex0                       : 11604
Vertex1                       : 11364
Vertex2                       : 11124
Normal -------------------------.
  X                             : -0.000000
  Y                             : 0.000000
  Z                             : -1.000000
  Weight                        : 1.000000
HiddenEdges                   : 0
MaterialStartOffset           : 216
SMGroup                       : 0
TagID                         : 0
ExtraData ----------------------. 
  DataBlockCount                : 0
  DataBlockStartOffset          : 0
  Pad0                          : ''
  Pad1                          : [ 0 ,  0 ]
--------------------------------------------------------------------------------
IGfTriangles [ 73 / 316 ] (59508)
------------------------------.
Vertex0                       : 11604
Vertex1                       : 11844
Vertex2                       : 11364
Normal -------------------------.
  X                             : 0.000000
  Y                             : -0.000001
  Z                             : -1.000000
  Weight                        : 1.000000
HiddenEdges                   : 0
MaterialStartOffset           : 216
SMGroup                       : 0
TagID                         : 0
ExtraData ----------------------. 
  DataBlockCount                : 0
  DataBlockStartOffset          : 0
  Pad0                          : ''
  Pad1                          : [ 0 ,  0 ]
--------------------------------------------------------------------------------
IGfTriangles [ 74 / 316 ] (59600)
------------------------------.
Vertex0                       : 11604
Vertex1                       : 11844
Vertex2                       : 11364
Normal -------------------------.
  X                             : 0.000000
  Y                             : -0.000001
  Z                             : -1.000000
  Weight                        : 1.000000
HiddenEdges                   : 0
MaterialStartOffset           : 216
SMGroup                       : 0
TagID                         : 0
ExtraData ----------------------. 
  DataBlockCount                : 0
  DataBlockStartOffset          : 0
  Pad0                          : ''
  Pad1                          : [ 0 ,  0 ]
--------------------------------------------------------------------------------
IGfTriangles [ 75 / 316 ] (59692)
------------------------------.
Vertex0                       : 11604
Vertex1                       : 12084
Vertex2                       : 11844
Normal -------------------------.
  X                             : 0.000000
  Y                             : -0.000001
  Z                             : -1.000000
  Weight                        : 1.000000
HiddenEdges                   : 0
MaterialStartOffset           : 216
SMGroup                       : 0
TagID                         : 0
ExtraData ----------------------. 
  DataBlockCount                : 0
  DataBlockStartOffset          : 0
  Pad0                          : ''
  Pad1                          : [ 0 ,  0 ]
--------------------------------------------------------------------------------
IGfTriangles [ 76 / 316 ] (59784)
------------------------------.
Vertex0                       : 11604
Vertex1                       : 12084
Vertex2                       : 11844
Normal -------------------------.
  X                             : 0.000000
  Y                             : -0.000001
  Z                             : -1.000000
  Weight                        : 1.000000
HiddenEdges                   : 0
MaterialStartOffset           : 216
SMGroup                       : 0
TagID                         : 0
ExtraData ----------------------. 
  DataBlockCount                : 0
  DataBlockStartOffset          : 0
  Pad0                          : ''
  Pad1                          : [ 0 ,  0 ]
--------------------------------------------------------------------------------
IGfTriangles [ 77 / 316 ] (59876)
------------------------------.
Vertex0                       : 12324
Vertex1                       : 12084
Vertex2                       : 11604
Normal -------------------------.
  X                             : 0.000000
  Y                             : -0.000001
  Z                             : -1.000000
  Weight                        : 1.000000
HiddenEdges                   : 0
MaterialStartOffset           : 216
SMGroup                       : 0
TagID                         : 0
ExtraData ----------------------. 
  DataBlockCount                : 0
  DataBlockStartOffset          : 0
  Pad0                          : ''
  Pad1                          : [ 0 ,  0 ]
--------------------------------------------------------------------------------
IGfTriangles [ 78 / 316 ] (59968)
------------------------------.
Vertex0                       : 12324
Vertex1                       : 12084
Vertex2                       : 11604
Normal -------------------------.
  X                             : 0.000000
  Y                             : -0.000001
  Z                             : -1.000000
  Weight                        : 1.000000
HiddenEdges                   : 0
MaterialStartOffset           : 216
SMGroup                       : 0
TagID                         : 0
ExtraData ----------------------. 
  DataBlockCount                : 0
  DataBlockStartOffset          : 0
  Pad0                          : ''
  Pad1                          : [ 0 ,  0 ]
--------------------------------------------------------------------------------
IGfTriangles [ 79 / 316 ] (60060)
------------------------------.
Vertex0                       : 12324
Vertex1                       : 12564
Vertex2                       : 12084
Normal -------------------------.
  X                             : -0.000000
  Y                             : 0.000001
  Z                             : -1.000000
  Weight                        : 1.000000
HiddenEdges                   : 0
MaterialStartOffset           : 216
SMGroup                       : 0
TagID                         : 0
ExtraData ----------------------. 
  DataBlockCount                : 0
  DataBlockStartOffset          : 0
  Pad0                          : ''
  Pad1                          : [ 0 ,  0 ]
--------------------------------------------------------------------------------
IGfTriangles [ 80 / 316 ] (60152)
------------------------------.
Vertex0                       : 12324
Vertex1                       : 12564
Vertex2                       : 12084
Normal -------------------------.
  X                             : -0.000000
  Y                             : 0.000001
  Z                             : -1.000000
  Weight                        : 1.000000
HiddenEdges                   : 0
MaterialStartOffset           : 216
SMGroup                       : 0
TagID                         : 0
ExtraData ----------------------. 
  DataBlockCount                : 0
  DataBlockStartOffset          : 0
  Pad0                          : ''
  Pad1                          : [ 0 ,  0 ]
--------------------------------------------------------------------------------
IGfTriangles [ 81 / 316 ] (60244)
------------------------------.
Vertex0                       : 12804
Vertex1                       : 12564
Vertex2                       : 12324
Normal -------------------------.
  X                             : -0.000000
  Y                             : -0.000001
  Z                             : -1.000000
  Weight                        : 1.000000
HiddenEdges                   : 0
MaterialStartOffset           : 216
SMGroup                       : 0
TagID                         : 0
ExtraData ----------------------. 
  DataBlockCount                : 0
  DataBlockStartOffset          : 0
  Pad0                          : ''
  Pad1                          : [ 0 ,  0 ]
--------------------------------------------------------------------------------
IGfTriangles [ 82 / 316 ] (60336)
------------------------------.
Vertex0                       : 12804
Vertex1                       : 12564
Vertex2                       : 12324
Normal -------------------------.
  X                             : -0.000000
  Y                             : -0.000001
  Z                             : -1.000000
  Weight                        : 1.000000
HiddenEdges                   : 0
MaterialStartOffset           : 216
SMGroup                       : 0
TagID                         : 0
ExtraData ----------------------. 
  DataBlockCount                : 0
  DataBlockStartOffset          : 0
  Pad0                          : ''
  Pad1                          : [ 0 ,  0 ]
--------------------------------------------------------------------------------
IGfTriangles [ 83 / 316 ] (60428)
------------------------------.
Vertex0                       : 12804
Vertex1                       : 13044
Vertex2                       : 12564
Normal -------------------------.
  X                             : -0.000000
  Y                             : 0.000000
  Z                             : -1.000000
  Weight                        : 1.000000
HiddenEdges                   : 0
MaterialStartOffset           : 216
SMGroup                       : 0
TagID                         : 0
ExtraData ----------------------. 
  DataBlockCount                : 0
  DataBlockStartOffset          : 0
  Pad0                          : ''
  Pad1                          : [ 0 ,  0 ]
--------------------------------------------------------------------------------
IGfTriangles [ 84 / 316 ] (60520)
------------------------------.
Vertex0                       : 12804
Vertex1                       : 13044
Vertex2                       : 12564
Normal -------------------------.
  X                             : -0.000000
  Y                             : 0.000000
  Z                             : -1.000000
  Weight                        : 1.000000
HiddenEdges                   : 0
MaterialStartOffset           : 216
SMGroup                       : 0
TagID                         : 0
ExtraData ----------------------. 
  DataBlockCount                : 0
  DataBlockStartOffset          : 0
  Pad0                          : ''
  Pad1                          : [ 0 ,  0 ]
--------------------------------------------------------------------------------
IGfTriangles [ 85 / 316 ] (60612)
------------------------------.
Vertex0                       : 13284
Vertex1                       : 13044
Vertex2                       : 12804
Normal -------------------------.
  X                             : -0.000000
  Y                             : -0.000000
  Z                             : -1.000000
  Weight                        : 1.000000
HiddenEdges                   : 0
MaterialStartOffset           : 216
SMGroup                       : 0
TagID                         : 0
ExtraData ----------------------. 
  DataBlockCount                : 0
  DataBlockStartOffset          : 0
  Pad0                          : ''
  Pad1                          : [ 0 ,  0 ]
--------------------------------------------------------------------------------
IGfTriangles [ 86 / 316 ] (60704)
------------------------------.
Vertex0                       : 13284
Vertex1                       : 13044
Vertex2                       : 12804
Normal -------------------------.
  X                             : -0.000000
  Y                             : -0.000000
  Z                             : -1.000000
  Weight                        : 1.000000
HiddenEdges                   : 0
MaterialStartOffset           : 216
SMGroup                       : 0
TagID                         : 0
ExtraData ----------------------. 
  DataBlockCount                : 0
  DataBlockStartOffset          : 0
  Pad0                          : ''
  Pad1                          : [ 0 ,  0 ]
--------------------------------------------------------------------------------
IGfTriangles [ 87 / 316 ] (60796)
------------------------------.
Vertex0                       : 13284
Vertex1                       : 13524
Vertex2                       : 13044
Normal -------------------------.
  X                             : -0.000000
  Y                             : -0.000004
  Z                             : -1.000000
  Weight                        : 1.000000
HiddenEdges                   : 0
MaterialStartOffset           : 216
SMGroup                       : 0
TagID                         : 0
ExtraData ----------------------. 
  DataBlockCount                : 0
  DataBlockStartOffset          : 0
  Pad0                          : ''
  Pad1                          : [ 0 ,  0 ]
--------------------------------------------------------------------------------
IGfTriangles [ 88 / 316 ] (60888)
------------------------------.
Vertex0                       : 13284
Vertex1                       : 13524
Vertex2                       : 13044
Normal -------------------------.
  X                             : -0.000000
  Y                             : -0.000004
  Z                             : -1.000000
  Weight                        : 1.000000
HiddenEdges                   : 0
MaterialStartOffset           : 216
SMGroup                       : 0
TagID                         : 0
ExtraData ----------------------. 
  DataBlockCount                : 0
  DataBlockStartOffset          : 0
  Pad0                          : ''
  Pad1                          : [ 0 ,  0 ]
--------------------------------------------------------------------------------
IGfTriangles [ 89 / 316 ] (60980)
------------------------------.
Vertex0                       : 13284
Vertex1                       : 13764
Vertex2                       : 13524
Normal -------------------------.
  X                             : -0.000000
  Y                             : -0.000000
  Z                             : -1.000000
  Weight                        : 1.000000
HiddenEdges                   : 0
MaterialStartOffset           : 216
SMGroup                       : 0
TagID                         : 0
ExtraData ----------------------. 
  DataBlockCount                : 0
  DataBlockStartOffset          : 0
  Pad0                          : ''
  Pad1                          : [ 0 ,  0 ]
--------------------------------------------------------------------------------
IGfTriangles [ 90 / 316 ] (61072)
------------------------------.
Vertex0                       : 13284
Vertex1                       : 13764
Vertex2                       : 13524
Normal -------------------------.
  X                             : -0.000000
  Y                             : -0.000000
  Z                             : -1.000000
  Weight                        : 1.000000
HiddenEdges                   : 0
MaterialStartOffset           : 216
SMGroup                       : 0
TagID                         : 0
ExtraData ----------------------. 
  DataBlockCount                : 0
  DataBlockStartOffset          : 0
  Pad0                          : ''
  Pad1                          : [ 0 ,  0 ]
--------------------------------------------------------------------------------
IGfTriangles [ 91 / 316 ] (61164)
------------------------------.
Vertex0                       : 14004
Vertex1                       : 13764
Vertex2                       : 13284
Normal -------------------------.
  X                             : 0.000000
  Y                             : 0.000001
  Z                             : -1.000000
  Weight                        : 1.000000
HiddenEdges                   : 0
MaterialStartOffset           : 216
SMGroup                       : 0
TagID                         : 0
ExtraData ----------------------. 
  DataBlockCount                : 0
  DataBlockStartOffset          : 0
  Pad0                          : ''
  Pad1                          : [ 0 ,  0 ]
--------------------------------------------------------------------------------
IGfTriangles [ 92 / 316 ] (61256)
------------------------------.
Vertex0                       : 14004
Vertex1                       : 13764
Vertex2                       : 13284
Normal -------------------------.
  X                             : 0.000000
  Y                             : 0.000001
  Z                             : -1.000000
  Weight                        : 1.000000
HiddenEdges                   : 0
MaterialStartOffset           : 216
SMGroup                       : 0
TagID                         : 0
ExtraData ----------------------. 
  DataBlockCount                : 0
  DataBlockStartOffset          : 0
  Pad0                          : ''
  Pad1                          : [ 0 ,  0 ]
--------------------------------------------------------------------------------
IGfTriangles [ 93 / 316 ] (61348)
------------------------------.
Vertex0                       : 14244
Vertex1                       : 13764
Vertex2                       : 14004
Normal -------------------------.
  X                             : -0.000000
  Y                             : -0.000000
  Z                             : -1.000000
  Weight                        : 1.000000
HiddenEdges                   : 0
MaterialStartOffset           : 216
SMGroup                       : 0
TagID                         : 0
ExtraData ----------------------. 
  DataBlockCount                : 0
  DataBlockStartOffset          : 0
  Pad0                          : ''
  Pad1                          : [ 0 ,  0 ]
--------------------------------------------------------------------------------
IGfTriangles [ 94 / 316 ] (61440)
------------------------------.
Vertex0                       : 14244
Vertex1                       : 13764
Vertex2                       : 14004
Normal -------------------------.
  X                             : -0.000000
  Y                             : -0.000000
  Z                             : -1.000000
  Weight                        : 1.000000
HiddenEdges                   : 0
MaterialStartOffset           : 216
SMGroup                       : 0
TagID                         : 0
ExtraData ----------------------. 
  DataBlockCount                : 0
  DataBlockStartOffset          : 0
  Pad0                          : ''
  Pad1                          : [ 0 ,  0 ]
--------------------------------------------------------------------------------
IGfTriangles [ 95 / 316 ] (61532)
------------------------------.
Vertex0                       : 14484
Vertex1                       : 14724
Vertex2                       : 14964
Normal -------------------------.
  X                             : 0.000000
  Y                             : -0.000005
  Z                             : 1.000000
  Weight                        : 1.000000
HiddenEdges                   : 0
MaterialStartOffset           : 216
SMGroup                       : 0
TagID                         : 0
ExtraData ----------------------. 
  DataBlockCount                : 0
  DataBlockStartOffset          : 0
  Pad0                          : ''
  Pad1                          : [ 0 ,  0 ]
--------------------------------------------------------------------------------
IGfTriangles [ 96 / 316 ] (61624)
------------------------------.
Vertex0                       : 14484
Vertex1                       : 14724
Vertex2                       : 14964
Normal -------------------------.
  X                             : 0.000000
  Y                             : -0.000005
  Z                             : 1.000000
  Weight                        : 1.000000
HiddenEdges                   : 0
MaterialStartOffset           : 216
SMGroup                       : 0
TagID                         : 0
ExtraData ----------------------. 
  DataBlockCount                : 0
  DataBlockStartOffset          : 0
  Pad0                          : ''
  Pad1                          : [ 0 ,  0 ]
--------------------------------------------------------------------------------
IGfTriangles [ 97 / 316 ] (61716)
------------------------------.
Vertex0                       : 15204
Vertex1                       : 14724
Vertex2                       : 14484
Normal -------------------------.
  X                             : 0.000000
  Y                             : 0.000006
  Z                             : 1.000000
  Weight                        : 1.000000
HiddenEdges                   : 0
MaterialStartOffset           : 216
SMGroup                       : 0
TagID                         : 0
ExtraData ----------------------. 
  DataBlockCount                : 0
  DataBlockStartOffset          : 0
  Pad0                          : ''
  Pad1                          : [ 0 ,  0 ]
--------------------------------------------------------------------------------
IGfTriangles [ 98 / 316 ] (61808)
------------------------------.
Vertex0                       : 15204
Vertex1                       : 14724
Vertex2                       : 14484
Normal -------------------------.
  X                             : 0.000000
  Y                             : 0.000006
  Z                             : 1.000000
  Weight                        : 1.000000
HiddenEdges                   : 0
MaterialStartOffset           : 216
SMGroup                       : 0
TagID                         : 0
ExtraData ----------------------. 
  DataBlockCount                : 0
  DataBlockStartOffset          : 0
  Pad0                          : ''
  Pad1                          : [ 0 ,  0 ]
--------------------------------------------------------------------------------
IGfTriangles [ 99 / 316 ] (61900)
------------------------------.
Vertex0                       : 15204
Vertex1                       : 15444
Vertex2                       : 14724
Normal -------------------------.
  X                             : 0.000000
  Y                             : 0.000003
  Z                             : 1.000000
  Weight                        : 1.000000
HiddenEdges                   : 0
MaterialStartOffset           : 216
SMGroup                       : 0
TagID                         : 0
ExtraData ----------------------. 
  DataBlockCount                : 0
  DataBlockStartOffset          : 0
  Pad0                          : ''
  Pad1                          : [ 0 ,  0 ]
--------------------------------------------------------------------------------
IGfTriangles [ 100 / 316 ] (61992)
------------------------------.
Vertex0                       : 15204
Vertex1                       : 15444
Vertex2                       : 14724
Normal -------------------------.
  X                             : 0.000000
  Y                             : 0.000003
  Z                             : 1.000000
  Weight                        : 1.000000
HiddenEdges                   : 0
MaterialStartOffset           : 216
SMGroup                       : 0
TagID                         : 0
ExtraData ----------------------. 
  DataBlockCount                : 0
  DataBlockStartOffset          : 0
  Pad0                          : ''
  Pad1                          : [ 0 ,  0 ]
--------------------------------------------------------------------------------
IGfTriangles [ 101 / 316 ] (62084)
------------------------------.
Vertex0                       : 15684
Vertex1                       : 15444
Vertex2                       : 15204
Normal -------------------------.
  X                             : 0.000000
  Y                             : 0.000001
  Z                             : 1.000000
  Weight                        : 1.000000
HiddenEdges                   : 0
MaterialStartOffset           : 216
SMGroup                       : 0
TagID                         : 0
ExtraData ----------------------. 
  DataBlockCount                : 0
  DataBlockStartOffset          : 0
  Pad0                          : ''
  Pad1                          : [ 0 ,  0 ]
--------------------------------------------------------------------------------
IGfTriangles [ 102 / 316 ] (62176)
------------------------------.
Vertex0                       : 15684
Vertex1                       : 15444
Vertex2                       : 15204
Normal -------------------------.
  X                             : 0.000000
  Y                             : 0.000001
  Z                             : 1.000000
  Weight                        : 1.000000
HiddenEdges                   : 0
MaterialStartOffset           : 216
SMGroup                       : 0
TagID                         : 0
ExtraData ----------------------. 
  DataBlockCount                : 0
  DataBlockStartOffset          : 0
  Pad0                          : ''
  Pad1                          : [ 0 ,  0 ]
--------------------------------------------------------------------------------
IGfTriangles [ 103 / 316 ] (62268)
------------------------------.
Vertex0                       : 15924
Vertex1                       : 15444
Vertex2                       : 15684
Normal -------------------------.
  X                             : 0.000000
  Y                             : 0.000000
  Z                             : 1.000000
  Weight                        : 1.000000
HiddenEdges                   : 0
MaterialStartOffset           : 216
SMGroup                       : 0
TagID                         : 0
ExtraData ----------------------. 
  DataBlockCount                : 0
  DataBlockStartOffset          : 0
  Pad0                          : ''
  Pad1                          : [ 0 ,  0 ]
--------------------------------------------------------------------------------
IGfTriangles [ 104 / 316 ] (62360)
------------------------------.
Vertex0                       : 15924
Vertex1                       : 15444
Vertex2                       : 15684
Normal -------------------------.
  X                             : 0.000000
  Y                             : 0.000000
  Z                             : 1.000000
  Weight                        : 1.000000
HiddenEdges                   : 0
MaterialStartOffset           : 216
SMGroup                       : 0
TagID                         : 0
ExtraData ----------------------. 
  DataBlockCount                : 0
  DataBlockStartOffset          : 0
  Pad0                          : ''
  Pad1                          : [ 0 ,  0 ]
--------------------------------------------------------------------------------
IGfTriangles [ 105 / 316 ] (62452)
------------------------------.
Vertex0                       : 15924
Vertex1                       : 16164
Vertex2                       : 15444
Normal -------------------------.
  X                             : 0.000000
  Y                             : -0.000002
  Z                             : 1.000000
  Weight                        : 1.000000
HiddenEdges                   : 0
MaterialStartOffset           : 216
SMGroup                       : 0
TagID                         : 0
ExtraData ----------------------. 
  DataBlockCount                : 0
  DataBlockStartOffset          : 0
  Pad0                          : ''
  Pad1                          : [ 0 ,  0 ]
--------------------------------------------------------------------------------
IGfTriangles [ 106 / 316 ] (62544)
------------------------------.
Vertex0                       : 15924
Vertex1                       : 16164
Vertex2                       : 15444
Normal -------------------------.
  X                             : 0.000000
  Y                             : -0.000002
  Z                             : 1.000000
  Weight                        : 1.000000
HiddenEdges                   : 0
MaterialStartOffset           : 216
SMGroup                       : 0
TagID                         : 0
ExtraData ----------------------. 
  DataBlockCount                : 0
  DataBlockStartOffset          : 0
  Pad0                          : ''
  Pad1                          : [ 0 ,  0 ]
--------------------------------------------------------------------------------
IGfTriangles [ 107 / 316 ] (62636)
------------------------------.
Vertex0                       : 16404
Vertex1                       : 16164
Vertex2                       : 15924
Normal -------------------------.
  X                             : 0.000000
  Y                             : -0.000001
  Z                             : 1.000000
  Weight                        : 1.000000
HiddenEdges                   : 0
MaterialStartOffset           : 216
SMGroup                       : 0
TagID                         : 0
ExtraData ----------------------. 
  DataBlockCount                : 0
  DataBlockStartOffset          : 0
  Pad0                          : ''
  Pad1                          : [ 0 ,  0 ]
--------------------------------------------------------------------------------
IGfTriangles [ 108 / 316 ] (62728)
------------------------------.
Vertex0                       : 16404
Vertex1                       : 16164
Vertex2                       : 15924
Normal -------------------------.
  X                             : 0.000000
  Y                             : -0.000001
  Z                             : 1.000000
  Weight                        : 1.000000
HiddenEdges                   : 0
MaterialStartOffset           : 216
SMGroup                       : 0
TagID                         : 0
ExtraData ----------------------. 
  DataBlockCount                : 0
  DataBlockStartOffset          : 0
  Pad0                          : ''
  Pad1                          : [ 0 ,  0 ]
--------------------------------------------------------------------------------
IGfTriangles [ 109 / 316 ] (62820)
------------------------------.
Vertex0                       : 16404
Vertex1                       : 16644
Vertex2                       : 16164
Normal -------------------------.
  X                             : 0.000000
  Y                             : 0.000002
  Z                             : 1.000000
  Weight                        : 1.000000
HiddenEdges                   : 0
MaterialStartOffset           : 216
SMGroup                       : 0
TagID                         : 0
ExtraData ----------------------. 
  DataBlockCount                : 0
  DataBlockStartOffset          : 0
  Pad0                          : ''
  Pad1                          : [ 0 ,  0 ]
--------------------------------------------------------------------------------
IGfTriangles [ 110 / 316 ] (62912)
------------------------------.
Vertex0                       : 16404
Vertex1                       : 16644
Vertex2                       : 16164
Normal -------------------------.
  X                             : 0.000000
  Y                             : 0.000002
  Z                             : 1.000000
  Weight                        : 1.000000
HiddenEdges                   : 0
MaterialStartOffset           : 216
SMGroup                       : 0
TagID                         : 0
ExtraData ----------------------. 
  DataBlockCount                : 0
  DataBlockStartOffset          : 0
  Pad0                          : ''
  Pad1                          : [ 0 ,  0 ]
--------------------------------------------------------------------------------
IGfTriangles [ 111 / 316 ] (63004)
------------------------------.
Vertex0                       : 16884
Vertex1                       : 16644
Vertex2                       : 16404
Normal -------------------------.
  X                             : 0.000000
  Y                             : -0.000002
  Z                             : 1.000000
  Weight                        : 1.000000
HiddenEdges                   : 0
MaterialStartOffset           : 216
SMGroup                       : 0
TagID                         : 0
ExtraData ----------------------. 
  DataBlockCount                : 0
  DataBlockStartOffset          : 0
  Pad0                          : ''
  Pad1                          : [ 0 ,  0 ]
--------------------------------------------------------------------------------
IGfTriangles [ 112 / 316 ] (63096)
------------------------------.
Vertex0                       : 16884
Vertex1                       : 16644
Vertex2                       : 16404
Normal -------------------------.
  X                             : 0.000000
  Y                             : -0.000002
  Z                             : 1.000000
  Weight                        : 1.000000
HiddenEdges                   : 0
MaterialStartOffset           : 216
SMGroup                       : 0
TagID                         : 0
ExtraData ----------------------. 
  DataBlockCount                : 0
  DataBlockStartOffset          : 0
  Pad0                          : ''
  Pad1                          : [ 0 ,  0 ]
--------------------------------------------------------------------------------
IGfTriangles [ 113 / 316 ] (63188)
------------------------------.
Vertex0                       : 16884
Vertex1                       : 17124
Vertex2                       : 16644
Normal -------------------------.
  X                             : 0.000000
  Y                             : -0.000001
  Z                             : 1.000000
  Weight                        : 1.000000
HiddenEdges                   : 0
MaterialStartOffset           : 216
SMGroup                       : 0
TagID                         : 0
ExtraData ----------------------. 
  DataBlockCount                : 0
  DataBlockStartOffset          : 0
  Pad0                          : ''
  Pad1                          : [ 0 ,  0 ]
--------------------------------------------------------------------------------
IGfTriangles [ 114 / 316 ] (63280)
------------------------------.
Vertex0                       : 16884
Vertex1                       : 17124
Vertex2                       : 16644
Normal -------------------------.
  X                             : 0.000000
  Y                             : -0.000001
  Z                             : 1.000000
  Weight                        : 1.000000
HiddenEdges                   : 0
MaterialStartOffset           : 216
SMGroup                       : 0
TagID                         : 0
ExtraData ----------------------. 
  DataBlockCount                : 0
  DataBlockStartOffset          : 0
  Pad0                          : ''
  Pad1                          : [ 0 ,  0 ]
--------------------------------------------------------------------------------
IGfTriangles [ 115 / 316 ] (63372)
------------------------------.
Vertex0                       : 17364
Vertex1                       : 17124
Vertex2                       : 16884
Normal -------------------------.
  X                             : 0.000000
  Y                             : 0.000001
  Z                             : 1.000000
  Weight                        : 1.000000
HiddenEdges                   : 0
MaterialStartOffset           : 216
SMGroup                       : 0
TagID                         : 0
ExtraData ----------------------. 
  DataBlockCount                : 0
  DataBlockStartOffset          : 0
  Pad0                          : ''
  Pad1                          : [ 0 ,  0 ]
--------------------------------------------------------------------------------
IGfTriangles [ 116 / 316 ] (63464)
------------------------------.
Vertex0                       : 17364
Vertex1                       : 17124
Vertex2                       : 16884
Normal -------------------------.
  X                             : 0.000000
  Y                             : 0.000001
  Z                             : 1.000000
  Weight                        : 1.000000
HiddenEdges                   : 0
MaterialStartOffset           : 216
SMGroup                       : 0
TagID                         : 0
ExtraData ----------------------. 
  DataBlockCount                : 0
  DataBlockStartOffset          : 0
  Pad0                          : ''
  Pad1                          : [ 0 ,  0 ]
--------------------------------------------------------------------------------
IGfTriangles [ 117 / 316 ] (63556)
------------------------------.
Vertex0                       : 17364
Vertex1                       : 17604
Vertex2                       : 17124
Normal -------------------------.
  X                             : 0.000000
  Y                             : -0.000000
  Z                             : 1.000000
  Weight                        : 1.000000
HiddenEdges                   : 0
MaterialStartOffset           : 216
SMGroup                       : 0
TagID                         : 0
ExtraData ----------------------. 
  DataBlockCount                : 0
  DataBlockStartOffset          : 0
  Pad0                          : ''
  Pad1                          : [ 0 ,  0 ]
--------------------------------------------------------------------------------
IGfTriangles [ 118 / 316 ] (63648)
------------------------------.
Vertex0                       : 17364
Vertex1                       : 17604
Vertex2                       : 17124
Normal -------------------------.
  X                             : 0.000000
  Y                             : -0.000000
  Z                             : 1.000000
  Weight                        : 1.000000
HiddenEdges                   : 0
MaterialStartOffset           : 216
SMGroup                       : 0
TagID                         : 0
ExtraData ----------------------. 
  DataBlockCount                : 0
  DataBlockStartOffset          : 0
  Pad0                          : ''
  Pad1                          : [ 0 ,  0 ]
--------------------------------------------------------------------------------
IGfTriangles [ 119 / 316 ] (63740)
------------------------------.
Vertex0                       : 17844
Vertex1                       : 17604
Vertex2                       : 17364
Normal -------------------------.
  X                             : 0.000000
  Y                             : -0.000002
  Z                             : 1.000000
  Weight                        : 1.000000
HiddenEdges                   : 0
MaterialStartOffset           : 216
SMGroup                       : 0
TagID                         : 0
ExtraData ----------------------. 
  DataBlockCount                : 0
  DataBlockStartOffset          : 0
  Pad0                          : ''
  Pad1                          : [ 0 ,  0 ]
--------------------------------------------------------------------------------
IGfTriangles [ 120 / 316 ] (63832)
------------------------------.
Vertex0                       : 17844
Vertex1                       : 17604
Vertex2                       : 17364
Normal -------------------------.
  X                             : 0.000000
  Y                             : -0.000002
  Z                             : 1.000000
  Weight                        : 1.000000
HiddenEdges                   : 0
MaterialStartOffset           : 216
SMGroup                       : 0
TagID                         : 0
ExtraData ----------------------. 
  DataBlockCount                : 0
  DataBlockStartOffset          : 0
  Pad0                          : ''
  Pad1                          : [ 0 ,  0 ]
--------------------------------------------------------------------------------
IGfTriangles [ 121 / 316 ] (63924)
------------------------------.
Vertex0                       : 17364
Vertex1                       : 18084
Vertex2                       : 17844
Normal -------------------------.
  X                             : -0.000000
  Y                             : 0.000012
  Z                             : 1.000000
  Weight                        : 1.000000
HiddenEdges                   : 0
MaterialStartOffset           : 216
SMGroup                       : 0
TagID                         : 0
ExtraData ----------------------. 
  DataBlockCount                : 0
  DataBlockStartOffset          : 0
  Pad0                          : ''
  Pad1                          : [ 0 ,  0 ]
--------------------------------------------------------------------------------
IGfTriangles [ 122 / 316 ] (64016)
------------------------------.
Vertex0                       : 17364
Vertex1                       : 18084
Vertex2                       : 17844
Normal -------------------------.
  X                             : -0.000000
  Y                             : 0.000012
  Z                             : 1.000000
  Weight                        : 1.000000
HiddenEdges                   : 0
MaterialStartOffset           : 216
SMGroup                       : 0
TagID                         : 0
ExtraData ----------------------. 
  DataBlockCount                : 0
  DataBlockStartOffset          : 0
  Pad0                          : ''
  Pad1                          : [ 0 ,  0 ]
--------------------------------------------------------------------------------
IGfTriangles [ 123 / 316 ] (64108)
------------------------------.
Vertex0                       : 18324
Vertex1                       : 17604
Vertex2                       : 17844
Normal -------------------------.
  X                             : 0.000000
  Y                             : 0.000005
  Z                             : 1.000000
  Weight                        : 1.000000
HiddenEdges                   : 0
MaterialStartOffset           : 216
SMGroup                       : 0
TagID                         : 0
ExtraData ----------------------. 
  DataBlockCount                : 0
  DataBlockStartOffset          : 0
  Pad0                          : ''
  Pad1                          : [ 0 ,  0 ]
--------------------------------------------------------------------------------
IGfTriangles [ 124 / 316 ] (64200)
------------------------------.
Vertex0                       : 18324
Vertex1                       : 17604
Vertex2                       : 17844
Normal -------------------------.
  X                             : 0.000000
  Y                             : 0.000005
  Z                             : 1.000000
  Weight                        : 1.000000
HiddenEdges                   : 0
MaterialStartOffset           : 216
SMGroup                       : 0
TagID                         : 0
ExtraData ----------------------. 
  DataBlockCount                : 0
  DataBlockStartOffset          : 0
  Pad0                          : ''
  Pad1                          : [ 0 ,  0 ]
--------------------------------------------------------------------------------
IGfTriangles [ 125 / 316 ] (64292)
------------------------------.
Vertex0                       : 18564
Vertex1                       : 18084
Vertex2                       : 17364
Normal -------------------------.
  X                             : 0.000000
  Y                             : 0.000001
  Z                             : 1.000000
  Weight                        : 1.000000
HiddenEdges                   : 0
MaterialStartOffset           : 216
SMGroup                       : 0
TagID                         : 0
ExtraData ----------------------. 
  DataBlockCount                : 0
  DataBlockStartOffset          : 0
  Pad0                          : ''
  Pad1                          : [ 0 ,  0 ]
--------------------------------------------------------------------------------
IGfTriangles [ 126 / 316 ] (64384)
------------------------------.
Vertex0                       : 18564
Vertex1                       : 18084
Vertex2                       : 17364
Normal -------------------------.
  X                             : 0.000000
  Y                             : 0.000001
  Z                             : 1.000000
  Weight                        : 1.000000
HiddenEdges                   : 0
MaterialStartOffset           : 216
SMGroup                       : 0
TagID                         : 0
ExtraData ----------------------. 
  DataBlockCount                : 0
  DataBlockStartOffset          : 0
  Pad0                          : ''
  Pad1                          : [ 0 ,  0 ]
--------------------------------------------------------------------------------
IGfTriangles [ 127 / 316 ] (64476)
------------------------------.
Vertex0                       : 18324
Vertex1                       : 18804
Vertex2                       : 17604
Normal -------------------------.
  X                             : 0.000000
  Y                             : 0.000000
  Z                             : 1.000000
  Weight                        : 1.000000
HiddenEdges                   : 0
MaterialStartOffset           : 216
SMGroup                       : 0
TagID                         : 0
ExtraData ----------------------. 
  DataBlockCount                : 0
  DataBlockStartOffset          : 0
  Pad0                          : ''
  Pad1                          : [ 0 ,  0 ]
--------------------------------------------------------------------------------
IGfTriangles [ 128 / 316 ] (64568)
------------------------------.
Vertex0                       : 18324
Vertex1                       : 18804
Vertex2                       : 17604
Normal -------------------------.
  X                             : 0.000000
  Y                             : 0.000000
  Z                             : 1.000000
  Weight                        : 1.000000
HiddenEdges                   : 0
MaterialStartOffset           : 216
SMGroup                       : 0
TagID                         : 0
ExtraData ----------------------. 
  DataBlockCount                : 0
  DataBlockStartOffset          : 0
  Pad0                          : ''
  Pad1                          : [ 0 ,  0 ]
--------------------------------------------------------------------------------
IGfTriangles [ 129 / 316 ] (64660)
------------------------------.
Vertex0                       : 18564
Vertex1                       : 19044
Vertex2                       : 18084
Normal -------------------------.
  X                             : 0.000000
  Y                             : 0.000000
  Z                             : 1.000000
  Weight                        : 1.000000
HiddenEdges                   : 0
MaterialStartOffset           : 216
SMGroup                       : 0
TagID                         : 0
ExtraData ----------------------. 
  DataBlockCount                : 0
  DataBlockStartOffset          : 0
  Pad0                          : ''
  Pad1                          : [ 0 ,  0 ]
--------------------------------------------------------------------------------
IGfTriangles [ 130 / 316 ] (64752)
------------------------------.
Vertex0                       : 18564
Vertex1                       : 19044
Vertex2                       : 18084
Normal -------------------------.
  X                             : 0.000000
  Y                             : 0.000000
  Z                             : 1.000000
  Weight                        : 1.000000
HiddenEdges                   : 0
MaterialStartOffset           : 216
SMGroup                       : 0
TagID                         : 0
ExtraData ----------------------. 
  DataBlockCount                : 0
  DataBlockStartOffset          : 0
  Pad0                          : ''
  Pad1                          : [ 0 ,  0 ]
--------------------------------------------------------------------------------
IGfTriangles [ 131 / 316 ] (64844)
------------------------------.
Vertex0                       : 19284
Vertex1                       : 18804
Vertex2                       : 18324
Normal -------------------------.
  X                             : 0.000000
  Y                             : -0.000005
  Z                             : 1.000000
  Weight                        : 1.000000
HiddenEdges                   : 0
MaterialStartOffset           : 216
SMGroup                       : 0
TagID                         : 0
ExtraData ----------------------. 
  DataBlockCount                : 0
  DataBlockStartOffset          : 0
  Pad0                          : ''
  Pad1                          : [ 0 ,  0 ]
--------------------------------------------------------------------------------
IGfTriangles [ 132 / 316 ] (64936)
------------------------------.
Vertex0                       : 19284
Vertex1                       : 18804
Vertex2                       : 18324
Normal -------------------------.
  X                             : 0.000000
  Y                             : -0.000005
  Z                             : 1.000000
  Weight                        : 1.000000
HiddenEdges                   : 0
MaterialStartOffset           : 216
SMGroup                       : 0
TagID                         : 0
ExtraData ----------------------. 
  DataBlockCount                : 0
  DataBlockStartOffset          : 0
  Pad0                          : ''
  Pad1                          : [ 0 ,  0 ]
--------------------------------------------------------------------------------
IGfTriangles [ 133 / 316 ] (65028)
------------------------------.
Vertex0                       : 18564
Vertex1                       : 19524
Vertex2                       : 19044
Normal -------------------------.
  X                             : 0.000000
  Y                             : 0.000000
  Z                             : 1.000000
  Weight                        : 1.000000
HiddenEdges                   : 0
MaterialStartOffset           : 216
SMGroup                       : 0
TagID                         : 0
ExtraData ----------------------. 
  DataBlockCount                : 0
  DataBlockStartOffset          : 0
  Pad0                          : ''
  Pad1                          : [ 0 ,  0 ]
--------------------------------------------------------------------------------
IGfTriangles [ 134 / 316 ] (65120)
------------------------------.
Vertex0                       : 18564
Vertex1                       : 19524
Vertex2                       : 19044
Normal -------------------------.
  X                             : 0.000000
  Y                             : 0.000000
  Z                             : 1.000000
  Weight                        : 1.000000
HiddenEdges                   : 0
MaterialStartOffset           : 216
SMGroup                       : 0
TagID                         : 0
ExtraData ----------------------. 
  DataBlockCount                : 0
  DataBlockStartOffset          : 0
  Pad0                          : ''
  Pad1                          : [ 0 ,  0 ]
--------------------------------------------------------------------------------
IGfTriangles [ 135 / 316 ] (65212)
------------------------------.
Vertex0                       : 19764
Vertex1                       : 18804
Vertex2                       : 19284
Normal -------------------------.
  X                             : 0.000000
  Y                             : -0.000000
  Z                             : 1.000000
  Weight                        : 1.000000
HiddenEdges                   : 0
MaterialStartOffset           : 216
SMGroup                       : 0
TagID                         : 0
ExtraData ----------------------. 
  DataBlockCount                : 0
  DataBlockStartOffset          : 0
  Pad0                          : ''
  Pad1                          : [ 0 ,  0 ]
--------------------------------------------------------------------------------
IGfTriangles [ 136 / 316 ] (65304)
------------------------------.
Vertex0                       : 19764
Vertex1                       : 18804
Vertex2                       : 19284
Normal -------------------------.
  X                             : 0.000000
  Y                             : -0.000000
  Z                             : 1.000000
  Weight                        : 1.000000
HiddenEdges                   : 0
MaterialStartOffset           : 216
SMGroup                       : 0
TagID                         : 0
ExtraData ----------------------. 
  DataBlockCount                : 0
  DataBlockStartOffset          : 0
  Pad0                          : ''
  Pad1                          : [ 0 ,  0 ]
--------------------------------------------------------------------------------
IGfTriangles [ 137 / 316 ] (65396)
------------------------------.
Vertex0                       : 18564
Vertex1                       : 20004
Vertex2                       : 19524
Normal -------------------------.
  X                             : 0.000000
  Y                             : -0.000002
  Z                             : 1.000000
  Weight                        : 1.000000
HiddenEdges                   : 0
MaterialStartOffset           : 216
SMGroup                       : 0
TagID                         : 0
ExtraData ----------------------. 
  DataBlockCount                : 0
  DataBlockStartOffset          : 0
  Pad0                          : ''
  Pad1                          : [ 0 ,  0 ]
--------------------------------------------------------------------------------
IGfTriangles [ 138 / 316 ] (65488)
------------------------------.
Vertex0                       : 18564
Vertex1                       : 20004
Vertex2                       : 19524
Normal -------------------------.
  X                             : 0.000000
  Y                             : -0.000002
  Z                             : 1.000000
  Weight                        : 1.000000
HiddenEdges                   : 0
MaterialStartOffset           : 216
SMGroup                       : 0
TagID                         : 0
ExtraData ----------------------. 
  DataBlockCount                : 0
  DataBlockStartOffset          : 0
  Pad0                          : ''
  Pad1                          : [ 0 ,  0 ]
--------------------------------------------------------------------------------
IGfTriangles [ 139 / 316 ] (65580)
------------------------------.
Vertex0                       : 20244
Vertex1                       : 18804
Vertex2                       : 19764
Normal -------------------------.
  X                             : 0.000000
  Y                             : 0.000002
  Z                             : 1.000000
  Weight                        : 1.000000
HiddenEdges                   : 0
MaterialStartOffset           : 216
SMGroup                       : 0
TagID                         : 0
ExtraData ----------------------. 
  DataBlockCount                : 0
  DataBlockStartOffset          : 0
  Pad0                          : ''
  Pad1                          : [ 0 ,  0 ]
--------------------------------------------------------------------------------
IGfTriangles [ 140 / 316 ] (65672)
------------------------------.
Vertex0                       : 20244
Vertex1                       : 18804
Vertex2                       : 19764
Normal -------------------------.
  X                             : 0.000000
  Y                             : 0.000002
  Z                             : 1.000000
  Weight                        : 1.000000
HiddenEdges                   : 0
MaterialStartOffset           : 216
SMGroup                       : 0
TagID                         : 0
ExtraData ----------------------. 
  DataBlockCount                : 0
  DataBlockStartOffset          : 0
  Pad0                          : ''
  Pad1                          : [ 0 ,  0 ]
--------------------------------------------------------------------------------
IGfTriangles [ 141 / 316 ] (65764)
------------------------------.
Vertex0                       : 18564
Vertex1                       : 20484
Vertex2                       : 20004
Normal -------------------------.
  X                             : -0.000000
  Y                             : 0.000002
  Z                             : 1.000000
  Weight                        : 1.000000
HiddenEdges                   : 0
MaterialStartOffset           : 216
SMGroup                       : 0
TagID                         : 0
ExtraData ----------------------. 
  DataBlockCount                : 0
  DataBlockStartOffset          : 0
  Pad0                          : ''
  Pad1                          : [ 0 ,  0 ]
--------------------------------------------------------------------------------
IGfTriangles [ 142 / 316 ] (65856)
------------------------------.
Vertex0                       : 18564
Vertex1                       : 20484
Vertex2                       : 20004
Normal -------------------------.
  X                             : -0.000000
  Y                             : 0.000002
  Z                             : 1.000000
  Weight                        : 1.000000
HiddenEdges                   : 0
MaterialStartOffset           : 216
SMGroup                       : 0
TagID                         : 0
ExtraData ----------------------. 
  DataBlockCount                : 0
  DataBlockStartOffset          : 0
  Pad0                          : ''
  Pad1                          : [ 0 ,  0 ]
--------------------------------------------------------------------------------
IGfTriangles [ 143 / 316 ] (65948)
------------------------------.
Vertex0                       : 20724
Vertex1                       : 20484
Vertex2                       : 18564
Normal -------------------------.
  X                             : 0.000000
  Y                             : 0.000000
  Z                             : 1.000000
  Weight                        : 1.000000
HiddenEdges                   : 0
MaterialStartOffset           : 216
SMGroup                       : 0
TagID                         : 0
ExtraData ----------------------. 
  DataBlockCount                : 0
  DataBlockStartOffset          : 0
  Pad0                          : ''
  Pad1                          : [ 0 ,  0 ]
--------------------------------------------------------------------------------
IGfTriangles [ 144 / 316 ] (66040)
------------------------------.
Vertex0                       : 20724
Vertex1                       : 20484
Vertex2                       : 18564
Normal -------------------------.
  X                             : 0.000000
  Y                             : 0.000000
  Z                             : 1.000000
  Weight                        : 1.000000
HiddenEdges                   : 0
MaterialStartOffset           : 216
SMGroup                       : 0
TagID                         : 0
ExtraData ----------------------. 
  DataBlockCount                : 0
  DataBlockStartOffset          : 0
  Pad0                          : ''
  Pad1                          : [ 0 ,  0 ]
--------------------------------------------------------------------------------
IGfTriangles [ 145 / 316 ] (66132)
------------------------------.
Vertex0                       : 20724
Vertex1                       : 20964
Vertex2                       : 20484
Normal -------------------------.
  X                             : 0.000000
  Y                             : -0.000002
  Z                             : 1.000000
  Weight                        : 1.000000
HiddenEdges                   : 0
MaterialStartOffset           : 216
SMGroup                       : 0
TagID                         : 0
ExtraData ----------------------. 
  DataBlockCount                : 0
  DataBlockStartOffset          : 0
  Pad0                          : ''
  Pad1                          : [ 0 ,  0 ]
--------------------------------------------------------------------------------
IGfTriangles [ 146 / 316 ] (66224)
------------------------------.
Vertex0                       : 20724
Vertex1                       : 20964
Vertex2                       : 20484
Normal -------------------------.
  X                             : 0.000000
  Y                             : -0.000002
  Z                             : 1.000000
  Weight                        : 1.000000
HiddenEdges                   : 0
MaterialStartOffset           : 216
SMGroup                       : 0
TagID                         : 0
ExtraData ----------------------. 
  DataBlockCount                : 0
  DataBlockStartOffset          : 0
  Pad0                          : ''
  Pad1                          : [ 0 ,  0 ]
--------------------------------------------------------------------------------
IGfTriangles [ 147 / 316 ] (66316)
------------------------------.
Vertex0                       : 20244
Vertex1                       : 21204
Vertex2                       : 18804
Normal -------------------------.
  X                             : 0.000000
  Y                             : 0.000000
  Z                             : 1.000000
  Weight                        : 1.000000
HiddenEdges                   : 0
MaterialStartOffset           : 216
SMGroup                       : 0
TagID                         : 0
ExtraData ----------------------. 
  DataBlockCount                : 0
  DataBlockStartOffset          : 0
  Pad0                          : ''
  Pad1                          : [ 0 ,  0 ]
--------------------------------------------------------------------------------
IGfTriangles [ 148 / 316 ] (66408)
------------------------------.
Vertex0                       : 20244
Vertex1                       : 21204
Vertex2                       : 18804
Normal -------------------------.
  X                             : 0.000000
  Y                             : 0.000000
  Z                             : 1.000000
  Weight                        : 1.000000
HiddenEdges                   : 0
MaterialStartOffset           : 216
SMGroup                       : 0
TagID                         : 0
ExtraData ----------------------. 
  DataBlockCount                : 0
  DataBlockStartOffset          : 0
  Pad0                          : ''
  Pad1                          : [ 0 ,  0 ]
--------------------------------------------------------------------------------
IGfTriangles [ 149 / 316 ] (66500)
------------------------------.
Vertex0                       : 20244
Vertex1                       : 21444
Vertex2                       : 21204
Normal -------------------------.
  X                             : 0.000000
  Y                             : -0.000001
  Z                             : 1.000000
  Weight                        : 1.000000
HiddenEdges                   : 0
MaterialStartOffset           : 216
SMGroup                       : 0
TagID                         : 0
ExtraData ----------------------. 
  DataBlockCount                : 0
  DataBlockStartOffset          : 0
  Pad0                          : ''
  Pad1                          : [ 0 ,  0 ]
--------------------------------------------------------------------------------
IGfTriangles [ 150 / 316 ] (66592)
------------------------------.
Vertex0                       : 20244
Vertex1                       : 21444
Vertex2                       : 21204
Normal -------------------------.
  X                             : 0.000000
  Y                             : -0.000001
  Z                             : 1.000000
  Weight                        : 1.000000
HiddenEdges                   : 0
MaterialStartOffset           : 216
SMGroup                       : 0
TagID                         : 0
ExtraData ----------------------. 
  DataBlockCount                : 0
  DataBlockStartOffset          : 0
  Pad0                          : ''
  Pad1                          : [ 0 ,  0 ]
--------------------------------------------------------------------------------
IGfTriangles [ 151 / 316 ] (66684)
------------------------------.
Vertex0                       : 21684
Vertex1                       : 20964
Vertex2                       : 20724
Normal -------------------------.
  X                             : 0.000000
  Y                             : -0.000001
  Z                             : 1.000000
  Weight                        : 1.000000
HiddenEdges                   : 0
MaterialStartOffset           : 216
SMGroup                       : 0
TagID                         : 0
ExtraData ----------------------. 
  DataBlockCount                : 0
  DataBlockStartOffset          : 0
  Pad0                          : ''
  Pad1                          : [ 0 ,  0 ]
--------------------------------------------------------------------------------
IGfTriangles [ 152 / 316 ] (66776)
------------------------------.
Vertex0                       : 21684
Vertex1                       : 20964
Vertex2                       : 20724
Normal -------------------------.
  X                             : 0.000000
  Y                             : -0.000001
  Z                             : 1.000000
  Weight                        : 1.000000
HiddenEdges                   : 0
MaterialStartOffset           : 216
SMGroup                       : 0
TagID                         : 0
ExtraData ----------------------. 
  DataBlockCount                : 0
  DataBlockStartOffset          : 0
  Pad0                          : ''
  Pad1                          : [ 0 ,  0 ]
--------------------------------------------------------------------------------
IGfTriangles [ 153 / 316 ] (66868)
------------------------------.
Vertex0                       : 21684
Vertex1                       : 21924
Vertex2                       : 20964
Normal -------------------------.
  X                             : 0.000000
  Y                             : 0.000002
  Z                             : 1.000000
  Weight                        : 1.000000
HiddenEdges                   : 0
MaterialStartOffset           : 216
SMGroup                       : 0
TagID                         : 0
ExtraData ----------------------. 
  DataBlockCount                : 0
  DataBlockStartOffset          : 0
  Pad0                          : ''
  Pad1                          : [ 0 ,  0 ]
--------------------------------------------------------------------------------
IGfTriangles [ 154 / 316 ] (66960)
------------------------------.
Vertex0                       : 21684
Vertex1                       : 21924
Vertex2                       : 20964
Normal -------------------------.
  X                             : 0.000000
  Y                             : 0.000002
  Z                             : 1.000000
  Weight                        : 1.000000
HiddenEdges                   : 0
MaterialStartOffset           : 216
SMGroup                       : 0
TagID                         : 0
ExtraData ----------------------. 
  DataBlockCount                : 0
  DataBlockStartOffset          : 0
  Pad0                          : ''
  Pad1                          : [ 0 ,  0 ]
--------------------------------------------------------------------------------
IGfTriangles [ 155 / 316 ] (67052)
------------------------------.
Vertex0                       : 21684
Vertex1                       : 22164
Vertex2                       : 21924
Normal -------------------------.
  X                             : 0.000000
  Y                             : -0.000001
  Z                             : 1.000000
  Weight                        : 1.000000
HiddenEdges                   : 0
MaterialStartOffset           : 216
SMGroup                       : 0
TagID                         : 0
ExtraData ----------------------. 
  DataBlockCount                : 0
  DataBlockStartOffset          : 0
  Pad0                          : ''
  Pad1                          : [ 0 ,  0 ]
--------------------------------------------------------------------------------
IGfTriangles [ 156 / 316 ] (67144)
------------------------------.
Vertex0                       : 21684
Vertex1                       : 22164
Vertex2                       : 21924
Normal -------------------------.
  X                             : 0.000000
  Y                             : -0.000001
  Z                             : 1.000000
  Weight                        : 1.000000
HiddenEdges                   : 0
MaterialStartOffset           : 216
SMGroup                       : 0
TagID                         : 0
ExtraData ----------------------. 
  DataBlockCount                : 0
  DataBlockStartOffset          : 0
  Pad0                          : ''
  Pad1                          : [ 0 ,  0 ]
--------------------------------------------------------------------------------
IGfTriangles [ 157 / 316 ] (67236)
------------------------------.
Vertex0                       : 22404
Vertex1                       : 22164
Vertex2                       : 21684
Normal -------------------------.
  X                             : 0.000000
  Y                             : 0.000000
  Z                             : 1.000000
  Weight                        : 1.000000
HiddenEdges                   : 0
MaterialStartOffset           : 216
SMGroup                       : 0
TagID                         : 0
ExtraData ----------------------. 
  DataBlockCount                : 0
  DataBlockStartOffset          : 0
  Pad0                          : ''
  Pad1                          : [ 0 ,  0 ]
--------------------------------------------------------------------------------
IGfTriangles [ 158 / 316 ] (67328)
------------------------------.
Vertex0                       : 22404
Vertex1                       : 22164
Vertex2                       : 21684
Normal -------------------------.
  X                             : 0.000000
  Y                             : 0.000000
  Z                             : 1.000000
  Weight                        : 1.000000
HiddenEdges                   : 0
MaterialStartOffset           : 216
SMGroup                       : 0
TagID                         : 0
ExtraData ----------------------. 
  DataBlockCount                : 0
  DataBlockStartOffset          : 0
  Pad0                          : ''
  Pad1                          : [ 0 ,  0 ]
--------------------------------------------------------------------------------
IGfTriangles [ 159 / 316 ] (67420)
------------------------------.
Vertex0                       : 22404
Vertex1                       : 22644
Vertex2                       : 22164
Normal -------------------------.
  X                             : 0.000000
  Y                             : 0.000001
  Z                             : 1.000000
  Weight                        : 1.000000
HiddenEdges                   : 0
MaterialStartOffset           : 216
SMGroup                       : 0
TagID                         : 0
ExtraData ----------------------. 
  DataBlockCount                : 0
  DataBlockStartOffset          : 0
  Pad0                          : ''
  Pad1                          : [ 0 ,  0 ]
--------------------------------------------------------------------------------
IGfTriangles [ 160 / 316 ] (67512)
------------------------------.
Vertex0                       : 22404
Vertex1                       : 22644
Vertex2                       : 22164
Normal -------------------------.
  X                             : 0.000000
  Y                             : 0.000001
  Z                             : 1.000000
  Weight                        : 1.000000
HiddenEdges                   : 0
MaterialStartOffset           : 216
SMGroup                       : 0
TagID                         : 0
ExtraData ----------------------. 
  DataBlockCount                : 0
  DataBlockStartOffset          : 0
  Pad0                          : ''
  Pad1                          : [ 0 ,  0 ]
--------------------------------------------------------------------------------
IGfTriangles [ 161 / 316 ] (67604)
------------------------------.
Vertex0                       : 22404
Vertex1                       : 22884
Vertex2                       : 22644
Normal -------------------------.
  X                             : 0.000000
  Y                             : -0.000000
  Z                             : 1.000000
  Weight                        : 1.000000
HiddenEdges                   : 0
MaterialStartOffset           : 216
SMGroup                       : 0
TagID                         : 0
ExtraData ----------------------. 
  DataBlockCount                : 0
  DataBlockStartOffset          : 0
  Pad0                          : ''
  Pad1                          : [ 0 ,  0 ]
--------------------------------------------------------------------------------
IGfTriangles [ 162 / 316 ] (67696)
------------------------------.
Vertex0                       : 22404
Vertex1                       : 22884
Vertex2                       : 22644
Normal -------------------------.
  X                             : 0.000000
  Y                             : -0.000000
  Z                             : 1.000000
  Weight                        : 1.000000
HiddenEdges                   : 0
MaterialStartOffset           : 216
SMGroup                       : 0
TagID                         : 0
ExtraData ----------------------. 
  DataBlockCount                : 0
  DataBlockStartOffset          : 0
  Pad0                          : ''
  Pad1                          : [ 0 ,  0 ]
--------------------------------------------------------------------------------
IGfTriangles [ 163 / 316 ] (67788)
------------------------------.
Vertex0                       : 23124
Vertex1                       : 22884
Vertex2                       : 22404
Normal -------------------------.
  X                             : 0.000000
  Y                             : 0.000001
  Z                             : 1.000000
  Weight                        : 1.000000
HiddenEdges                   : 0
MaterialStartOffset           : 216
SMGroup                       : 0
TagID                         : 0
ExtraData ----------------------. 
  DataBlockCount                : 0
  DataBlockStartOffset          : 0
  Pad0                          : ''
  Pad1                          : [ 0 ,  0 ]
--------------------------------------------------------------------------------
IGfTriangles [ 164 / 316 ] (67880)
------------------------------.
Vertex0                       : 23124
Vertex1                       : 22884
Vertex2                       : 22404
Normal -------------------------.
  X                             : 0.000000
  Y                             : 0.000001
  Z                             : 1.000000
  Weight                        : 1.000000
HiddenEdges                   : 0
MaterialStartOffset           : 216
SMGroup                       : 0
TagID                         : 0
ExtraData ----------------------. 
  DataBlockCount                : 0
  DataBlockStartOffset          : 0
  Pad0                          : ''
  Pad1                          : [ 0 ,  0 ]
--------------------------------------------------------------------------------
IGfTriangles [ 165 / 316 ] (67972)
------------------------------.
Vertex0                       : 23124
Vertex1                       : 23364
Vertex2                       : 22884
Normal -------------------------.
  X                             : 0.000000
  Y                             : -0.000000
  Z                             : 1.000000
  Weight                        : 1.000000
HiddenEdges                   : 0
MaterialStartOffset           : 216
SMGroup                       : 0
TagID                         : 0
ExtraData ----------------------. 
  DataBlockCount                : 0
  DataBlockStartOffset          : 0
  Pad0                          : ''
  Pad1                          : [ 0 ,  0 ]
--------------------------------------------------------------------------------
IGfTriangles [ 166 / 316 ] (68064)
------------------------------.
Vertex0                       : 23124
Vertex1                       : 23364
Vertex2                       : 22884
Normal -------------------------.
  X                             : 0.000000
  Y                             : -0.000000
  Z                             : 1.000000
  Weight                        : 1.000000
HiddenEdges                   : 0
MaterialStartOffset           : 216
SMGroup                       : 0
TagID                         : 0
ExtraData ----------------------. 
  DataBlockCount                : 0
  DataBlockStartOffset          : 0
  Pad0                          : ''
  Pad1                          : [ 0 ,  0 ]
--------------------------------------------------------------------------------
IGfTriangles [ 167 / 316 ] (68156)
------------------------------.
Vertex0                       : 23604
Vertex1                       : 23364
Vertex2                       : 23124
Normal -------------------------.
  X                             : -0.000000
  Y                             : 0.000001
  Z                             : 1.000000
  Weight                        : 1.000000
HiddenEdges                   : 0
MaterialStartOffset           : 216
SMGroup                       : 0
TagID                         : 0
ExtraData ----------------------. 
  DataBlockCount                : 0
  DataBlockStartOffset          : 0
  Pad0                          : ''
  Pad1                          : [ 0 ,  0 ]
--------------------------------------------------------------------------------
IGfTriangles [ 168 / 316 ] (68248)
------------------------------.
Vertex0                       : 23604
Vertex1                       : 23364
Vertex2                       : 23124
Normal -------------------------.
  X                             : -0.000000
  Y                             : 0.000001
  Z                             : 1.000000
  Weight                        : 1.000000
HiddenEdges                   : 0
MaterialStartOffset           : 216
SMGroup                       : 0
TagID                         : 0
ExtraData ----------------------. 
  DataBlockCount                : 0
  DataBlockStartOffset          : 0
  Pad0                          : ''
  Pad1                          : [ 0 ,  0 ]
--------------------------------------------------------------------------------
IGfTriangles [ 169 / 316 ] (68340)
------------------------------.
Vertex0                       : 23844
Vertex1                       : 23364
Vertex2                       : 23604
Normal -------------------------.
  X                             : -0.000000
  Y                             : -0.000001
  Z                             : 1.000000
  Weight                        : 1.000000
HiddenEdges                   : 0
MaterialStartOffset           : 216
SMGroup                       : 0
TagID                         : 0
ExtraData ----------------------. 
  DataBlockCount                : 0
  DataBlockStartOffset          : 0
  Pad0                          : ''
  Pad1                          : [ 0 ,  0 ]
--------------------------------------------------------------------------------
IGfTriangles [ 170 / 316 ] (68432)
------------------------------.
Vertex0                       : 23844
Vertex1                       : 23364
Vertex2                       : 23604
Normal -------------------------.
  X                             : -0.000000
  Y                             : -0.000001
  Z                             : 1.000000
  Weight                        : 1.000000
HiddenEdges                   : 0
MaterialStartOffset           : 216
SMGroup                       : 0
TagID                         : 0
ExtraData ----------------------. 
  DataBlockCount                : 0
  DataBlockStartOffset          : 0
  Pad0                          : ''
  Pad1                          : [ 0 ,  0 ]
--------------------------------------------------------------------------------
IGfTriangles [ 171 / 316 ] (68524)
------------------------------.
Vertex0                       : 23844
Vertex1                       : 24084
Vertex2                       : 23364
Normal -------------------------.
  X                             : 0.000000
  Y                             : 0.000000
  Z                             : 1.000000
  Weight                        : 1.000000
HiddenEdges                   : 0
MaterialStartOffset           : 216
SMGroup                       : 0
TagID                         : 0
ExtraData ----------------------. 
  DataBlockCount                : 0
  DataBlockStartOffset          : 0
  Pad0                          : ''
  Pad1                          : [ 0 ,  0 ]
--------------------------------------------------------------------------------
IGfTriangles [ 172 / 316 ] (68616)
------------------------------.
Vertex0                       : 23844
Vertex1                       : 24084
Vertex2                       : 23364
Normal -------------------------.
  X                             : 0.000000
  Y                             : 0.000000
  Z                             : 1.000000
  Weight                        : 1.000000
HiddenEdges                   : 0
MaterialStartOffset           : 216
SMGroup                       : 0
TagID                         : 0
ExtraData ----------------------. 
  DataBlockCount                : 0
  DataBlockStartOffset          : 0
  Pad0                          : ''
  Pad1                          : [ 0 ,  0 ]
--------------------------------------------------------------------------------
IGfTriangles [ 173 / 316 ] (68708)
------------------------------.
Vertex0                       : 24324
Vertex1                       : 24084
Vertex2                       : 23844
Normal -------------------------.
  X                             : 0.000000
  Y                             : 0.000000
  Z                             : 1.000000
  Weight                        : 1.000000
HiddenEdges                   : 0
MaterialStartOffset           : 216
SMGroup                       : 0
TagID                         : 0
ExtraData ----------------------. 
  DataBlockCount                : 0
  DataBlockStartOffset          : 0
  Pad0                          : ''
  Pad1                          : [ 0 ,  0 ]
--------------------------------------------------------------------------------
IGfTriangles [ 174 / 316 ] (68800)
------------------------------.
Vertex0                       : 24324
Vertex1                       : 24084
Vertex2                       : 23844
Normal -------------------------.
  X                             : 0.000000
  Y                             : 0.000000
  Z                             : 1.000000
  Weight                        : 1.000000
HiddenEdges                   : 0
MaterialStartOffset           : 216
SMGroup                       : 0
TagID                         : 0
ExtraData ----------------------. 
  DataBlockCount                : 0
  DataBlockStartOffset          : 0
  Pad0                          : ''
  Pad1                          : [ 0 ,  0 ]
--------------------------------------------------------------------------------
IGfTriangles [ 175 / 316 ] (68892)
------------------------------.
Vertex0                       : 24324
Vertex1                       : 24564
Vertex2                       : 24084
Normal -------------------------.
  X                             : 0.000000
  Y                             : 0.000000
  Z                             : 1.000000
  Weight                        : 1.000000
HiddenEdges                   : 0
MaterialStartOffset           : 216
SMGroup                       : 0
TagID                         : 0
ExtraData ----------------------. 
  DataBlockCount                : 0
  DataBlockStartOffset          : 0
  Pad0                          : ''
  Pad1                          : [ 0 ,  0 ]
--------------------------------------------------------------------------------
IGfTriangles [ 176 / 316 ] (68984)
------------------------------.
Vertex0                       : 24324
Vertex1                       : 24564
Vertex2                       : 24084
Normal -------------------------.
  X                             : 0.000000
  Y                             : 0.000000
  Z                             : 1.000000
  Weight                        : 1.000000
HiddenEdges                   : 0
MaterialStartOffset           : 216
SMGroup                       : 0
TagID                         : 0
ExtraData ----------------------. 
  DataBlockCount                : 0
  DataBlockStartOffset          : 0
  Pad0                          : ''
  Pad1                          : [ 0 ,  0 ]
--------------------------------------------------------------------------------
IGfTriangles [ 177 / 316 ] (69076)
------------------------------.
Vertex0                       : 24804
Vertex1                       : 24564
Vertex2                       : 24324
Normal -------------------------.
  X                             : 0.000000
  Y                             : 0.000000
  Z                             : 1.000000
  Weight                        : 1.000000
HiddenEdges                   : 0
MaterialStartOffset           : 216
SMGroup                       : 0
TagID                         : 0
ExtraData ----------------------. 
  DataBlockCount                : 0
  DataBlockStartOffset          : 0
  Pad0                          : ''
  Pad1                          : [ 0 ,  0 ]
--------------------------------------------------------------------------------
IGfTriangles [ 178 / 316 ] (69168)
------------------------------.
Vertex0                       : 24804
Vertex1                       : 24564
Vertex2                       : 24324
Normal -------------------------.
  X                             : 0.000000
  Y                             : 0.000000
  Z                             : 1.000000
  Weight                        : 1.000000
HiddenEdges                   : 0
MaterialStartOffset           : 216
SMGroup                       : 0
TagID                         : 0
ExtraData ----------------------. 
  DataBlockCount                : 0
  DataBlockStartOffset          : 0
  Pad0                          : ''
  Pad1                          : [ 0 ,  0 ]
--------------------------------------------------------------------------------
IGfTriangles [ 179 / 316 ] (69260)
------------------------------.
Vertex0                       : 24804
Vertex1                       : 25044
Vertex2                       : 24564
Normal -------------------------.
  X                             : 0.000000
  Y                             : -0.000000
  Z                             : 1.000000
  Weight                        : 1.000000
HiddenEdges                   : 0
MaterialStartOffset           : 216
SMGroup                       : 0
TagID                         : 0
ExtraData ----------------------. 
  DataBlockCount                : 0
  DataBlockStartOffset          : 0
  Pad0                          : ''
  Pad1                          : [ 0 ,  0 ]
--------------------------------------------------------------------------------
IGfTriangles [ 180 / 316 ] (69352)
------------------------------.
Vertex0                       : 24804
Vertex1                       : 25044
Vertex2                       : 24564
Normal -------------------------.
  X                             : 0.000000
  Y                             : -0.000000
  Z                             : 1.000000
  Weight                        : 1.000000
HiddenEdges                   : 0
MaterialStartOffset           : 216
SMGroup                       : 0
TagID                         : 0
ExtraData ----------------------. 
  DataBlockCount                : 0
  DataBlockStartOffset          : 0
  Pad0                          : ''
  Pad1                          : [ 0 ,  0 ]
--------------------------------------------------------------------------------
IGfTriangles [ 181 / 316 ] (69444)
------------------------------.
Vertex0                       : 25284
Vertex1                       : 25044
Vertex2                       : 24804
Normal -------------------------.
  X                             : 0.000000
  Y                             : 0.000000
  Z                             : 1.000000
  Weight                        : 1.000000
HiddenEdges                   : 0
MaterialStartOffset           : 216
SMGroup                       : 0
TagID                         : 0
ExtraData ----------------------. 
  DataBlockCount                : 0
  DataBlockStartOffset          : 0
  Pad0                          : ''
  Pad1                          : [ 0 ,  0 ]
--------------------------------------------------------------------------------
IGfTriangles [ 182 / 316 ] (69536)
------------------------------.
Vertex0                       : 25284
Vertex1                       : 25044
Vertex2                       : 24804
Normal -------------------------.
  X                             : 0.000000
  Y                             : 0.000000
  Z                             : 1.000000
  Weight                        : 1.000000
HiddenEdges                   : 0
MaterialStartOffset           : 216
SMGroup                       : 0
TagID                         : 0
ExtraData ----------------------. 
  DataBlockCount                : 0
  DataBlockStartOffset          : 0
  Pad0                          : ''
  Pad1                          : [ 0 ,  0 ]
--------------------------------------------------------------------------------
IGfTriangles [ 183 / 316 ] (69628)
------------------------------.
Vertex0                       : 25524
Vertex1                       : 25044
Vertex2                       : 25284
Normal -------------------------.
  X                             : 0.000000
  Y                             : 0.000000
  Z                             : 1.000000
  Weight                        : 1.000000
HiddenEdges                   : 0
MaterialStartOffset           : 216
SMGroup                       : 0
TagID                         : 0
ExtraData ----------------------. 
  DataBlockCount                : 0
  DataBlockStartOffset          : 0
  Pad0                          : ''
  Pad1                          : [ 0 ,  0 ]
--------------------------------------------------------------------------------
IGfTriangles [ 184 / 316 ] (69720)
------------------------------.
Vertex0                       : 25524
Vertex1                       : 25044
Vertex2                       : 25284
Normal -------------------------.
  X                             : 0.000000
  Y                             : 0.000000
  Z                             : 1.000000
  Weight                        : 1.000000
HiddenEdges                   : 0
MaterialStartOffset           : 216
SMGroup                       : 0
TagID                         : 0
ExtraData ----------------------. 
  DataBlockCount                : 0
  DataBlockStartOffset          : 0
  Pad0                          : ''
  Pad1                          : [ 0 ,  0 ]
--------------------------------------------------------------------------------
IGfTriangles [ 185 / 316 ] (69812)
------------------------------.
Vertex0                       : 25524
Vertex1                       : 25764
Vertex2                       : 25044
Normal -------------------------.
  X                             : 0.000000
  Y                             : 0.000000
  Z                             : 1.000000
  Weight                        : 1.000000
HiddenEdges                   : 0
MaterialStartOffset           : 216
SMGroup                       : 0
TagID                         : 0
ExtraData ----------------------. 
  DataBlockCount                : 0
  DataBlockStartOffset          : 0
  Pad0                          : ''
  Pad1                          : [ 0 ,  0 ]
--------------------------------------------------------------------------------
IGfTriangles [ 186 / 316 ] (69904)
------------------------------.
Vertex0                       : 25524
Vertex1                       : 25764
Vertex2                       : 25044
Normal -------------------------.
  X                             : 0.000000
  Y                             : 0.000000
  Z                             : 1.000000
  Weight                        : 1.000000
HiddenEdges                   : 0
MaterialStartOffset           : 216
SMGroup                       : 0
TagID                         : 0
ExtraData ----------------------. 
  DataBlockCount                : 0
  DataBlockStartOffset          : 0
  Pad0                          : ''
  Pad1                          : [ 0 ,  0 ]
--------------------------------------------------------------------------------
IGfTriangles [ 187 / 316 ] (69996)
------------------------------.
Vertex0                       : 25524
Vertex1                       : 26004
Vertex2                       : 25764
Normal -------------------------.
  X                             : 0.000000
  Y                             : 0.000000
  Z                             : 1.000000
  Weight                        : 1.000000
HiddenEdges                   : 0
MaterialStartOffset           : 216
SMGroup                       : 0
TagID                         : 0
ExtraData ----------------------. 
  DataBlockCount                : 0
  DataBlockStartOffset          : 0
  Pad0                          : ''
  Pad1                          : [ 0 ,  0 ]
--------------------------------------------------------------------------------
IGfTriangles [ 188 / 316 ] (70088)
------------------------------.
Vertex0                       : 25524
Vertex1                       : 26004
Vertex2                       : 25764
Normal -------------------------.
  X                             : 0.000000
  Y                             : 0.000000
  Z                             : 1.000000
  Weight                        : 1.000000
HiddenEdges                   : 0
MaterialStartOffset           : 216
SMGroup                       : 0
TagID                         : 0
ExtraData ----------------------. 
  DataBlockCount                : 0
  DataBlockStartOffset          : 0
  Pad0                          : ''
  Pad1                          : [ 0 ,  0 ]
--------------------------------------------------------------------------------
IGfTriangles [ 189 / 316 ] (70180)
------------------------------.
Vertex0                       : 25524
Vertex1                       : 26244
Vertex2                       : 26004
Normal -------------------------.
  X                             : 0.000000
  Y                             : 0.000001
  Z                             : 1.000000
  Weight                        : 1.000000
HiddenEdges                   : 0
MaterialStartOffset           : 216
SMGroup                       : 0
TagID                         : 0
ExtraData ----------------------. 
  DataBlockCount                : 0
  DataBlockStartOffset          : 0
  Pad0                          : ''
  Pad1                          : [ 0 ,  0 ]
--------------------------------------------------------------------------------
IGfTriangles [ 190 / 316 ] (70272)
------------------------------.
Vertex0                       : 25524
Vertex1                       : 26244
Vertex2                       : 26004
Normal -------------------------.
  X                             : 0.000000
  Y                             : 0.000001
  Z                             : 1.000000
  Weight                        : 1.000000
HiddenEdges                   : 0
MaterialStartOffset           : 216
SMGroup                       : 0
TagID                         : 0
ExtraData ----------------------. 
  DataBlockCount                : 0
  DataBlockStartOffset          : 0
  Pad0                          : ''
  Pad1                          : [ 0 ,  0 ]
--------------------------------------------------------------------------------
IGfTriangles [ 191 / 316 ] (70364)
------------------------------.
Vertex0                       : 26484
Vertex1                       : 26724
Vertex2                       : 26964
Normal -------------------------.
  X                             : -0.000119
  Y                             : -1.000000
  Z                             : -0.000254
  Weight                        : 1.000000
HiddenEdges                   : 4
MaterialStartOffset           : 216
SMGroup                       : 0
TagID                         : 0
ExtraData ----------------------. 
  DataBlockCount                : 0
  DataBlockStartOffset          : 0
  Pad0                          : ''
  Pad1                          : [ 0 ,  0 ]
--------------------------------------------------------------------------------
IGfTriangles [ 192 / 316 ] (70456)
------------------------------.
Vertex0                       : 26484
Vertex1                       : 26964
Vertex2                       : 27204
Normal -------------------------.
  X                             : -0.000119
  Y                             : -1.000000
  Z                             : -0.000254
  Weight                        : 1.000000
HiddenEdges                   : 1
MaterialStartOffset           : 216
SMGroup                       : 0
TagID                         : 0
ExtraData ----------------------. 
  DataBlockCount                : 0
  DataBlockStartOffset          : 0
  Pad0                          : ''
  Pad1                          : [ 0 ,  0 ]
--------------------------------------------------------------------------------
IGfTriangles [ 193 / 316 ] (70548)
------------------------------.
Vertex0                       : 27444
Vertex1                       : 27684
Vertex2                       : 27924
Normal -------------------------.
  X                             : -0.797302
  Y                             : 0.603577
  Z                             : -0.002249
  Weight                        : 1.000000
HiddenEdges                   : 4
MaterialStartOffset           : 216
SMGroup                       : 0
TagID                         : 0
ExtraData ----------------------. 
  DataBlockCount                : 0
  DataBlockStartOffset          : 0
  Pad0                          : ''
  Pad1                          : [ 0 ,  0 ]
--------------------------------------------------------------------------------
IGfTriangles [ 194 / 316 ] (70640)
------------------------------.
Vertex0                       : 27444
Vertex1                       : 27924
Vertex2                       : 28164
Normal -------------------------.
  X                             : -0.797302
  Y                             : 0.603577
  Z                             : -0.002249
  Weight                        : 1.000000
HiddenEdges                   : 1
MaterialStartOffset           : 216
SMGroup                       : 0
TagID                         : 0
ExtraData ----------------------. 
  DataBlockCount                : 0
  DataBlockStartOffset          : 0
  Pad0                          : ''
  Pad1                          : [ 0 ,  0 ]
--------------------------------------------------------------------------------
IGfTriangles [ 195 / 316 ] (70732)
------------------------------.
Vertex0                       : 27444
Vertex1                       : 28164
Vertex2                       : 28404
Normal -------------------------.
  X                             : -0.908459
  Y                             : 0.417958
  Z                             : 0.003505
  Weight                        : 1.000000
HiddenEdges                   : 0
MaterialStartOffset           : 216
SMGroup                       : 0
TagID                         : 0
ExtraData ----------------------. 
  DataBlockCount                : 0
  DataBlockStartOffset          : 0
  Pad0                          : ''
  Pad1                          : [ 0 ,  0 ]
--------------------------------------------------------------------------------
IGfTriangles [ 196 / 316 ] (70824)
------------------------------.
Vertex0                       : 27444
Vertex1                       : 28164
Vertex2                       : 28404
Normal -------------------------.
  X                             : -0.908459
  Y                             : 0.417958
  Z                             : 0.003505
  Weight                        : 1.000000
HiddenEdges                   : 0
MaterialStartOffset           : 216
SMGroup                       : 0
TagID                         : 0
ExtraData ----------------------. 
  DataBlockCount                : 0
  DataBlockStartOffset          : 0
  Pad0                          : ''
  Pad1                          : [ 0 ,  0 ]
--------------------------------------------------------------------------------
IGfTriangles [ 197 / 316 ] (70916)
------------------------------.
Vertex0                       : 27684
Vertex1                       : 28644
Vertex2                       : 28884
Normal -------------------------.
  X                             : -0.600576
  Y                             : 0.799568
  Z                             : -0.000003
  Weight                        : 1.000000
HiddenEdges                   : 4
MaterialStartOffset           : 216
SMGroup                       : 0
TagID                         : 0
ExtraData ----------------------. 
  DataBlockCount                : 0
  DataBlockStartOffset          : 0
  Pad0                          : ''
  Pad1                          : [ 0 ,  0 ]
--------------------------------------------------------------------------------
IGfTriangles [ 198 / 316 ] (71008)
------------------------------.
Vertex0                       : 27684
Vertex1                       : 28884
Vertex2                       : 27924
Normal -------------------------.
  X                             : -0.600576
  Y                             : 0.799568
  Z                             : -0.000003
  Weight                        : 1.000000
HiddenEdges                   : 1
MaterialStartOffset           : 216
SMGroup                       : 0
TagID                         : 0
ExtraData ----------------------. 
  DataBlockCount                : 0
  DataBlockStartOffset          : 0
  Pad0                          : ''
  Pad1                          : [ 0 ,  0 ]
--------------------------------------------------------------------------------
IGfTriangles [ 199 / 316 ] (71100)
------------------------------.
Vertex0                       : 28644
Vertex1                       : 29124
Vertex2                       : 29364
Normal -------------------------.
  X                             : -0.459323
  Y                             : 0.888269
  Z                             : 0.000049
  Weight                        : 1.000000
HiddenEdges                   : 4
MaterialStartOffset           : 216
SMGroup                       : 0
TagID                         : 0
ExtraData ----------------------. 
  DataBlockCount                : 0
  DataBlockStartOffset          : 0
  Pad0                          : ''
  Pad1                          : [ 0 ,  0 ]
--------------------------------------------------------------------------------
IGfTriangles [ 200 / 316 ] (71192)
------------------------------.
Vertex0                       : 28644
Vertex1                       : 29364
Vertex2                       : 28884
Normal -------------------------.
  X                             : -0.459323
  Y                             : 0.888269
  Z                             : 0.000049
  Weight                        : 1.000000
HiddenEdges                   : 1
MaterialStartOffset           : 216
SMGroup                       : 0
TagID                         : 0
ExtraData ----------------------. 
  DataBlockCount                : 0
  DataBlockStartOffset          : 0
  Pad0                          : ''
  Pad1                          : [ 0 ,  0 ]
--------------------------------------------------------------------------------
IGfTriangles [ 201 / 316 ] (71284)
------------------------------.
Vertex0                       : 29124
Vertex1                       : 29604
Vertex2                       : 29844
Normal -------------------------.
  X                             : -0.344280
  Y                             : 0.938867
  Z                             : 0.000008
  Weight                        : 1.000000
HiddenEdges                   : 4
MaterialStartOffset           : 216
SMGroup                       : 0
TagID                         : 0
ExtraData ----------------------. 
  DataBlockCount                : 0
  DataBlockStartOffset          : 0
  Pad0                          : ''
  Pad1                          : [ 0 ,  0 ]
--------------------------------------------------------------------------------
IGfTriangles [ 202 / 316 ] (71376)
------------------------------.
Vertex0                       : 29124
Vertex1                       : 29844
Vertex2                       : 29364
Normal -------------------------.
  X                             : -0.344280
  Y                             : 0.938867
  Z                             : 0.000008
  Weight                        : 1.000000
HiddenEdges                   : 1
MaterialStartOffset           : 216
SMGroup                       : 0
TagID                         : 0
ExtraData ----------------------. 
  DataBlockCount                : 0
  DataBlockStartOffset          : 0
  Pad0                          : ''
  Pad1                          : [ 0 ,  0 ]
--------------------------------------------------------------------------------
IGfTriangles [ 203 / 316 ] (71468)
------------------------------.
Vertex0                       : 29604
Vertex1                       : 30084
Vertex2                       : 30324
Normal -------------------------.
  X                             : -0.281189
  Y                             : 0.959652
  Z                             : -0.000013
  Weight                        : 1.000000
HiddenEdges                   : 4
MaterialStartOffset           : 216
SMGroup                       : 0
TagID                         : 0
ExtraData ----------------------. 
  DataBlockCount                : 0
  DataBlockStartOffset          : 0
  Pad0                          : ''
  Pad1                          : [ 0 ,  0 ]
--------------------------------------------------------------------------------
IGfTriangles [ 204 / 316 ] (71560)
------------------------------.
Vertex0                       : 29604
Vertex1                       : 30324
Vertex2                       : 29844
Normal -------------------------.
  X                             : -0.281189
  Y                             : 0.959652
  Z                             : -0.000013
  Weight                        : 1.000000
HiddenEdges                   : 1
MaterialStartOffset           : 216
SMGroup                       : 0
TagID                         : 0
ExtraData ----------------------. 
  DataBlockCount                : 0
  DataBlockStartOffset          : 0
  Pad0                          : ''
  Pad1                          : [ 0 ,  0 ]
--------------------------------------------------------------------------------
IGfTriangles [ 205 / 316 ] (71652)
------------------------------.
Vertex0                       : 30084
Vertex1                       : 30564
Vertex2                       : 30804
Normal -------------------------.
  X                             : -0.247349
  Y                             : 0.968926
  Z                             : -0.000007
  Weight                        : 1.000000
HiddenEdges                   : 4
MaterialStartOffset           : 216
SMGroup                       : 0
TagID                         : 0
ExtraData ----------------------. 
  DataBlockCount                : 0
  DataBlockStartOffset          : 0
  Pad0                          : ''
  Pad1                          : [ 0 ,  0 ]
--------------------------------------------------------------------------------
IGfTriangles [ 206 / 316 ] (71744)
------------------------------.
Vertex0                       : 30084
Vertex1                       : 30804
Vertex2                       : 30324
Normal -------------------------.
  X                             : -0.247349
  Y                             : 0.968926
  Z                             : -0.000007
  Weight                        : 1.000000
HiddenEdges                   : 1
MaterialStartOffset           : 216
SMGroup                       : 0
TagID                         : 0
ExtraData ----------------------. 
  DataBlockCount                : 0
  DataBlockStartOffset          : 0
  Pad0                          : ''
  Pad1                          : [ 0 ,  0 ]
--------------------------------------------------------------------------------
IGfTriangles [ 207 / 316 ] (71836)
------------------------------.
Vertex0                       : 31044
Vertex1                       : 31284
Vertex2                       : 31524
Normal -------------------------.
  X                             : -0.798702
  Y                             : 0.601725
  Z                             : 0.001385
  Weight                        : 1.000000
HiddenEdges                   : 4
MaterialStartOffset           : 216
SMGroup                       : 0
TagID                         : 0
ExtraData ----------------------. 
  DataBlockCount                : 0
  DataBlockStartOffset          : 0
  Pad0                          : ''
  Pad1                          : [ 0 ,  0 ]
--------------------------------------------------------------------------------
IGfTriangles [ 208 / 316 ] (71928)
------------------------------.
Vertex0                       : 31044
Vertex1                       : 31524
Vertex2                       : 31764
Normal -------------------------.
  X                             : -0.798702
  Y                             : 0.601725
  Z                             : 0.001385
  Weight                        : 1.000000
HiddenEdges                   : 1
MaterialStartOffset           : 216
SMGroup                       : 0
TagID                         : 0
ExtraData ----------------------. 
  DataBlockCount                : 0
  DataBlockStartOffset          : 0
  Pad0                          : ''
  Pad1                          : [ 0 ,  0 ]
--------------------------------------------------------------------------------
IGfTriangles [ 209 / 316 ] (72020)
------------------------------.
Vertex0                       : 30564
Vertex1                       : 32004
Vertex2                       : 30804
Normal -------------------------.
  X                             : -0.286310
  Y                             : 0.958136
  Z                             : -0.001345
  Weight                        : 1.000000
HiddenEdges                   : 0
MaterialStartOffset           : 216
SMGroup                       : 0
TagID                         : 0
ExtraData ----------------------. 
  DataBlockCount                : 0
  DataBlockStartOffset          : 0
  Pad0                          : ''
  Pad1                          : [ 0 ,  0 ]
--------------------------------------------------------------------------------
IGfTriangles [ 210 / 316 ] (72112)
------------------------------.
Vertex0                       : 30564
Vertex1                       : 32004
Vertex2                       : 30804
Normal -------------------------.
  X                             : -0.286310
  Y                             : 0.958136
  Z                             : -0.001345
  Weight                        : 1.000000
HiddenEdges                   : 0
MaterialStartOffset           : 216
SMGroup                       : 0
TagID                         : 0
ExtraData ----------------------. 
  DataBlockCount                : 0
  DataBlockStartOffset          : 0
  Pad0                          : ''
  Pad1                          : [ 0 ,  0 ]
--------------------------------------------------------------------------------
IGfTriangles [ 211 / 316 ] (72204)
------------------------------.
Vertex0                       : 32244
Vertex1                       : 32484
Vertex2                       : 32004
Normal -------------------------.
  X                             : -0.376513
  Y                             : 0.926410
  Z                             : -0.001565
  Weight                        : 1.000000
HiddenEdges                   : 0
MaterialStartOffset           : 216
SMGroup                       : 0
TagID                         : 0
ExtraData ----------------------. 
  DataBlockCount                : 0
  DataBlockStartOffset          : 0
  Pad0                          : ''
  Pad1                          : [ 0 ,  0 ]
--------------------------------------------------------------------------------
IGfTriangles [ 212 / 316 ] (72296)
------------------------------.
Vertex0                       : 32244
Vertex1                       : 32484
Vertex2                       : 32004
Normal -------------------------.
  X                             : -0.376513
  Y                             : 0.926410
  Z                             : -0.001565
  Weight                        : 1.000000
HiddenEdges                   : 0
MaterialStartOffset           : 216
SMGroup                       : 0
TagID                         : 0
ExtraData ----------------------. 
  DataBlockCount                : 0
  DataBlockStartOffset          : 0
  Pad0                          : ''
  Pad1                          : [ 0 ,  0 ]
--------------------------------------------------------------------------------
IGfTriangles [ 213 / 316 ] (72388)
------------------------------.
Vertex0                       : 31044
Vertex1                       : 31764
Vertex2                       : 32484
Normal -------------------------.
  X                             : -0.568407
  Y                             : 0.822742
  Z                             : -0.003097
  Weight                        : 1.000000
HiddenEdges                   : 0
MaterialStartOffset           : 216
SMGroup                       : 0
TagID                         : 0
ExtraData ----------------------. 
  DataBlockCount                : 0
  DataBlockStartOffset          : 0
  Pad0                          : ''
  Pad1                          : [ 0 ,  0 ]
--------------------------------------------------------------------------------
IGfTriangles [ 214 / 316 ] (72480)
------------------------------.
Vertex0                       : 31044
Vertex1                       : 31764
Vertex2                       : 32484
Normal -------------------------.
  X                             : -0.568407
  Y                             : 0.822742
  Z                             : -0.003097
  Weight                        : 1.000000
HiddenEdges                   : 0
MaterialStartOffset           : 216
SMGroup                       : 0
TagID                         : 0
ExtraData ----------------------. 
  DataBlockCount                : 0
  DataBlockStartOffset          : 0
  Pad0                          : ''
  Pad1                          : [ 0 ,  0 ]
--------------------------------------------------------------------------------
IGfTriangles [ 215 / 316 ] (72572)
------------------------------.
Vertex0                       : 32724
Vertex1                       : 32964
Vertex2                       : 33204
Normal -------------------------.
  X                             : -0.993547
  Y                             : -0.113421
  Z                             : 0.000402
  Weight                        : 1.000000
HiddenEdges                   : 4
MaterialStartOffset           : 216
SMGroup                       : 0
TagID                         : 0
ExtraData ----------------------. 
  DataBlockCount                : 0
  DataBlockStartOffset          : 0
  Pad0                          : ''
  Pad1                          : [ 0 ,  0 ]
--------------------------------------------------------------------------------
IGfTriangles [ 216 / 316 ] (72664)
------------------------------.
Vertex0                       : 32724
Vertex1                       : 33204
Vertex2                       : 33444
Normal -------------------------.
  X                             : -0.993547
  Y                             : -0.113421
  Z                             : 0.000402
  Weight                        : 1.000000
HiddenEdges                   : 1
MaterialStartOffset           : 216
SMGroup                       : 0
TagID                         : 0
ExtraData ----------------------. 
  DataBlockCount                : 0
  DataBlockStartOffset          : 0
  Pad0                          : ''
  Pad1                          : [ 0 ,  0 ]
--------------------------------------------------------------------------------
IGfTriangles [ 217 / 316 ] (72756)
------------------------------.
Vertex0                       : 33684
Vertex1                       : 33924
Vertex2                       : 34164
Normal -------------------------.
  X                             : 0.161873
  Y                             : -0.986811
  Z                             : 0.000367
  Weight                        : 1.000000
HiddenEdges                   : 4
MaterialStartOffset           : 216
SMGroup                       : 0
TagID                         : 0
ExtraData ----------------------. 
  DataBlockCount                : 0
  DataBlockStartOffset          : 0
  Pad0                          : ''
  Pad1                          : [ 0 ,  0 ]
--------------------------------------------------------------------------------
IGfTriangles [ 218 / 316 ] (72848)
------------------------------.
Vertex0                       : 33684
Vertex1                       : 34164
Vertex2                       : 34404
Normal -------------------------.
  X                             : 0.161873
  Y                             : -0.986811
  Z                             : 0.000367
  Weight                        : 1.000000
HiddenEdges                   : 1
MaterialStartOffset           : 216
SMGroup                       : 0
TagID                         : 0
ExtraData ----------------------. 
  DataBlockCount                : 0
  DataBlockStartOffset          : 0
  Pad0                          : ''
  Pad1                          : [ 0 ,  0 ]
--------------------------------------------------------------------------------
IGfTriangles [ 219 / 316 ] (72940)
------------------------------.
Vertex0                       : 34644
Vertex1                       : 34884
Vertex2                       : 35124
Normal -------------------------.
  X                             : -0.718642
  Y                             : -0.695380
  Z                             : -0.000754
  Weight                        : 1.000000
HiddenEdges                   : 0
MaterialStartOffset           : 216
SMGroup                       : 0
TagID                         : 0
ExtraData ----------------------. 
  DataBlockCount                : 0
  DataBlockStartOffset          : 0
  Pad0                          : ''
  Pad1                          : [ 0 ,  0 ]
--------------------------------------------------------------------------------
IGfTriangles [ 220 / 316 ] (73032)
------------------------------.
Vertex0                       : 34644
Vertex1                       : 34884
Vertex2                       : 35124
Normal -------------------------.
  X                             : -0.718642
  Y                             : -0.695380
  Z                             : -0.000754
  Weight                        : 1.000000
HiddenEdges                   : 0
MaterialStartOffset           : 216
SMGroup                       : 0
TagID                         : 0
ExtraData ----------------------. 
  DataBlockCount                : 0
  DataBlockStartOffset          : 0
  Pad0                          : ''
  Pad1                          : [ 0 ,  0 ]
--------------------------------------------------------------------------------
IGfTriangles [ 221 / 316 ] (73124)
------------------------------.
Vertex0                       : 35364
Vertex1                       : 35604
Vertex2                       : 34884
Normal -------------------------.
  X                             : -0.444479
  Y                             : -0.895787
  Z                             : -0.001869
  Weight                        : 1.000000
HiddenEdges                   : 0
MaterialStartOffset           : 216
SMGroup                       : 0
TagID                         : 0
ExtraData ----------------------. 
  DataBlockCount                : 0
  DataBlockStartOffset          : 0
  Pad0                          : ''
  Pad1                          : [ 0 ,  0 ]
--------------------------------------------------------------------------------
IGfTriangles [ 222 / 316 ] (73216)
------------------------------.
Vertex0                       : 35364
Vertex1                       : 35604
Vertex2                       : 34884
Normal -------------------------.
  X                             : -0.444479
  Y                             : -0.895787
  Z                             : -0.001869
  Weight                        : 1.000000
HiddenEdges                   : 0
MaterialStartOffset           : 216
SMGroup                       : 0
TagID                         : 0
ExtraData ----------------------. 
  DataBlockCount                : 0
  DataBlockStartOffset          : 0
  Pad0                          : ''
  Pad1                          : [ 0 ,  0 ]
--------------------------------------------------------------------------------
IGfTriangles [ 223 / 316 ] (73308)
------------------------------.
Vertex0                       : 35844
Vertex1                       : 36084
Vertex2                       : 35604
Normal -------------------------.
  X                             : -0.282346
  Y                             : -0.959312
  Z                             : -0.000726
  Weight                        : 1.000000
HiddenEdges                   : 0
MaterialStartOffset           : 216
SMGroup                       : 0
TagID                         : 0
ExtraData ----------------------. 
  DataBlockCount                : 0
  DataBlockStartOffset          : 0
  Pad0                          : ''
  Pad1                          : [ 0 ,  0 ]
--------------------------------------------------------------------------------
IGfTriangles [ 224 / 316 ] (73400)
------------------------------.
Vertex0                       : 35844
Vertex1                       : 36084
Vertex2                       : 35604
Normal -------------------------.
  X                             : -0.282346
  Y                             : -0.959312
  Z                             : -0.000726
  Weight                        : 1.000000
HiddenEdges                   : 0
MaterialStartOffset           : 216
SMGroup                       : 0
TagID                         : 0
ExtraData ----------------------. 
  DataBlockCount                : 0
  DataBlockStartOffset          : 0
  Pad0                          : ''
  Pad1                          : [ 0 ,  0 ]
--------------------------------------------------------------------------------
IGfTriangles [ 225 / 316 ] (73492)
------------------------------.
Vertex0                       : 35844
Vertex1                       : 36324
Vertex2                       : 36084
Normal -------------------------.
  X                             : -0.148489
  Y                             : -0.988914
  Z                             : -0.000039
  Weight                        : 1.000000
HiddenEdges                   : 0
MaterialStartOffset           : 216
SMGroup                       : 0
TagID                         : 0
ExtraData ----------------------. 
  DataBlockCount                : 0
  DataBlockStartOffset          : 0
  Pad0                          : ''
  Pad1                          : [ 0 ,  0 ]
--------------------------------------------------------------------------------
IGfTriangles [ 226 / 316 ] (73584)
------------------------------.
Vertex0                       : 35844
Vertex1                       : 36324
Vertex2                       : 36084
Normal -------------------------.
  X                             : -0.148489
  Y                             : -0.988914
  Z                             : -0.000039
  Weight                        : 1.000000
HiddenEdges                   : 0
MaterialStartOffset           : 216
SMGroup                       : 0
TagID                         : 0
ExtraData ----------------------. 
  DataBlockCount                : 0
  DataBlockStartOffset          : 0
  Pad0                          : ''
  Pad1                          : [ 0 ,  0 ]
--------------------------------------------------------------------------------
IGfTriangles [ 227 / 316 ] (73676)
------------------------------.
Vertex0                       : 36564
Vertex1                       : 36804
Vertex2                       : 36324
Normal -------------------------.
  X                             : -0.015601
  Y                             : -0.999877
  Z                             : -0.001291
  Weight                        : 1.000000
HiddenEdges                   : 0
MaterialStartOffset           : 216
SMGroup                       : 0
TagID                         : 0
ExtraData ----------------------. 
  DataBlockCount                : 0
  DataBlockStartOffset          : 0
  Pad0                          : ''
  Pad1                          : [ 0 ,  0 ]
--------------------------------------------------------------------------------
IGfTriangles [ 228 / 316 ] (73768)
------------------------------.
Vertex0                       : 36564
Vertex1                       : 36804
Vertex2                       : 36324
Normal -------------------------.
  X                             : -0.015601
  Y                             : -0.999877
  Z                             : -0.001291
  Weight                        : 1.000000
HiddenEdges                   : 0
MaterialStartOffset           : 216
SMGroup                       : 0
TagID                         : 0
ExtraData ----------------------. 
  DataBlockCount                : 0
  DataBlockStartOffset          : 0
  Pad0                          : ''
  Pad1                          : [ 0 ,  0 ]
--------------------------------------------------------------------------------
IGfTriangles [ 229 / 316 ] (73860)
------------------------------.
Vertex0                       : 33684
Vertex1                       : 34404
Vertex2                       : 36804
Normal -------------------------.
  X                             : 0.071879
  Y                             : -0.997413
  Z                             : -0.001137
  Weight                        : 1.000000
HiddenEdges                   : 0
MaterialStartOffset           : 216
SMGroup                       : 0
TagID                         : 0
ExtraData ----------------------. 
  DataBlockCount                : 0
  DataBlockStartOffset          : 0
  Pad0                          : ''
  Pad1                          : [ 0 ,  0 ]
--------------------------------------------------------------------------------
IGfTriangles [ 230 / 316 ] (73952)
------------------------------.
Vertex0                       : 33684
Vertex1                       : 34404
Vertex2                       : 36804
Normal -------------------------.
  X                             : 0.071879
  Y                             : -0.997413
  Z                             : -0.001137
  Weight                        : 1.000000
HiddenEdges                   : 0
MaterialStartOffset           : 216
SMGroup                       : 0
TagID                         : 0
ExtraData ----------------------. 
  DataBlockCount                : 0
  DataBlockStartOffset          : 0
  Pad0                          : ''
  Pad1                          : [ 0 ,  0 ]
--------------------------------------------------------------------------------
IGfTriangles [ 231 / 316 ] (74044)
------------------------------.
Vertex0                       : 33924
Vertex1                       : 37044
Vertex2                       : 37284
Normal -------------------------.
  X                             : 0.306193
  Y                             : -0.951970
  Z                             : -0.000235
  Weight                        : 1.000000
HiddenEdges                   : 4
MaterialStartOffset           : 216
SMGroup                       : 0
TagID                         : 0
ExtraData ----------------------. 
  DataBlockCount                : 0
  DataBlockStartOffset          : 0
  Pad0                          : ''
  Pad1                          : [ 0 ,  0 ]
--------------------------------------------------------------------------------
IGfTriangles [ 232 / 316 ] (74136)
------------------------------.
Vertex0                       : 33924
Vertex1                       : 37284
Vertex2                       : 34164
Normal -------------------------.
  X                             : 0.306193
  Y                             : -0.951970
  Z                             : -0.000235
  Weight                        : 1.000000
HiddenEdges                   : 1
MaterialStartOffset           : 216
SMGroup                       : 0
TagID                         : 0
ExtraData ----------------------. 
  DataBlockCount                : 0
  DataBlockStartOffset          : 0
  Pad0                          : ''
  Pad1                          : [ 0 ,  0 ]
--------------------------------------------------------------------------------
IGfTriangles [ 233 / 316 ] (74228)
------------------------------.
Vertex0                       : 37524
Vertex1                       : 37764
Vertex2                       : 38004
Normal -------------------------.
  X                             : 0.873209
  Y                             : -0.487345
  Z                             : 0.000654
  Weight                        : 1.000000
HiddenEdges                   : 4
MaterialStartOffset           : 216
SMGroup                       : 0
TagID                         : 0
ExtraData ----------------------. 
  DataBlockCount                : 0
  DataBlockStartOffset          : 0
  Pad0                          : ''
  Pad1                          : [ 0 ,  0 ]
--------------------------------------------------------------------------------
IGfTriangles [ 234 / 316 ] (74320)
------------------------------.
Vertex0                       : 37524
Vertex1                       : 38004
Vertex2                       : 38244
Normal -------------------------.
  X                             : 0.873209
  Y                             : -0.487345
  Z                             : 0.000654
  Weight                        : 1.000000
HiddenEdges                   : 1
MaterialStartOffset           : 216
SMGroup                       : 0
TagID                         : 0
ExtraData ----------------------. 
  DataBlockCount                : 0
  DataBlockStartOffset          : 0
  Pad0                          : ''
  Pad1                          : [ 0 ,  0 ]
--------------------------------------------------------------------------------
IGfTriangles [ 235 / 316 ] (74412)
------------------------------.
Vertex0                       : 38484
Vertex1                       : 38724
Vertex2                       : 38964
Normal -------------------------.
  X                             : -0.026951
  Y                             : -0.999637
  Z                             : 0.000000
  Weight                        : 1.000000
HiddenEdges                   : 4
MaterialStartOffset           : 216
SMGroup                       : 0
TagID                         : 0
ExtraData ----------------------. 
  DataBlockCount                : 0
  DataBlockStartOffset          : 0
  Pad0                          : ''
  Pad1                          : [ 0 ,  0 ]
--------------------------------------------------------------------------------
IGfTriangles [ 236 / 316 ] (74504)
------------------------------.
Vertex0                       : 38484
Vertex1                       : 38964
Vertex2                       : 39204
Normal -------------------------.
  X                             : -0.026951
  Y                             : -0.999637
  Z                             : 0.000000
  Weight                        : 1.000000
HiddenEdges                   : 1
MaterialStartOffset           : 216
SMGroup                       : 0
TagID                         : 0
ExtraData ----------------------. 
  DataBlockCount                : 0
  DataBlockStartOffset          : 0
  Pad0                          : ''
  Pad1                          : [ 0 ,  0 ]
--------------------------------------------------------------------------------
IGfTriangles [ 237 / 316 ] (74596)
------------------------------.
Vertex0                       : 39444
Vertex1                       : 39684
Vertex2                       : 39924
Normal -------------------------.
  X                             : -0.888215
  Y                             : 0.459428
  Z                             : 0.000914
  Weight                        : 1.000000
HiddenEdges                   : 4
MaterialStartOffset           : 216
SMGroup                       : 0
TagID                         : 0
ExtraData ----------------------. 
  DataBlockCount                : 0
  DataBlockStartOffset          : 0
  Pad0                          : ''
  Pad1                          : [ 0 ,  0 ]
--------------------------------------------------------------------------------
IGfTriangles [ 238 / 316 ] (74688)
------------------------------.
Vertex0                       : 39444
Vertex1                       : 39924
Vertex2                       : 40164
Normal -------------------------.
  X                             : -0.888215
  Y                             : 0.459428
  Z                             : 0.000914
  Weight                        : 1.000000
HiddenEdges                   : 1
MaterialStartOffset           : 216
SMGroup                       : 0
TagID                         : 0
ExtraData ----------------------. 
  DataBlockCount                : 0
  DataBlockStartOffset          : 0
  Pad0                          : ''
  Pad1                          : [ 0 ,  0 ]
--------------------------------------------------------------------------------
IGfTriangles [ 239 / 316 ] (74780)
------------------------------.
Vertex0                       : 40404
Vertex1                       : 40644
Vertex2                       : 40884
Normal -------------------------.
  X                             : -0.521151
  Y                             : 0.853464
  Z                             : -0.000721
  Weight                        : 1.000000
HiddenEdges                   : 4
MaterialStartOffset           : 216
SMGroup                       : 0
TagID                         : 0
ExtraData ----------------------. 
  DataBlockCount                : 0
  DataBlockStartOffset          : 0
  Pad0                          : ''
  Pad1                          : [ 0 ,  0 ]
--------------------------------------------------------------------------------
IGfTriangles [ 240 / 316 ] (74872)
------------------------------.
Vertex0                       : 40404
Vertex1                       : 40884
Vertex2                       : 41124
Normal -------------------------.
  X                             : -0.521151
  Y                             : 0.853464
  Z                             : -0.000721
  Weight                        : 1.000000
HiddenEdges                   : 1
MaterialStartOffset           : 216
SMGroup                       : 0
TagID                         : 0
ExtraData ----------------------. 
  DataBlockCount                : 0
  DataBlockStartOffset          : 0
  Pad0                          : ''
  Pad1                          : [ 0 ,  0 ]
--------------------------------------------------------------------------------
IGfTriangles [ 241 / 316 ] (74964)
------------------------------.
Vertex0                       : 40404
Vertex1                       : 41124
Vertex2                       : 39924
Normal -------------------------.
  X                             : -0.696240
  Y                             : 0.717801
  Z                             : 0.003269
  Weight                        : 1.000000
HiddenEdges                   : 0
MaterialStartOffset           : 216
SMGroup                       : 0
TagID                         : 0
ExtraData ----------------------. 
  DataBlockCount                : 0
  DataBlockStartOffset          : 0
  Pad0                          : ''
  Pad1                          : [ 0 ,  0 ]
--------------------------------------------------------------------------------
IGfTriangles [ 242 / 316 ] (75056)
------------------------------.
Vertex0                       : 40404
Vertex1                       : 41124
Vertex2                       : 39924
Normal -------------------------.
  X                             : -0.696240
  Y                             : 0.717801
  Z                             : 0.003269
  Weight                        : 1.000000
HiddenEdges                   : 0
MaterialStartOffset           : 216
SMGroup                       : 0
TagID                         : 0
ExtraData ----------------------. 
  DataBlockCount                : 0
  DataBlockStartOffset          : 0
  Pad0                          : ''
  Pad1                          : [ 0 ,  0 ]
--------------------------------------------------------------------------------
IGfTriangles [ 243 / 316 ] (75148)
------------------------------.
Vertex0                       : 40644
Vertex1                       : 41364
Vertex2                       : 41604
Normal -------------------------.
  X                             : -0.356408
  Y                             : 0.934330
  Z                             : 0.000030
  Weight                        : 1.000000
HiddenEdges                   : 4
MaterialStartOffset           : 216
SMGroup                       : 0
TagID                         : 0
ExtraData ----------------------. 
  DataBlockCount                : 0
  DataBlockStartOffset          : 0
  Pad0                          : ''
  Pad1                          : [ 0 ,  0 ]
--------------------------------------------------------------------------------
IGfTriangles [ 244 / 316 ] (75240)
------------------------------.
Vertex0                       : 40644
Vertex1                       : 41604
Vertex2                       : 40884
Normal -------------------------.
  X                             : -0.356408
  Y                             : 0.934330
  Z                             : 0.000030
  Weight                        : 1.000000
HiddenEdges                   : 1
MaterialStartOffset           : 216
SMGroup                       : 0
TagID                         : 0
ExtraData ----------------------. 
  DataBlockCount                : 0
  DataBlockStartOffset          : 0
  Pad0                          : ''
  Pad1                          : [ 0 ,  0 ]
--------------------------------------------------------------------------------
IGfTriangles [ 245 / 316 ] (75332)
------------------------------.
Vertex0                       : 41364
Vertex1                       : 41844
Vertex2                       : 42084
Normal -------------------------.
  X                             : -0.233225
  Y                             : 0.972423
  Z                             : -0.000026
  Weight                        : 1.000000
HiddenEdges                   : 4
MaterialStartOffset           : 216
SMGroup                       : 0
TagID                         : 0
ExtraData ----------------------. 
  DataBlockCount                : 0
  DataBlockStartOffset          : 0
  Pad0                          : ''
  Pad1                          : [ 0 ,  0 ]
--------------------------------------------------------------------------------
IGfTriangles [ 246 / 316 ] (75424)
------------------------------.
Vertex0                       : 41364
Vertex1                       : 42084
Vertex2                       : 41604
Normal -------------------------.
  X                             : -0.233225
  Y                             : 0.972423
  Z                             : -0.000026
  Weight                        : 1.000000
HiddenEdges                   : 1
MaterialStartOffset           : 216
SMGroup                       : 0
TagID                         : 0
ExtraData ----------------------. 
  DataBlockCount                : 0
  DataBlockStartOffset          : 0
  Pad0                          : ''
  Pad1                          : [ 0 ,  0 ]
--------------------------------------------------------------------------------
IGfTriangles [ 247 / 316 ] (75516)
------------------------------.
Vertex0                       : 41844
Vertex1                       : 42324
Vertex2                       : 42564
Normal -------------------------.
  X                             : -0.150325
  Y                             : 0.988637
  Z                             : 0.000049
  Weight                        : 1.000000
HiddenEdges                   : 4
MaterialStartOffset           : 216
SMGroup                       : 0
TagID                         : 0
ExtraData ----------------------. 
  DataBlockCount                : 0
  DataBlockStartOffset          : 0
  Pad0                          : ''
  Pad1                          : [ 0 ,  0 ]
--------------------------------------------------------------------------------
IGfTriangles [ 248 / 316 ] (75608)
------------------------------.
Vertex0                       : 41844
Vertex1                       : 42564
Vertex2                       : 42084
Normal -------------------------.
  X                             : -0.150325
  Y                             : 0.988637
  Z                             : 0.000049
  Weight                        : 1.000000
HiddenEdges                   : 1
MaterialStartOffset           : 216
SMGroup                       : 0
TagID                         : 0
ExtraData ----------------------. 
  DataBlockCount                : 0
  DataBlockStartOffset          : 0
  Pad0                          : ''
  Pad1                          : [ 0 ,  0 ]
--------------------------------------------------------------------------------
IGfTriangles [ 249 / 316 ] (75700)
------------------------------.
Vertex0                       : 42324
Vertex1                       : 42804
Vertex2                       : 43044
Normal -------------------------.
  X                             : -0.074243
  Y                             : 0.997240
  Z                             : -0.000020
  Weight                        : 1.000000
HiddenEdges                   : 4
MaterialStartOffset           : 216
SMGroup                       : 0
TagID                         : 0
ExtraData ----------------------. 
  DataBlockCount                : 0
  DataBlockStartOffset          : 0
  Pad0                          : ''
  Pad1                          : [ 0 ,  0 ]
--------------------------------------------------------------------------------
IGfTriangles [ 250 / 316 ] (75792)
------------------------------.
Vertex0                       : 42324
Vertex1                       : 43044
Vertex2                       : 42564
Normal -------------------------.
  X                             : -0.074243
  Y                             : 0.997240
  Z                             : -0.000020
  Weight                        : 1.000000
HiddenEdges                   : 1
MaterialStartOffset           : 216
SMGroup                       : 0
TagID                         : 0
ExtraData ----------------------. 
  DataBlockCount                : 0
  DataBlockStartOffset          : 0
  Pad0                          : ''
  Pad1                          : [ 0 ,  0 ]
--------------------------------------------------------------------------------
IGfTriangles [ 251 / 316 ] (75884)
------------------------------.
Vertex0                       : 42804
Vertex1                       : 43284
Vertex2                       : 43524
Normal -------------------------.
  X                             : -0.028368
  Y                             : 0.999598
  Z                             : -0.000003
  Weight                        : 1.000000
HiddenEdges                   : 4
MaterialStartOffset           : 216
SMGroup                       : 0
TagID                         : 0
ExtraData ----------------------. 
  DataBlockCount                : 0
  DataBlockStartOffset          : 0
  Pad0                          : ''
  Pad1                          : [ 0 ,  0 ]
--------------------------------------------------------------------------------
IGfTriangles [ 252 / 316 ] (75976)
------------------------------.
Vertex0                       : 42804
Vertex1                       : 43524
Vertex2                       : 43044
Normal -------------------------.
  X                             : -0.028368
  Y                             : 0.999598
  Z                             : -0.000003
  Weight                        : 1.000000
HiddenEdges                   : 1
MaterialStartOffset           : 216
SMGroup                       : 0
TagID                         : 0
ExtraData ----------------------. 
  DataBlockCount                : 0
  DataBlockStartOffset          : 0
  Pad0                          : ''
  Pad1                          : [ 0 ,  0 ]
--------------------------------------------------------------------------------
IGfTriangles [ 253 / 316 ] (76068)
------------------------------.
Vertex0                       : 43284
Vertex1                       : 43764
Vertex2                       : 44004
Normal -------------------------.
  X                             : 0.003238
  Y                             : 0.999995
  Z                             : 0.000001
  Weight                        : 1.000000
HiddenEdges                   : 4
MaterialStartOffset           : 216
SMGroup                       : 0
TagID                         : 0
ExtraData ----------------------. 
  DataBlockCount                : 0
  DataBlockStartOffset          : 0
  Pad0                          : ''
  Pad1                          : [ 0 ,  0 ]
--------------------------------------------------------------------------------
IGfTriangles [ 254 / 316 ] (76160)
------------------------------.
Vertex0                       : 43284
Vertex1                       : 44004
Vertex2                       : 43524
Normal -------------------------.
  X                             : 0.003238
  Y                             : 0.999995
  Z                             : 0.000001
  Weight                        : 1.000000
HiddenEdges                   : 1
MaterialStartOffset           : 216
SMGroup                       : 0
TagID                         : 0
ExtraData ----------------------. 
  DataBlockCount                : 0
  DataBlockStartOffset          : 0
  Pad0                          : ''
  Pad1                          : [ 0 ,  0 ]
--------------------------------------------------------------------------------
IGfTriangles [ 255 / 316 ] (76252)
------------------------------.
Vertex0                       : 43764
Vertex1                       : 44244
Vertex2                       : 44484
Normal -------------------------.
  X                             : 0.034710
  Y                             : 0.999397
  Z                             : 0.000002
  Weight                        : 1.000000
HiddenEdges                   : 4
MaterialStartOffset           : 216
SMGroup                       : 0
TagID                         : 0
ExtraData ----------------------. 
  DataBlockCount                : 0
  DataBlockStartOffset          : 0
  Pad0                          : ''
  Pad1                          : [ 0 ,  0 ]
--------------------------------------------------------------------------------
IGfTriangles [ 256 / 316 ] (76344)
------------------------------.
Vertex0                       : 43764
Vertex1                       : 44484
Vertex2                       : 44004
Normal -------------------------.
  X                             : 0.034710
  Y                             : 0.999397
  Z                             : 0.000002
  Weight                        : 1.000000
HiddenEdges                   : 1
MaterialStartOffset           : 216
SMGroup                       : 0
TagID                         : 0
ExtraData ----------------------. 
  DataBlockCount                : 0
  DataBlockStartOffset          : 0
  Pad0                          : ''
  Pad1                          : [ 0 ,  0 ]
--------------------------------------------------------------------------------
IGfTriangles [ 257 / 316 ] (76436)
------------------------------.
Vertex0                       : 44244
Vertex1                       : 44724
Vertex2                       : 44964
Normal -------------------------.
  X                             : 0.078968
  Y                             : 0.996877
  Z                             : -0.000003
  Weight                        : 1.000000
HiddenEdges                   : 4
MaterialStartOffset           : 216
SMGroup                       : 0
TagID                         : 0
ExtraData ----------------------. 
  DataBlockCount                : 0
  DataBlockStartOffset          : 0
  Pad0                          : ''
  Pad1                          : [ 0 ,  0 ]
--------------------------------------------------------------------------------
IGfTriangles [ 258 / 316 ] (76528)
------------------------------.
Vertex0                       : 44244
Vertex1                       : 44964
Vertex2                       : 44484
Normal -------------------------.
  X                             : 0.078968
  Y                             : 0.996877
  Z                             : -0.000003
  Weight                        : 1.000000
HiddenEdges                   : 1
MaterialStartOffset           : 216
SMGroup                       : 0
TagID                         : 0
ExtraData ----------------------. 
  DataBlockCount                : 0
  DataBlockStartOffset          : 0
  Pad0                          : ''
  Pad1                          : [ 0 ,  0 ]
--------------------------------------------------------------------------------
IGfTriangles [ 259 / 316 ] (76620)
------------------------------.
Vertex0                       : 44724
Vertex1                       : 45204
Vertex2                       : 45444
Normal -------------------------.
  X                             : 0.143778
  Y                             : 0.989610
  Z                             : -0.000010
  Weight                        : 1.000000
HiddenEdges                   : 4
MaterialStartOffset           : 216
SMGroup                       : 0
TagID                         : 0
ExtraData ----------------------. 
  DataBlockCount                : 0
  DataBlockStartOffset          : 0
  Pad0                          : ''
  Pad1                          : [ 0 ,  0 ]
--------------------------------------------------------------------------------
IGfTriangles [ 260 / 316 ] (76712)
------------------------------.
Vertex0                       : 44724
Vertex1                       : 45444
Vertex2                       : 44964
Normal -------------------------.
  X                             : 0.143778
  Y                             : 0.989610
  Z                             : -0.000010
  Weight                        : 1.000000
HiddenEdges                   : 1
MaterialStartOffset           : 216
SMGroup                       : 0
TagID                         : 0
ExtraData ----------------------. 
  DataBlockCount                : 0
  DataBlockStartOffset          : 0
  Pad0                          : ''
  Pad1                          : [ 0 ,  0 ]
--------------------------------------------------------------------------------
IGfTriangles [ 261 / 316 ] (76804)
------------------------------.
Vertex0                       : 45204
Vertex1                       : 45684
Vertex2                       : 45924
Normal -------------------------.
  X                             : 0.222658
  Y                             : 0.974897
  Z                             : 0.000007
  Weight                        : 1.000000
HiddenEdges                   : 4
MaterialStartOffset           : 216
SMGroup                       : 0
TagID                         : 0
ExtraData ----------------------. 
  DataBlockCount                : 0
  DataBlockStartOffset          : 0
  Pad0                          : ''
  Pad1                          : [ 0 ,  0 ]
--------------------------------------------------------------------------------
IGfTriangles [ 262 / 316 ] (76896)
------------------------------.
Vertex0                       : 45204
Vertex1                       : 45924
Vertex2                       : 45444
Normal -------------------------.
  X                             : 0.222658
  Y                             : 0.974897
  Z                             : 0.000007
  Weight                        : 1.000000
HiddenEdges                   : 1
MaterialStartOffset           : 216
SMGroup                       : 0
TagID                         : 0
ExtraData ----------------------. 
  DataBlockCount                : 0
  DataBlockStartOffset          : 0
  Pad0                          : ''
  Pad1                          : [ 0 ,  0 ]
--------------------------------------------------------------------------------
IGfTriangles [ 263 / 316 ] (76988)
------------------------------.
Vertex0                       : 45684
Vertex1                       : 46164
Vertex2                       : 46404
Normal -------------------------.
  X                             : 0.323773
  Y                             : 0.946135
  Z                             : 0.000230
  Weight                        : 1.000000
HiddenEdges                   : 4
MaterialStartOffset           : 216
SMGroup                       : 0
TagID                         : 0
ExtraData ----------------------. 
  DataBlockCount                : 0
  DataBlockStartOffset          : 0
  Pad0                          : ''
  Pad1                          : [ 0 ,  0 ]
--------------------------------------------------------------------------------
IGfTriangles [ 264 / 316 ] (77080)
------------------------------.
Vertex0                       : 45684
Vertex1                       : 46404
Vertex2                       : 45924
Normal -------------------------.
  X                             : 0.323773
  Y                             : 0.946135
  Z                             : 0.000230
  Weight                        : 1.000000
HiddenEdges                   : 1
MaterialStartOffset           : 216
SMGroup                       : 0
TagID                         : 0
ExtraData ----------------------. 
  DataBlockCount                : 0
  DataBlockStartOffset          : 0
  Pad0                          : ''
  Pad1                          : [ 0 ,  0 ]
--------------------------------------------------------------------------------
IGfTriangles [ 265 / 316 ] (77172)
------------------------------.
Vertex0                       : 46644
Vertex1                       : 46884
Vertex2                       : 47124
Normal -------------------------.
  X                             : 0.993668
  Y                             : 0.112356
  Z                             : 0.000759
  Weight                        : 1.000000
HiddenEdges                   : 4
MaterialStartOffset           : 216
SMGroup                       : 0
TagID                         : 0
ExtraData ----------------------. 
  DataBlockCount                : 0
  DataBlockStartOffset          : 0
  Pad0                          : ''
  Pad1                          : [ 0 ,  0 ]
--------------------------------------------------------------------------------
IGfTriangles [ 266 / 316 ] (77264)
------------------------------.
Vertex0                       : 46644
Vertex1                       : 47124
Vertex2                       : 47364
Normal -------------------------.
  X                             : 0.993668
  Y                             : 0.112356
  Z                             : 0.000759
  Weight                        : 1.000000
HiddenEdges                   : 1
MaterialStartOffset           : 216
SMGroup                       : 0
TagID                         : 0
ExtraData ----------------------. 
  DataBlockCount                : 0
  DataBlockStartOffset          : 0
  Pad0                          : ''
  Pad1                          : [ 0 ,  0 ]
--------------------------------------------------------------------------------
IGfTriangles [ 267 / 316 ] (77356)
------------------------------.
Vertex0                       : 47604
Vertex1                       : 47844
Vertex2                       : 46404
Normal -------------------------.
  X                             : 0.474137
  Y                             : 0.880448
  Z                             : 0.002136
  Weight                        : 1.000000
HiddenEdges                   : 0
MaterialStartOffset           : 216
SMGroup                       : 0
TagID                         : 0
ExtraData ----------------------. 
  DataBlockCount                : 0
  DataBlockStartOffset          : 0
  Pad0                          : ''
  Pad1                          : [ 0 ,  0 ]
--------------------------------------------------------------------------------
IGfTriangles [ 268 / 316 ] (77448)
------------------------------.
Vertex0                       : 47604
Vertex1                       : 47844
Vertex2                       : 46404
Normal -------------------------.
  X                             : 0.474137
  Y                             : 0.880448
  Z                             : 0.002136
  Weight                        : 1.000000
HiddenEdges                   : 0
MaterialStartOffset           : 216
SMGroup                       : 0
TagID                         : 0
ExtraData ----------------------. 
  DataBlockCount                : 0
  DataBlockStartOffset          : 0
  Pad0                          : ''
  Pad1                          : [ 0 ,  0 ]
--------------------------------------------------------------------------------
IGfTriangles [ 269 / 316 ] (77540)
------------------------------.
Vertex0                       : 48084
Vertex1                       : 47364
Vertex2                       : 47844
Normal -------------------------.
  X                             : 0.730550
  Y                             : 0.682848
  Z                             : 0.003872
  Weight                        : 1.000000
HiddenEdges                   : 0
MaterialStartOffset           : 216
SMGroup                       : 0
TagID                         : 0
ExtraData ----------------------. 
  DataBlockCount                : 0
  DataBlockStartOffset          : 0
  Pad0                          : ''
  Pad1                          : [ 0 ,  0 ]
--------------------------------------------------------------------------------
IGfTriangles [ 270 / 316 ] (77632)
------------------------------.
Vertex0                       : 48084
Vertex1                       : 47364
Vertex2                       : 47844
Normal -------------------------.
  X                             : 0.730550
  Y                             : 0.682848
  Z                             : 0.003872
  Weight                        : 1.000000
HiddenEdges                   : 0
MaterialStartOffset           : 216
SMGroup                       : 0
TagID                         : 0
ExtraData ----------------------. 
  DataBlockCount                : 0
  DataBlockStartOffset          : 0
  Pad0                          : ''
  Pad1                          : [ 0 ,  0 ]
--------------------------------------------------------------------------------
IGfTriangles [ 271 / 316 ] (77724)
------------------------------.
Vertex0                       : 47124
Vertex1                       : 46884
Vertex2                       : 48324
Normal -------------------------.
  X                             : 0.920566
  Y                             : -0.390587
  Z                             : -0.000109
  Weight                        : 1.000000
HiddenEdges                   : 4
MaterialStartOffset           : 216
SMGroup                       : 0
TagID                         : 0
ExtraData ----------------------. 
  DataBlockCount                : 0
  DataBlockStartOffset          : 0
  Pad0                          : ''
  Pad1                          : [ 0 ,  0 ]
--------------------------------------------------------------------------------
IGfTriangles [ 272 / 316 ] (77816)
------------------------------.
Vertex0                       : 47124
Vertex1                       : 48324
Vertex2                       : 48564
Normal -------------------------.
  X                             : 0.920566
  Y                             : -0.390587
  Z                             : -0.000109
  Weight                        : 1.000000
HiddenEdges                   : 1
MaterialStartOffset           : 216
SMGroup                       : 0
TagID                         : 0
ExtraData ----------------------. 
  DataBlockCount                : 0
  DataBlockStartOffset          : 0
  Pad0                          : ''
  Pad1                          : [ 0 ,  0 ]
--------------------------------------------------------------------------------
IGfTriangles [ 273 / 316 ] (77908)
------------------------------.
Vertex0                       : 48324
Vertex1                       : 48804
Vertex2                       : 49044
Normal -------------------------.
  X                             : 0.642300
  Y                             : -0.766454
  Z                             : 0.000433
  Weight                        : 1.000000
HiddenEdges                   : 4
MaterialStartOffset           : 216
SMGroup                       : 0
TagID                         : 0
ExtraData ----------------------. 
  DataBlockCount                : 0
  DataBlockStartOffset          : 0
  Pad0                          : ''
  Pad1                          : [ 0 ,  0 ]
--------------------------------------------------------------------------------
IGfTriangles [ 274 / 316 ] (78000)
------------------------------.
Vertex0                       : 48324
Vertex1                       : 49044
Vertex2                       : 48564
Normal -------------------------.
  X                             : 0.642300
  Y                             : -0.766454
  Z                             : 0.000433
  Weight                        : 1.000000
HiddenEdges                   : 1
MaterialStartOffset           : 216
SMGroup                       : 0
TagID                         : 0
ExtraData ----------------------. 
  DataBlockCount                : 0
  DataBlockStartOffset          : 0
  Pad0                          : ''
  Pad1                          : [ 0 ,  0 ]
--------------------------------------------------------------------------------
IGfTriangles [ 275 / 316 ] (78092)
------------------------------.
Vertex0                       : 48804
Vertex1                       : 49284
Vertex2                       : 49524
Normal -------------------------.
  X                             : 0.414571
  Y                             : -0.910017
  Z                             : -0.000082
  Weight                        : 1.000000
HiddenEdges                   : 4
MaterialStartOffset           : 216
SMGroup                       : 0
TagID                         : 0
ExtraData ----------------------. 
  DataBlockCount                : 0
  DataBlockStartOffset          : 0
  Pad0                          : ''
  Pad1                          : [ 0 ,  0 ]
--------------------------------------------------------------------------------
IGfTriangles [ 276 / 316 ] (78184)
------------------------------.
Vertex0                       : 48804
Vertex1                       : 49524
Vertex2                       : 49044
Normal -------------------------.
  X                             : 0.414571
  Y                             : -0.910017
  Z                             : -0.000082
  Weight                        : 1.000000
HiddenEdges                   : 1
MaterialStartOffset           : 216
SMGroup                       : 0
TagID                         : 0
ExtraData ----------------------. 
  DataBlockCount                : 0
  DataBlockStartOffset          : 0
  Pad0                          : ''
  Pad1                          : [ 0 ,  0 ]
--------------------------------------------------------------------------------
IGfTriangles [ 277 / 316 ] (78276)
------------------------------.
Vertex0                       : 49284
Vertex1                       : 49764
Vertex2                       : 50004
Normal -------------------------.
  X                             : 0.308217
  Y                             : -0.951316
  Z                             : -0.000001
  Weight                        : 1.000000
HiddenEdges                   : 4
MaterialStartOffset           : 216
SMGroup                       : 0
TagID                         : 0
ExtraData ----------------------. 
  DataBlockCount                : 0
  DataBlockStartOffset          : 0
  Pad0                          : ''
  Pad1                          : [ 0 ,  0 ]
--------------------------------------------------------------------------------
IGfTriangles [ 278 / 316 ] (78368)
------------------------------.
Vertex0                       : 49284
Vertex1                       : 50004
Vertex2                       : 49524
Normal -------------------------.
  X                             : 0.308217
  Y                             : -0.951316
  Z                             : -0.000001
  Weight                        : 1.000000
HiddenEdges                   : 1
MaterialStartOffset           : 216
SMGroup                       : 0
TagID                         : 0
ExtraData ----------------------. 
  DataBlockCount                : 0
  DataBlockStartOffset          : 0
  Pad0                          : ''
  Pad1                          : [ 0 ,  0 ]
--------------------------------------------------------------------------------
IGfTriangles [ 279 / 316 ] (78460)
------------------------------.
Vertex0                       : 49764
Vertex1                       : 50244
Vertex2                       : 50484
Normal -------------------------.
  X                             : 0.254272
  Y                             : -0.967133
  Z                             : -0.000069
  Weight                        : 1.000000
HiddenEdges                   : 4
MaterialStartOffset           : 216
SMGroup                       : 0
TagID                         : 0
ExtraData ----------------------. 
  DataBlockCount                : 0
  DataBlockStartOffset          : 0
  Pad0                          : ''
  Pad1                          : [ 0 ,  0 ]
--------------------------------------------------------------------------------
IGfTriangles [ 280 / 316 ] (78552)
------------------------------.
Vertex0                       : 49764
Vertex1                       : 50484
Vertex2                       : 50004
Normal -------------------------.
  X                             : 0.254272
  Y                             : -0.967133
  Z                             : -0.000069
  Weight                        : 1.000000
HiddenEdges                   : 1
MaterialStartOffset           : 216
SMGroup                       : 0
TagID                         : 0
ExtraData ----------------------. 
  DataBlockCount                : 0
  DataBlockStartOffset          : 0
  Pad0                          : ''
  Pad1                          : [ 0 ,  0 ]
--------------------------------------------------------------------------------
IGfTriangles [ 281 / 316 ] (78644)
------------------------------.
Vertex0                       : 50724
Vertex1                       : 50964
Vertex2                       : 51204
Normal -------------------------.
  X                             : 0.000116
  Y                             : 1.000000
  Z                             : -0.000121
  Weight                        : 1.000000
HiddenEdges                   : 4
MaterialStartOffset           : 216
SMGroup                       : 0
TagID                         : 0
ExtraData ----------------------. 
  DataBlockCount                : 0
  DataBlockStartOffset          : 0
  Pad0                          : ''
  Pad1                          : [ 0 ,  0 ]
--------------------------------------------------------------------------------
IGfTriangles [ 282 / 316 ] (78736)
------------------------------.
Vertex0                       : 50724
Vertex1                       : 51204
Vertex2                       : 51444
Normal -------------------------.
  X                             : 0.000116
  Y                             : 1.000000
  Z                             : -0.000121
  Weight                        : 1.000000
HiddenEdges                   : 1
MaterialStartOffset           : 216
SMGroup                       : 0
TagID                         : 0
ExtraData ----------------------. 
  DataBlockCount                : 0
  DataBlockStartOffset          : 0
  Pad0                          : ''
  Pad1                          : [ 0 ,  0 ]
--------------------------------------------------------------------------------
IGfTriangles [ 283 / 316 ] (78828)
------------------------------.
Vertex0                       : 50244
Vertex1                       : 51684
Vertex2                       : 50484
Normal -------------------------.
  X                             : 0.229839
  Y                             : -0.973229
  Z                             : -0.000024
  Weight                        : 1.000000
HiddenEdges                   : 0
MaterialStartOffset           : 216
SMGroup                       : 0
TagID                         : 0
ExtraData ----------------------. 
  DataBlockCount                : 0
  DataBlockStartOffset          : 0
  Pad0                          : ''
  Pad1                          : [ 0 ,  0 ]
--------------------------------------------------------------------------------
IGfTriangles [ 284 / 316 ] (78920)
------------------------------.
Vertex0                       : 50244
Vertex1                       : 51684
Vertex2                       : 50484
Normal -------------------------.
  X                             : 0.229839
  Y                             : -0.973229
  Z                             : -0.000024
  Weight                        : 1.000000
HiddenEdges                   : 0
MaterialStartOffset           : 216
SMGroup                       : 0
TagID                         : 0
ExtraData ----------------------. 
  DataBlockCount                : 0
  DataBlockStartOffset          : 0
  Pad0                          : ''
  Pad1                          : [ 0 ,  0 ]
--------------------------------------------------------------------------------
IGfTriangles [ 285 / 316 ] (79012)
------------------------------.
Vertex0                       : 51924
Vertex1                       : 52164
Vertex2                       : 51684
Normal -------------------------.
  X                             : 0.282874
  Y                             : -0.959156
  Z                             : -0.001352
  Weight                        : 1.000000
HiddenEdges                   : 0
MaterialStartOffset           : 216
SMGroup                       : 0
TagID                         : 0
ExtraData ----------------------. 
  DataBlockCount                : 0
  DataBlockStartOffset          : 0
  Pad0                          : ''
  Pad1                          : [ 0 ,  0 ]
--------------------------------------------------------------------------------
IGfTriangles [ 286 / 316 ] (79104)
------------------------------.
Vertex0                       : 51924
Vertex1                       : 52164
Vertex2                       : 51684
Normal -------------------------.
  X                             : 0.282874
  Y                             : -0.959156
  Z                             : -0.001352
  Weight                        : 1.000000
HiddenEdges                   : 0
MaterialStartOffset           : 216
SMGroup                       : 0
TagID                         : 0
ExtraData ----------------------. 
  DataBlockCount                : 0
  DataBlockStartOffset          : 0
  Pad0                          : ''
  Pad1                          : [ 0 ,  0 ]
--------------------------------------------------------------------------------
IGfTriangles [ 287 / 316 ] (79196)
------------------------------.
Vertex0                       : 30564
Vertex1                       : 32244
Vertex2                       : 32004
Normal -------------------------.
  X                             : -0.305360
  Y                             : 0.952236
  Z                             : 0.001379
  Weight                        : 1.000000
HiddenEdges                   : 0
MaterialStartOffset           : 216
SMGroup                       : 0
TagID                         : 0
ExtraData ----------------------. 
  DataBlockCount                : 0
  DataBlockStartOffset          : 0
  Pad0                          : ''
  Pad1                          : [ 0 ,  0 ]
--------------------------------------------------------------------------------
IGfTriangles [ 288 / 316 ] (79288)
------------------------------.
Vertex0                       : 30564
Vertex1                       : 32244
Vertex2                       : 32004
Normal -------------------------.
  X                             : -0.305360
  Y                             : 0.952236
  Z                             : 0.001379
  Weight                        : 1.000000
HiddenEdges                   : 0
MaterialStartOffset           : 216
SMGroup                       : 0
TagID                         : 0
ExtraData ----------------------. 
  DataBlockCount                : 0
  DataBlockStartOffset          : 0
  Pad0                          : ''
  Pad1                          : [ 0 ,  0 ]
--------------------------------------------------------------------------------
IGfTriangles [ 289 / 316 ] (79380)
------------------------------.
Vertex0                       : 32244
Vertex1                       : 31044
Vertex2                       : 32484
Normal -------------------------.
  X                             : -0.446231
  Y                             : 0.894914
  Z                             : 0.002439
  Weight                        : 1.000000
HiddenEdges                   : 0
MaterialStartOffset           : 216
SMGroup                       : 0
TagID                         : 0
ExtraData ----------------------. 
  DataBlockCount                : 0
  DataBlockStartOffset          : 0
  Pad0                          : ''
  Pad1                          : [ 0 ,  0 ]
--------------------------------------------------------------------------------
IGfTriangles [ 290 / 316 ] (79472)
------------------------------.
Vertex0                       : 32244
Vertex1                       : 31044
Vertex2                       : 32484
Normal -------------------------.
  X                             : -0.446231
  Y                             : 0.894914
  Z                             : 0.002439
  Weight                        : 1.000000
HiddenEdges                   : 0
MaterialStartOffset           : 216
SMGroup                       : 0
TagID                         : 0
ExtraData ----------------------. 
  DataBlockCount                : 0
  DataBlockStartOffset          : 0
  Pad0                          : ''
  Pad1                          : [ 0 ,  0 ]
--------------------------------------------------------------------------------
IGfTriangles [ 291 / 316 ] (79564)
------------------------------.
Vertex0                       : 34644
Vertex1                       : 35364
Vertex2                       : 34884
Normal -------------------------.
  X                             : -0.648300
  Y                             : -0.761382
  Z                             : 0.002227
  Weight                        : 1.000000
HiddenEdges                   : 0
MaterialStartOffset           : 216
SMGroup                       : 0
TagID                         : 0
ExtraData ----------------------. 
  DataBlockCount                : 0
  DataBlockStartOffset          : 0
  Pad0                          : ''
  Pad1                          : [ 0 ,  0 ]
--------------------------------------------------------------------------------
IGfTriangles [ 292 / 316 ] (79656)
------------------------------.
Vertex0                       : 34644
Vertex1                       : 35364
Vertex2                       : 34884
Normal -------------------------.
  X                             : -0.648300
  Y                             : -0.761382
  Z                             : 0.002227
  Weight                        : 1.000000
HiddenEdges                   : 0
MaterialStartOffset           : 216
SMGroup                       : 0
TagID                         : 0
ExtraData ----------------------. 
  DataBlockCount                : 0
  DataBlockStartOffset          : 0
  Pad0                          : ''
  Pad1                          : [ 0 ,  0 ]
--------------------------------------------------------------------------------
IGfTriangles [ 293 / 316 ] (79748)
------------------------------.
Vertex0                       : 35364
Vertex1                       : 35844
Vertex2                       : 35604
Normal -------------------------.
  X                             : -0.326688
  Y                             : -0.945130
  Z                             : 0.001941
  Weight                        : 1.000000
HiddenEdges                   : 0
MaterialStartOffset           : 216
SMGroup                       : 0
TagID                         : 0
ExtraData ----------------------. 
  DataBlockCount                : 0
  DataBlockStartOffset          : 0
  Pad0                          : ''
  Pad1                          : [ 0 ,  0 ]
--------------------------------------------------------------------------------
IGfTriangles [ 294 / 316 ] (79840)
------------------------------.
Vertex0                       : 35364
Vertex1                       : 35844
Vertex2                       : 35604
Normal -------------------------.
  X                             : -0.326688
  Y                             : -0.945130
  Z                             : 0.001941
  Weight                        : 1.000000
HiddenEdges                   : 0
MaterialStartOffset           : 216
SMGroup                       : 0
TagID                         : 0
ExtraData ----------------------. 
  DataBlockCount                : 0
  DataBlockStartOffset          : 0
  Pad0                          : ''
  Pad1                          : [ 0 ,  0 ]
--------------------------------------------------------------------------------
IGfTriangles [ 295 / 316 ] (79932)
------------------------------.
Vertex0                       : 35844
Vertex1                       : 52404
Vertex2                       : 36324
Normal -------------------------.
  X                             : -0.151327
  Y                             : -0.988484
  Z                             : -0.000333
  Weight                        : 1.000000
HiddenEdges                   : 0
MaterialStartOffset           : 216
SMGroup                       : 0
TagID                         : 0
ExtraData ----------------------. 
  DataBlockCount                : 0
  DataBlockStartOffset          : 0
  Pad0                          : ''
  Pad1                          : [ 0 ,  0 ]
--------------------------------------------------------------------------------
IGfTriangles [ 296 / 316 ] (80024)
------------------------------.
Vertex0                       : 35844
Vertex1                       : 52404
Vertex2                       : 36324
Normal -------------------------.
  X                             : -0.151327
  Y                             : -0.988484
  Z                             : -0.000333
  Weight                        : 1.000000
HiddenEdges                   : 0
MaterialStartOffset           : 216
SMGroup                       : 0
TagID                         : 0
ExtraData ----------------------. 
  DataBlockCount                : 0
  DataBlockStartOffset          : 0
  Pad0                          : ''
  Pad1                          : [ 0 ,  0 ]
--------------------------------------------------------------------------------
IGfTriangles [ 297 / 316 ] (80116)
------------------------------.
Vertex0                       : 52404
Vertex1                       : 36564
Vertex2                       : 36324
Normal -------------------------.
  X                             : -0.050521
  Y                             : -0.998722
  Z                             : 0.001078
  Weight                        : 1.000000
HiddenEdges                   : 0
MaterialStartOffset           : 216
SMGroup                       : 0
TagID                         : 0
ExtraData ----------------------. 
  DataBlockCount                : 0
  DataBlockStartOffset          : 0
  Pad0                          : ''
  Pad1                          : [ 0 ,  0 ]
--------------------------------------------------------------------------------
IGfTriangles [ 298 / 316 ] (80208)
------------------------------.
Vertex0                       : 52404
Vertex1                       : 36564
Vertex2                       : 36324
Normal -------------------------.
  X                             : -0.050521
  Y                             : -0.998722
  Z                             : 0.001078
  Weight                        : 1.000000
HiddenEdges                   : 0
MaterialStartOffset           : 216
SMGroup                       : 0
TagID                         : 0
ExtraData ----------------------. 
  DataBlockCount                : 0
  DataBlockStartOffset          : 0
  Pad0                          : ''
  Pad1                          : [ 0 ,  0 ]
--------------------------------------------------------------------------------
IGfTriangles [ 299 / 316 ] (80300)
------------------------------.
Vertex0                       : 36564
Vertex1                       : 33684
Vertex2                       : 36804
Normal -------------------------.
  X                             : 0.031529
  Y                             : -0.999502
  Z                             : 0.001165
  Weight                        : 1.000000
HiddenEdges                   : 0
MaterialStartOffset           : 216
SMGroup                       : 0
TagID                         : 0
ExtraData ----------------------. 
  DataBlockCount                : 0
  DataBlockStartOffset          : 0
  Pad0                          : ''
  Pad1                          : [ 0 ,  0 ]
--------------------------------------------------------------------------------
IGfTriangles [ 300 / 316 ] (80392)
------------------------------.
Vertex0                       : 36564
Vertex1                       : 33684
Vertex2                       : 36804
Normal -------------------------.
  X                             : 0.031529
  Y                             : -0.999502
  Z                             : 0.001165
  Weight                        : 1.000000
HiddenEdges                   : 0
MaterialStartOffset           : 216
SMGroup                       : 0
TagID                         : 0
ExtraData ----------------------. 
  DataBlockCount                : 0
  DataBlockStartOffset          : 0
  Pad0                          : ''
  Pad1                          : [ 0 ,  0 ]
--------------------------------------------------------------------------------
IGfTriangles [ 301 / 316 ] (80484)
------------------------------.
Vertex0                       : 37044
Vertex1                       : 37524
Vertex2                       : 37284
Normal -------------------------.
  X                             : 0.570816
  Y                             : -0.821076
  Z                             : 0.001689
  Weight                        : 1.000000
HiddenEdges                   : 0
MaterialStartOffset           : 216
SMGroup                       : 0
TagID                         : 0
ExtraData ----------------------. 
  DataBlockCount                : 0
  DataBlockStartOffset          : 0
  Pad0                          : ''
  Pad1                          : [ 0 ,  0 ]
--------------------------------------------------------------------------------
IGfTriangles [ 302 / 316 ] (80576)
------------------------------.
Vertex0                       : 37044
Vertex1                       : 37524
Vertex2                       : 37284
Normal -------------------------.
  X                             : 0.570816
  Y                             : -0.821076
  Z                             : 0.001689
  Weight                        : 1.000000
HiddenEdges                   : 0
MaterialStartOffset           : 216
SMGroup                       : 0
TagID                         : 0
ExtraData ----------------------. 
  DataBlockCount                : 0
  DataBlockStartOffset          : 0
  Pad0                          : ''
  Pad1                          : [ 0 ,  0 ]
--------------------------------------------------------------------------------
IGfTriangles [ 303 / 316 ] (80668)
------------------------------.
Vertex0                       : 37284
Vertex1                       : 37524
Vertex2                       : 38244
Normal -------------------------.
  X                             : 0.615724
  Y                             : -0.787959
  Z                             : -0.002157
  Weight                        : 1.000000
HiddenEdges                   : 0
MaterialStartOffset           : 216
SMGroup                       : 0
TagID                         : 0
ExtraData ----------------------. 
  DataBlockCount                : 0
  DataBlockStartOffset          : 0
  Pad0                          : ''
  Pad1                          : [ 0 ,  0 ]
--------------------------------------------------------------------------------
IGfTriangles [ 304 / 316 ] (80760)
------------------------------.
Vertex0                       : 37284
Vertex1                       : 37524
Vertex2                       : 38244
Normal -------------------------.
  X                             : 0.615724
  Y                             : -0.787959
  Z                             : -0.002157
  Weight                        : 1.000000
HiddenEdges                   : 0
MaterialStartOffset           : 216
SMGroup                       : 0
TagID                         : 0
ExtraData ----------------------. 
  DataBlockCount                : 0
  DataBlockStartOffset          : 0
  Pad0                          : ''
  Pad1                          : [ 0 ,  0 ]
--------------------------------------------------------------------------------
IGfTriangles [ 305 / 316 ] (80852)
------------------------------.
Vertex0                       : 39684
Vertex1                       : 40404
Vertex2                       : 39924
Normal -------------------------.
  X                             : -0.764900
  Y                             : 0.644140
  Z                             : -0.003522
  Weight                        : 1.000000
HiddenEdges                   : 0
MaterialStartOffset           : 216
SMGroup                       : 0
TagID                         : 0
ExtraData ----------------------. 
  DataBlockCount                : 0
  DataBlockStartOffset          : 0
  Pad0                          : ''
  Pad1                          : [ 0 ,  0 ]
--------------------------------------------------------------------------------
IGfTriangles [ 306 / 316 ] (80944)
------------------------------.
Vertex0                       : 39684
Vertex1                       : 40404
Vertex2                       : 39924
Normal -------------------------.
  X                             : -0.764900
  Y                             : 0.644140
  Z                             : -0.003522
  Weight                        : 1.000000
HiddenEdges                   : 0
MaterialStartOffset           : 216
SMGroup                       : 0
TagID                         : 0
ExtraData ----------------------. 
  DataBlockCount                : 0
  DataBlockStartOffset          : 0
  Pad0                          : ''
  Pad1                          : [ 0 ,  0 ]
--------------------------------------------------------------------------------
IGfTriangles [ 307 / 316 ] (81036)
------------------------------.
Vertex0                       : 46164
Vertex1                       : 47604
Vertex2                       : 46404
Normal -------------------------.
  X                             : 0.431571
  Y                             : 0.902078
  Z                             : -0.001277
  Weight                        : 1.000000
HiddenEdges                   : 0
MaterialStartOffset           : 216
SMGroup                       : 0
TagID                         : 0
ExtraData ----------------------. 
  DataBlockCount                : 0
  DataBlockStartOffset          : 0
  Pad0                          : ''
  Pad1                          : [ 0 ,  0 ]
--------------------------------------------------------------------------------
IGfTriangles [ 308 / 316 ] (81128)
------------------------------.
Vertex0                       : 46164
Vertex1                       : 47604
Vertex2                       : 46404
Normal -------------------------.
  X                             : 0.431571
  Y                             : 0.902078
  Z                             : -0.001277
  Weight                        : 1.000000
HiddenEdges                   : 0
MaterialStartOffset           : 216
SMGroup                       : 0
TagID                         : 0
ExtraData ----------------------. 
  DataBlockCount                : 0
  DataBlockStartOffset          : 0
  Pad0                          : ''
  Pad1                          : [ 0 ,  0 ]
--------------------------------------------------------------------------------
IGfTriangles [ 309 / 316 ] (81220)
------------------------------.
Vertex0                       : 47604
Vertex1                       : 48084
Vertex2                       : 47844
Normal -------------------------.
  X                             : 0.626692
  Y                             : 0.779264
  Z                             : -0.002373
  Weight                        : 1.000000
HiddenEdges                   : 0
MaterialStartOffset           : 216
SMGroup                       : 0
TagID                         : 0
ExtraData ----------------------. 
  DataBlockCount                : 0
  DataBlockStartOffset          : 0
  Pad0                          : ''
  Pad1                          : [ 0 ,  0 ]
--------------------------------------------------------------------------------
IGfTriangles [ 310 / 316 ] (81312)
------------------------------.
Vertex0                       : 47604
Vertex1                       : 48084
Vertex2                       : 47844
Normal -------------------------.
  X                             : 0.626692
  Y                             : 0.779264
  Z                             : -0.002373
  Weight                        : 1.000000
HiddenEdges                   : 0
MaterialStartOffset           : 216
SMGroup                       : 0
TagID                         : 0
ExtraData ----------------------. 
  DataBlockCount                : 0
  DataBlockStartOffset          : 0
  Pad0                          : ''
  Pad1                          : [ 0 ,  0 ]
--------------------------------------------------------------------------------
IGfTriangles [ 311 / 316 ] (81404)
------------------------------.
Vertex0                       : 48084
Vertex1                       : 46644
Vertex2                       : 47364
Normal -------------------------.
  X                             : 0.836185
  Y                             : 0.548441
  Z                             : -0.002813
  Weight                        : 1.000000
HiddenEdges                   : 0
MaterialStartOffset           : 216
SMGroup                       : 0
TagID                         : 0
ExtraData ----------------------. 
  DataBlockCount                : 0
  DataBlockStartOffset          : 0
  Pad0                          : ''
  Pad1                          : [ 0 ,  0 ]
--------------------------------------------------------------------------------
IGfTriangles [ 312 / 316 ] (81496)
------------------------------.
Vertex0                       : 48084
Vertex1                       : 46644
Vertex2                       : 47364
Normal -------------------------.
  X                             : 0.836185
  Y                             : 0.548441
  Z                             : -0.002813
  Weight                        : 1.000000
HiddenEdges                   : 0
MaterialStartOffset           : 216
SMGroup                       : 0
TagID                         : 0
ExtraData ----------------------. 
  DataBlockCount                : 0
  DataBlockStartOffset          : 0
  Pad0                          : ''
  Pad1                          : [ 0 ,  0 ]
--------------------------------------------------------------------------------
IGfTriangles [ 313 / 316 ] (81588)
------------------------------.
Vertex0                       : 50244
Vertex1                       : 51924
Vertex2                       : 51684
Normal -------------------------.
  X                             : 0.231422
  Y                             : -0.972853
  Z                             : 0.000499
  Weight                        : 1.000000
HiddenEdges                   : 0
MaterialStartOffset           : 216
SMGroup                       : 0
TagID                         : 0
ExtraData ----------------------. 
  DataBlockCount                : 0
  DataBlockStartOffset          : 0
  Pad0                          : ''
  Pad1                          : [ 0 ,  0 ]
--------------------------------------------------------------------------------
IGfTriangles [ 314 / 316 ] (81680)
------------------------------.
Vertex0                       : 50244
Vertex1                       : 51924
Vertex2                       : 51684
Normal -------------------------.
  X                             : 0.231422
  Y                             : -0.972853
  Z                             : 0.000499
  Weight                        : 1.000000
HiddenEdges                   : 0
MaterialStartOffset           : 216
SMGroup                       : 0
TagID                         : 0
ExtraData ----------------------. 
  DataBlockCount                : 0
  DataBlockStartOffset          : 0
  Pad0                          : ''
  Pad1                          : [ 0 ,  0 ]
--------------------------------------------------------------------------------
IGfTriangles [ 315 / 316 ] (81772)
------------------------------.
Vertex0                       : 51924
Vertex1                       : 52644
Vertex2                       : 52164
Normal -------------------------.
  X                             : 0.293995
  Y                             : -0.955807
  Z                             : 0.000775
  Weight                        : 1.000000
HiddenEdges                   : 0
MaterialStartOffset           : 216
SMGroup                       : 0
TagID                         : 0
ExtraData ----------------------. 
  DataBlockCount                : 0
  DataBlockStartOffset          : 0
  Pad0                          : ''
  Pad1                          : [ 0 ,  0 ]
--------------------------------------------------------------------------------
IGfTriangles [ 316 / 316 ] (81864)
------------------------------.
Vertex0                       : 51924
Vertex1                       : 52644
Vertex2                       : 52164
Normal -------------------------.
  X                             : 0.293995
  Y                             : -0.955807
  Z                             : 0.000775
  Weight                        : 1.000000
HiddenEdges                   : 0
MaterialStartOffset           : 216
SMGroup                       : 0
TagID                         : 0
ExtraData ----------------------. 
  DataBlockCount                : 0
  DataBlockStartOffset          : 0
  Pad0                          : ''
  Pad1                          : [ 0 ,  0 ]
================================================================================
IGfMeshes                     : [ 1 ]
--------------------------------------------------------------------------------
IGfMeshes [ 1 / 1 ] (81956)
------------------------------.
IsSkinned                     : 1
VerticesCount                 : 212
VerticesStartOffset           : 2004
TrianglesCount                : 316
TrianglesStartOffset          : 52884
BoundingBox --------------------.
  LowerLeftPointX               : -6.454664
  LowerLeftPointY               : -0.000764
  LowerLeftPointZ               : -3.000001
  LowerLeftPointScale           : 1.000000
  UpperRightPointX              : 6.443794
  UpperRightPointY              : 5.235308
  UpperRightPointZ              : 3.000000
  UpperRightPointScale          : 1.000000
ExtraData ----------------------. 
  DataBlockCount                : 0
  DataBlockStartOffset          : 0
  Pad0                          : ''
  Pad1                          : [ 0 ,  0 ]
================================================================================
IGfMeshLODs                   : [ 1 ]
--------------------------------------------------------------------------------
IGfMeshLODs [ 1 / 1 ] (82056)
------------------------------.
VisibleDistance               : 1000.000000
MeshListStartOffset           : 81956
ExtraData ----------------------. 
  DataBlockCount                : 0
  DataBlockStartOffset          : 0
  Pad0                          : ''
  Pad1                          : [ 0 ,  0 ]
================================================================================
IGfObjects                    : [ 1 ]
--------------------------------------------------------------------------------
IGfObjects [ 1 / 1 ] (82112)
------------------------------.
Name                          : '1_1000_LEgros2'
NameUniqueID                  : 0
MeshLODCount                  : 1
MeshLODListStartOffset        : 82056
TM -----------------------------.
      1.000000   0.000000   0.000000   0.000000
      0.000000   1.000000   0.000000   0.000000
      0.000000   0.000000   1.000000   0.000000
      0.000000   0.000000   5.000000   1.000000
ParentStartOffset             : 0
ChildrenCount                 : 0
ChildStartOffset00            : 0 NULL ==> None
ChildStartOffset01            : 0 NULL ==> None
ChildStartOffset02            : 0 NULL ==> None
ChildStartOffset03            : 0 NULL ==> None
ChildStartOffset04            : 0 NULL ==> None
ChildStartOffset05            : 0 NULL ==> None
ChildStartOffset06            : 0 NULL ==> None
ChildStartOffset07            : 0 NULL ==> None
ChildStartOffset08            : 0 NULL ==> None
ChildStartOffset09            : 0 NULL ==> None
ChildStartOffset10            : 0 NULL ==> None
ChildStartOffset11            : 0 NULL ==> None
ChildStartOffset12            : 0 NULL ==> None
ChildStartOffset13            : 0 NULL ==> None
ChildStartOffset14            : 0 NULL ==> None
ChildStartOffset15            : 0 NULL ==> None
ChildStartOffset16            : 0 NULL ==> None
ChildStartOffset17            : 0 NULL ==> None
ChildStartOffset18            : 0 NULL ==> None
ChildStartOffset19            : 0 NULL ==> None
ChildStartOffset20            : 0 NULL ==> None
ChildStartOffset21            : 0 NULL ==> None
ChildStartOffset22            : 0 NULL ==> None
ChildStartOffset23            : 0 NULL ==> None
ExtraData ----------------------. 
  DataBlockCount                : 0
  DataBlockStartOffset          : 0
  Pad0                          : ''
  Pad1                          : [ 0 ,  0 ]
================================================================================
IGfBones                    : [ 2 ]
--------------------------------------------------------------------------------
IGfBone [ 1 / 2 ] (82372)
------------------------------.
Name                          : 'b0'
NameUniqueID                  : 1
TM -----------------------------.
      0.000000   0.000000   1.000000   0.000000
      0.000000   1.000000   0.000000   0.000000
     -1.000000   0.000000   0.000000   0.000000
      5.000000   0.000000   5.000000   1.000000
ParentStartOffset             : NULL
ChildrenCount                 : 1
ChildStartOffset00            : 82624
ChildStartOffset01            : 0 NULL ==> None
ChildStartOffset02            : 0 NULL ==> None
ChildStartOffset03            : 0 NULL ==> None
ChildStartOffset04            : 0 NULL ==> None
ChildStartOffset05            : 0 NULL ==> None
ChildStartOffset06            : 0 NULL ==> None
ChildStartOffset07            : 0 NULL ==> None
ChildStartOffset08            : 0 NULL ==> None
ChildStartOffset09            : 0 NULL ==> None
ChildStartOffset10            : 0 NULL ==> None
ChildStartOffset11            : 0 NULL ==> None
ChildStartOffset12            : 0 NULL ==> None
ChildStartOffset13            : 0 NULL ==> None
ChildStartOffset14            : 0 NULL ==> None
ChildStartOffset15            : 0 NULL ==> None
ChildStartOffset16            : 0 NULL ==> None
ChildStartOffset17            : 0 NULL ==> None
ChildStartOffset18            : 0 NULL ==> None
ChildStartOffset19            : 0 NULL ==> None
ChildStartOffset20            : 0 NULL ==> None
ChildStartOffset21            : 0 NULL ==> None
ChildStartOffset22            : 0 NULL ==> None
ChildStartOffset23            : 0 NULL ==> None
ExtraData ----------------------. 
  DataBlockCount                : 0
  DataBlockStartOffset          : 0
  Pad0                          : ''
  Pad1                          : [ 0 ,  0 ]
--------------------------------------------------------------------------------
IGfBone [ 2 / 2 ] (82624)
------------------------------.
Name                          : 'b1'
NameUniqueID                  : 2
TM -----------------------------.
      0.000000   0.000000  -1.000000   0.000000
     -1.000000   0.000000  -0.000000   0.000000
      0.000000   1.000000   0.000000   0.000000
     -5.000000   0.000000   5.000000   1.000000
ParentStartOffset             : 82372
ChildrenCount                 : 0
ChildStartOffset00            : 0 NULL ==> None
ChildStartOffset01            : 0 NULL ==> None
ChildStartOffset02            : 0 NULL ==> None
ChildStartOffset03            : 0 NULL ==> None
ChildStartOffset04            : 0 NULL ==> None
ChildStartOffset05            : 0 NULL ==> None
ChildStartOffset06            : 0 NULL ==> None
ChildStartOffset07            : 0 NULL ==> None
ChildStartOffset08            : 0 NULL ==> None
ChildStartOffset09            : 0 NULL ==> None
ChildStartOffset10            : 0 NULL ==> None
ChildStartOffset11            : 0 NULL ==> None
ChildStartOffset12            : 0 NULL ==> None
ChildStartOffset13            : 0 NULL ==> None
ChildStartOffset14            : 0 NULL ==> None
ChildStartOffset15            : 0 NULL ==> None
ChildStartOffset16            : 0 NULL ==> None
ChildStartOffset17            : 0 NULL ==> None
ChildStartOffset18            : 0 NULL ==> None
ChildStartOffset19            : 0 NULL ==> None
ChildStartOffset20            : 0 NULL ==> None
ChildStartOffset21            : 0 NULL ==> None
ChildStartOffset22            : 0 NULL ==> None
ChildStartOffset23            : 0 NULL ==> None
ExtraData ----------------------. 
  DataBlockCount                : 0
  DataBlockStartOffset          : 0
  Pad0                          : ''
  Pad1                          : [ 0 ,  0 ]
================================================================================
IGfGenericSceneItem           : [ 0 ]
================================================================================
IGfDataBlocks                 : [ 1 ]
--------------------------------------------------------------------------------
IGfDataBlocks [ 1 / 1 ] (82876)
------------------------------.
Name                          : 'Texture name table'
UniqueID                      : 2
DataStartOffset               : 44
DataSize                      : 0
--------------------------------------------------------------------------------
================================================================================
IGTextureNames               : [ 1 ]
--------------------------------------------------------------------------------
IGfTextureNames [ 1 / 1 ] (44)
------------------------------.
TextureNameListLength         : 42
TextureNameCount              : 2
--------------------------------------------------------------------------------
TextureNameStartOffsetList -----.
  TextureNameStartOffset[1]     : 0 (TextureName[1])
  TextureNameStartOffset[2]     : 22 (TextureName[2])
TextureNameList ----------------.
  TextureName[1]                : 'Textures\sponge1_diff'
  TextureName[2]                : 'Textures\sponge1_nm'
BRIAGE:: 'INFO':  IGS export time: 0.23
